CollateralID,CollateralTypeSubTypeID,PropertyTypeID,CollateralStatusID,Tenure_Type,Collateral_Zip_Code,PropertyUseTypeID,Region
97796116,24,2,4,3,KU8X 9EL,2,UK
56845049,44,1,1,1,FH8P 0NP,1,UK
60392499,55,3,4,2,AE4 7JT,6,UK
70348756,165,2,2,3,ID7H 6NJ,1,UK
05174737,122,3,3,3,S7P 6LJ,1,UK
90324645,125,1,1,2,SF2M 1JB,6,UK
32556393,48,3,3,2,NU1E 0NL,6,UK
19228173,116,1,2,2,YF4E 3LX,3,UK
90564773,87,1,1,2,LV3B 2LB,1,UK
75763354,80,3,2,1,UE3Y 7NJ,3,UK
14699912,44,3,4,2,OF33 2HA,1,UK
73300990,51,1,4,3,S0W 1WJ,5,UK
44590238,139,2,4,3,RD2H 2RE,4,UK
16446473,110,1,1,3,KE6E 2JJ,5,UK
02128676,132,3,2,2,SR5A 0BP,2,UK
61960307,29,1,4,1,AH3V 1PJ,3,UK
16935838,146,3,2,2,ZH4E 6AZ,3,UK
23393697,18,2,1,3,I4P 6NB,4,UK
75143091,29,2,2,3,CO93 5JY,2,UK
72593225,14,3,1,1,W9 8NN,4,UK
44032610,40,1,3,3,WA2E 0NL,2,UK
83966009,135,1,2,1,MS9R 0XJ,4,UK
57769775,97,2,1,1,RD9W 1BN,5,UK
95413529,35,2,4,3,NK1N 0GJ,1,UK
88031390,127,3,2,1,TB8P 3RA,2,UK
83740627,73,3,2,1,YG05 9YN,6,UK
31777460,145,1,1,1,SL1P 9JP,4,UK
66048834,64,3,1,1,ZU8E 9AG,5,UK
11568515,99,3,2,1,W8T 2AG,2,UK
76719602,39,1,3,1,T4P 8WJ,5,UK
01627302,37,1,1,3,R3S 8JJ,4,UK
74301687,56,2,1,3,J5 7BL,6,UK
99297687,76,3,2,2,WC9P 2GJ,5,UK
15807311,121,2,3,3,WX38 9QQ,3,UK
49137258,161,1,4,1,W2T 1ZN,1,UK
70433028,48,3,2,3,R9W 1BJ,3,UK
98376445,63,2,1,1,W0P 5ZQ,4,UK
10385346,87,3,1,2,TE6N 7NN,1,UK
96638025,45,3,3,2,Z24 7NF,5,UK
88789755,81,2,4,1,TH97 0UW,6,UK
10815001,149,3,3,1,T6 7JL,4,UK
26697620,104,3,3,3,RN9P 3JB,1,UK
85738395,124,3,2,2,L0 8JN,2,UK
35410447,143,3,1,3,W4P 4JL,3,UK
33775917,72,1,1,3,R0 7JW,4,UK
70151038,27,1,1,1,W5P 4HF,3,UK
35253183,79,3,3,2,RU95 6NJ,5,UK
57034524,162,1,1,2,WE5R 9EX,1,UK
56408711,129,2,3,3,S5E 8LN,3,UK
36729947,124,1,2,2,T9P 7BN,4,UK
13884612,149,3,4,2,WN1A 0NN,1,UK
90888379,123,3,1,3,CY5B 9JD,4,UK
39652790,161,3,2,2,LH6W 5RL,1,UK
67437642,68,2,4,2,ST6P 0LL,4,UK
27813607,148,3,4,3,PQ32 7AT,2,UK
66099784,121,1,2,3,ZN3E 3HN,1,UK
39706029,134,3,1,1,T1K 9EX,1,UK
64870399,23,1,1,3,WQ1X 0NA,1,UK
26650086,161,3,3,3,Z1W 0LY,1,UK
27178709,48,1,2,1,FO3M 4HA,5,UK
68968505,152,2,1,1,WW5B 0NL,1,UK
80428387,110,3,2,1,CH6P 1NL,4,UK
69595650,22,2,1,2,T9P 8BJ,5,UK
23258269,36,3,1,2,RN7R 6EJ,5,UK
57105627,105,2,1,1,W02 7NH,1,UK
08491503,105,2,4,3,ZV0R 6ZG,1,UK
39416854,109,1,1,3,Y0W 9NA,4,UK
54063943,87,2,1,1,WM7 5RL,1,UK
62737647,121,2,3,1,W8P 8AN,5,UK
90498361,12,3,1,1,WD0W 1WJ,1,UK
09089979,143,2,2,2,ZP5E 1XH,2,UK
54306854,79,1,1,1,RM0P 5DN,4,UK
01340804,76,2,4,2,Z9W 8FJ,6,UK
92495650,38,1,3,2,ZE8 0BF,2,UK
83555600,100,1,2,1,YG1H 1GU,3,UK
76680063,122,3,1,1,SA8 2UG,2,UK
44133727,130,3,3,3,WE3P 0LE,1,UK
22054179,136,3,2,1,HC8M 7JE,6,UK
70673611,106,1,4,3,T6K 0ZN,1,UK
24851514,36,2,4,1,Y5 1NS,4,UK
14591908,24,1,1,2,SN7R 2GL,4,UK
33465259,106,1,4,1,SH9E 9YJ,6,UK
49661651,29,2,4,2,Y5 2JN,5,UK
15366900,150,1,4,1,WS53 2SL,6,UK
62477580,92,3,1,2,ZC8P 1LA,1,UK
55934040,46,2,1,1,US8M 3TY,2,UK
06650195,98,3,1,3,S9 3LY,3,UK
52458060,107,1,3,3,BA2E 8AH,2,UK
91410440,63,3,4,1,OA6Y 2JL,6,UK
95250235,59,3,3,3,T8T 6JL,3,UK
42151733,67,1,2,2,ZR60 9BS,2,UK
43271215,140,1,2,1,WR34 5JN,6,UK
72420425,4,2,2,1,EB5H 2JL,3,UK
23317567,45,2,1,2,W3J 7AJ,2,UK
86909364,128,3,1,3,UR5W 1GL,5,UK
71278551,144,3,1,1,RS4P 8BD,5,UK
75876172,91,1,3,3,AH3 3AN,5,UK
66975006,89,3,3,2,UT7Y 9YL,2,UK
78466859,36,3,3,1,MH3 1NW,5,UK
57354273,99,3,1,1,BH58 7AL,4,UK
55963337,128,1,4,2,WQ9E 3RH,2,UK
44373722,146,1,2,3,RR1R 1AJ,1,UK
83999268,109,2,2,3,BD0H 7LH,2,UK
21764040,52,1,3,1,WW7N 0HL,3,UK
27629375,71,3,2,1,AS0P 9DX,5,UK
71043762,67,1,1,2,TS3P 6NX,3,UK
73059622,120,2,1,3,SG8P 6LB,2,UK
50313332,18,1,1,3,HC0B 8ZY,6,UK
53677049,27,3,4,2,SY0Y 0LL,2,UK
43161558,95,1,3,1,WB4R 5JN,3,UK
04485507,8,2,1,1,RF4N 4JN,1,UK
17297851,106,3,2,3,YM62 7QX,5,UK
70032263,141,3,2,1,TM8H 7BJ,4,UK
26801106,35,3,4,2,WE1H 4LX,2,UK
70354699,105,1,2,3,LG0H 4NE,3,UK
17579091,7,2,2,3,ZE7P 1TX,6,UK
63067406,13,1,3,1,AG24 6JS,6,UK
31365883,93,3,3,2,ZV8A 2AG,5,UK
21126080,11,3,1,3,Z28 5LJ,6,UK
69336218,26,2,4,1,TC5E 5BU,2,UK
99725933,71,2,3,2,E3J 6YG,1,UK
80046985,110,3,1,2,Z18 4LB,3,UK
33500514,100,2,1,2,YF92 2AX,6,UK
45641656,99,3,1,2,Z0S 1LB,1,UK
53062853,139,1,1,3,TF00 3NL,4,UK
27858938,133,3,4,2,TK40 4WB,1,UK
31227079,24,1,3,2,W3J 4PL,4,UK
02857312,89,2,1,3,RP9N 8JZ,2,UK
39001913,91,1,3,2,WG01 6JE,4,UK
33585374,120,3,1,3,ZV7P 3ZZ,2,UK
68303896,11,2,4,1,SV2A 4JL,1,UK
11648468,133,1,1,2,WO7E 2BZ,5,UK
26321987,134,2,2,1,SE4 5AL,3,UK
60820165,60,2,4,3,BT7 7JB,2,UK
76719772,153,2,3,2,Y4T 4HL,1,UK
23801201,19,3,4,1,ZY8W 1JN,4,UK
23491392,16,3,2,1,Z8J 3DB,1,UK
82081630,36,2,2,2,OD9 5JB,6,UK
30424683,32,2,2,2,WY7E 3NN,1,UK
14261048,138,1,1,1,JL2R 0WW,6,UK
66065017,29,2,4,2,ZB7H 9JH,6,UK
41502529,119,1,2,3,BN49 4BJ,4,UK
85737270,135,2,2,2,WH9 6ZH,5,UK
91594877,45,2,1,3,ZE7R 6AN,1,UK
78548647,137,1,3,2,YG45 0LF,3,UK
43631378,81,2,1,1,RC1E 4HB,4,UK
12157012,109,3,1,3,ZE4H 4EP,6,UK
77067331,139,2,1,2,WX3R 5NL,1,UK
58667496,66,3,4,1,T74 9JL,4,UK
54886244,40,1,2,1,W8S 5AP,3,UK
39390576,53,2,2,3,YD9R 4DW,1,UK
92531053,116,1,4,3,SE7R 0LU,6,UK
35418795,89,2,4,2,Z3K 6WN,1,UK
23282913,99,1,1,2,J8J 8XX,5,UK
65844330,65,3,1,2,E2P 4DD,1,UK
42134965,79,3,1,1,UB2P 1FY,4,UK
44691597,24,3,4,1,W16 3WB,6,UK
13147731,69,2,2,2,MK6 8UL,1,UK
79497105,24,2,3,3,UY5M 8LL,1,UK
75911770,155,1,3,3,R5 8LB,3,UK
57748004,111,1,2,2,WS5E 4BB,3,UK
86121688,115,3,4,1,WS1P 6QQ,5,UK
16268038,21,2,3,3,WE4H 3WD,1,UK
17237993,95,2,1,3,KG3P 8JB,3,UK
55341203,19,2,2,3,Z4W 1YP,1,UK
49165436,161,1,1,2,D0T 3JL,1,UK
35107246,62,3,2,1,WB5N 1YJ,6,UK
70007061,57,3,2,3,RF00 0LJ,5,UK
47322729,53,2,4,3,Y44 2LA,1,UK
53693992,52,2,4,2,B3P 5JB,6,UK
42125482,138,3,2,3,W0P 0UJ,2,UK
13692177,41,1,4,1,W75 9XW,6,UK
15466513,13,1,2,3,WA6M 3EW,6,UK
79819728,121,1,4,3,TX8B 1DJ,1,UK
27994326,59,3,4,3,ZX9B 4RJ,2,UK
08174679,55,3,4,3,YC0P 2JJ,3,UK
56457918,40,3,1,1,KV1H 2YJ,5,UK
32891856,49,3,1,3,MA4R 5PN,2,UK
49297075,101,1,1,2,L38 6XB,3,UK
10196584,4,3,3,3,MA6N 1LU,4,UK
27802351,25,3,4,1,UF0X 1QJ,1,UK
44539313,79,3,3,1,Z5H 5LJ,5,UK
34456046,26,1,4,1,WC9Y 6WJ,1,UK
82993193,66,3,1,3,LR9 1YL,4,UK
79157066,96,1,2,3,WF98 6LJ,4,UK
77816282,116,3,2,1,AC8M 5QN,4,UK
29827151,144,1,4,2,WO5E 3DJ,6,UK
56420237,82,3,4,3,UD4V 8ZT,5,UK
93033509,153,1,4,2,WP68 4NA,6,UK
77822592,134,3,3,2,Y1W 6QE,3,UK
00686641,138,3,2,1,WP7V 5WN,3,UK
09392109,81,3,2,3,YW78 0WJ,3,UK
39074021,154,3,4,1,MB27 8BQ,5,UK
29595112,44,2,1,1,RH0R 5JG,3,UK
79435013,75,1,2,3,WU8B 5LL,6,UK
94103895,147,1,2,3,Z6 4WZ,2,UK
48904418,51,1,4,1,YE6E 4FW,2,UK
75230815,87,1,3,2,R90 2XF,2,UK
57292557,72,3,2,3,YE8E 7JL,1,UK
85044582,133,3,4,2,I5P 8NB,5,UK
01073642,111,2,1,3,WS7P 4UL,4,UK
98875221,132,3,3,3,WP25 8BL,1,UK
13042466,83,3,3,2,PU7P 6JB,3,UK
25966198,50,1,4,2,UQ3N 6UN,2,UK
42446605,110,2,2,3,W9K 5NE,5,UK
33156029,139,3,1,2,YW6X 5JX,4,UK
58206618,98,2,4,1,PF4H 2NJ,1,UK
19515626,88,2,3,1,WO0A 3AN,3,UK
14544711,59,3,3,1,RE2R 6XE,3,UK
08281586,78,2,4,2,WE9P 2JJ,2,UK
39264053,16,3,2,1,TH7R 1BZ,6,UK
98964276,50,3,1,3,J3 1BJ,6,UK
70642325,49,2,4,2,MV3A 8LB,1,UK
62812914,59,3,4,3,PW7H 7UZ,2,UK
08069501,6,2,3,2,TF6W 6XL,1,UK
77670360,154,1,1,1,W0W 7LG,3,UK
57243221,103,3,2,2,UC2 1QL,6,UK
28934796,43,1,4,2,Z21 4AL,3,UK
54702192,80,3,2,2,SE19 2NL,5,UK
74035964,95,2,3,1,PB6 1NP,6,UK
20091488,132,1,2,3,OH5R 4NT,3,UK
77415255,88,3,2,2,Z8C 5PA,5,UK
68376998,17,3,2,3,RE1E 9AY,1,UK
14970403,89,2,1,2,ZB1R 8QE,4,UK
99949512,53,3,2,3,ZE1H 0JJ,3,UK
76791768,65,3,2,1,Z34 5JB,4,UK
23959490,96,3,2,3,W1K 5SA,4,UK
94098780,74,2,2,3,Z3J 3WT,3,UK
39168176,69,1,1,2,Y4 5LN,1,UK
35061270,22,1,2,1,TK6R 8JG,2,UK
66274241,128,1,3,1,Y6 6HA,6,UK
33140378,98,3,1,2,EC4E 3NJ,3,UK
65106468,133,3,3,2,SU92 7YN,3,UK
49755073,144,2,1,2,ZW2Y 0ZF,6,UK
19836427,35,2,3,3,Y4H 2UN,4,UK
87035006,82,3,4,1,WD85 1NJ,5,UK
56260650,136,1,4,2,WO7V 0RF,4,UK
89281260,11,1,4,1,CV3B 6YE,4,UK
37650501,94,1,4,3,LC9P 6LJ,1,UK
47455766,6,3,2,2,ZS2A 3GB,4,UK
30469404,70,3,1,3,U2F 9JA,4,UK
87443494,150,1,3,1,YU5R 2XB,1,UK
79907856,142,1,3,3,M9J 5DH,3,UK
84451153,70,3,4,1,W3T 1JG,6,UK
24046807,137,3,1,1,ZM8R 8JE,2,UK
44769511,20,1,3,2,WD4H 2NL,2,UK
45875471,88,3,1,3,WB3W 5DB,1,UK
74856528,162,1,2,3,WD22 5ZN,1,UK
93792190,94,2,3,1,W3W 9GS,6,UK
41520632,103,1,2,2,JD8R 8AZ,3,UK
82939330,151,3,3,1,FY5P 7NY,6,UK
11949582,65,3,2,2,Z9U 0PA,4,UK
13891454,75,3,3,2,W3A 6JJ,4,UK
83150414,14,2,3,2,WK94 2AB,1,UK
03576822,134,2,3,1,SM8E 0JP,2,UK
59071845,7,1,4,2,YE7M 6RS,5,UK
01210772,158,2,3,2,SG5P 3JZ,6,UK
09349820,133,1,4,1,WB6P 9LJ,5,UK
26318634,145,3,2,3,ZW5E 6EJ,4,UK
42820556,103,2,2,3,YE7R 0BJ,3,UK
16970126,87,1,1,2,WT6E 8FN,2,UK
05784672,4,2,2,2,BB2V 2AN,1,UK
08144993,92,2,2,1,WG91 8JA,1,UK
48181578,150,1,3,3,WS4R 3WA,6,UK
85460937,34,1,3,3,DE5R 4PZ,5,UK
92145723,85,2,1,3,E3 8JJ,5,UK
21953080,63,1,4,3,SE2P 3RE,2,UK
08243793,57,2,3,2,W7A 3AZ,1,UK
13628998,10,3,1,1,SE1X 6WL,3,UK
47184808,7,1,2,2,HM5A 4NQ,2,UK
73588073,73,3,1,3,TG2E 3GN,1,UK
18898707,100,3,1,1,W0S 9HJ,4,UK
60999407,65,3,4,1,RD7H 2FR,2,UK
12597264,60,1,4,2,H9W 9AX,2,UK
46686653,85,1,3,3,ZL4M 9BJ,5,UK
25529844,110,2,1,1,YG7H 9GN,3,UK
35894875,124,2,3,2,ZD7W 2BB,5,UK
10240114,5,1,1,3,ZS2N 8XU,2,UK
84763121,44,1,1,1,T8P 8BA,2,UK
06433105,114,1,2,3,TS0B 4WS,1,UK
37225579,64,3,1,2,S7D 9LB,2,UK
90908468,40,1,3,1,BE5W 9WL,2,UK
23658937,116,1,2,2,WV9R 7SA,1,UK
75652815,107,1,3,1,ZA2E 0XB,1,UK
62074756,73,3,2,2,YH3 5AH,3,UK
09423423,18,3,1,1,R9E 0ZN,2,UK
52888594,39,3,4,1,P6W 1AJ,4,UK
27275890,113,2,2,2,F8 6ZL,2,UK
88121677,52,2,3,2,SB9W 9NL,2,UK
08429956,41,1,2,2,E6P 3HL,5,UK
36633477,108,1,2,1,WG7N 1LB,2,UK
67779459,20,3,1,1,W7K 8JU,6,UK
23990028,154,3,2,1,OB5Y 2AP,4,UK
01297693,116,2,1,3,Z0W 8PG,2,UK
37592848,98,2,3,3,A27 8NZ,1,UK
55501333,42,2,3,3,Y5T 0DY,3,UK
49597978,37,1,4,1,G58 3XN,5,UK
30585413,119,3,3,3,SU0E 4JP,2,UK
86714466,79,2,1,1,RC6N 7NL,1,UK
46770937,8,1,2,1,Z4W 9LL,2,UK
06637320,76,1,4,3,HT8 3EZ,2,UK
29957095,122,1,3,1,P1U 1SY,1,UK
62143743,84,2,4,1,U9K 4XJ,4,UK
23494799,130,2,1,2,J3W 2JN,4,UK
27664118,95,2,2,1,L6H 5FJ,6,UK
29135936,13,3,3,2,WQ3P 7HG,4,UK
48854293,153,2,1,3,EQ3V 0BA,1,UK
01358894,151,3,4,1,ZA46 6AN,5,UK
64075505,82,3,3,3,YS14 0JL,3,UK
16293079,22,3,1,1,UT6B 2NL,3,UK
70389278,114,3,3,2,WG67 3EW,1,UK
91513221,84,1,4,2,W7A 8ZH,5,UK
99373484,8,1,1,2,J6P 5NL,2,UK
45772914,35,3,4,1,ZD6Y 9LF,5,UK
59932356,132,3,1,1,YO6W 6QB,5,UK
93828500,113,2,1,2,S4W 2BQ,6,UK
17824124,122,2,2,3,I4W 3LL,4,UK
20902026,146,2,4,1,K7U 5SA,2,UK
78053641,119,2,3,3,TK9 1WN,6,UK
16810650,132,1,3,1,WB5M 2RN,3,UK
66807644,44,2,1,3,WO8N 8JB,6,UK
34223280,97,3,4,3,AC0P 7DZ,6,UK
00280694,110,2,3,1,AA2P 8BN,3,UK
05645761,159,3,4,1,WQ6P 1DN,6,UK
36571256,153,2,1,2,ZB7 5GZ,1,UK
61154766,57,3,4,2,B9T 5FQ,4,UK
30448592,15,1,3,3,ZQ0 3LN,4,UK
89060687,124,3,4,3,YQ0H 0HJ,6,UK
15046845,90,1,2,1,P3U 0TB,3,UK
81517919,54,1,4,3,BH1A 2BJ,5,UK
10445081,88,1,4,3,ZL2R 2XY,3,UK
09862248,56,2,1,3,WB4H 8ZJ,5,UK
55097008,140,3,4,1,SN8B 8DL,1,UK
52288512,114,2,3,1,U4P 1RP,6,UK
48955416,22,3,4,1,W07 4WL,3,UK
59113414,149,3,3,3,A2P 6LB,6,UK
21237712,63,3,2,1,LN2E 0XZ,2,UK
86145432,57,3,2,3,MH5A 7BN,5,UK
18573232,113,2,1,1,ZD1A 3HA,1,UK
01602577,93,2,1,1,Y1 9UH,5,UK
51695761,35,2,4,3,D6K 5BL,4,UK
94194244,47,2,2,1,UC6 3DN,2,UK
15496546,7,2,2,2,U28 0NN,6,UK
08350611,24,2,1,1,W2W 7FJ,1,UK
85716222,103,1,3,2,UN1P 2SP,3,UK
22512260,121,3,2,1,Y0 7JW,4,UK
33305554,71,2,3,1,GE7P 4EL,6,UK
74375464,118,2,4,1,WT0R 7WA,2,UK
66224812,64,2,4,2,WG8M 1JP,1,UK
54099941,40,2,1,3,WG0A 2JN,3,UK
57779139,134,1,2,2,YX9 0LA,5,UK
81950517,47,3,3,2,WX8P 8NA,5,UK
24796829,82,3,1,1,U9U 3EJ,5,UK
87459632,101,3,2,3,U5B 7BS,2,UK
89124030,18,2,2,3,UG5R 9ZW,1,UK
48456932,14,1,2,3,B31 4BA,3,UK
45531138,87,2,3,3,YQ4E 5GL,1,UK
13421727,21,1,1,2,YR9 6AS,4,UK
94421882,6,1,3,3,WG4R 6NL,2,UK
98808248,58,3,2,3,Z2U 3YN,1,UK
94935046,33,1,1,2,YS7N 8AL,4,UK
46915109,44,1,3,3,YB8P 3RL,1,UK
29205084,156,3,4,2,S5 9LR,4,UK
03657190,155,3,2,3,WC5Y 9GA,4,UK
86039814,150,3,4,2,ZX7N 5QW,3,UK
36563311,92,1,2,1,FH8B 5JA,6,UK
19843140,80,3,3,2,T8W 3FH,2,UK
32930034,150,3,3,1,EO4E 9PE,2,UK
81588401,62,3,2,1,WG8E 0NJ,5,UK
37507146,62,1,3,1,ML1R 8JJ,1,UK
41396473,138,3,4,1,ZN64 3ED,1,UK
88515685,115,3,3,1,WY8H 8XJ,4,UK
06673274,115,1,3,2,WA2M 8BB,3,UK
41667003,104,3,3,2,WL2A 8FD,4,UK
02844636,36,2,1,3,EL9M 8SN,5,UK
34352038,76,3,2,2,GB60 7ZY,6,UK
62485743,18,2,3,1,Y5 6JJ,3,UK
57314990,95,1,2,1,DE7H 7EA,6,UK
88088133,86,1,1,2,EG14 6RA,6,UK
16829659,24,2,3,1,L5T 1LP,3,UK
42004252,41,3,1,1,W9H 7HJ,1,UK
10372908,126,3,4,3,WD8H 8NE,6,UK
65963327,146,3,1,3,YT5A 8EB,4,UK
91311519,47,1,2,1,U1P 6QL,1,UK
62649352,38,2,3,3,WX6 8EQ,5,UK
80215742,24,1,1,3,EB6P 2AE,3,UK
93023079,69,1,1,1,P4W 0JG,6,UK
04964077,103,2,4,1,W95 7GN,6,UK
77777143,113,2,3,2,YS8N 1JY,6,UK
54084704,146,1,2,1,SE5 6WJ,3,UK
65475199,123,1,2,2,UB8P 1LN,4,UK
57201860,31,1,4,2,YL6A 6WJ,6,UK
74833153,93,1,4,2,WC1H 0BL,2,UK
13163859,45,2,3,2,SE6M 6NJ,1,UK
45540260,139,3,1,2,YM1N 6WJ,1,UK
63507639,73,1,4,1,YD3E 8NJ,1,UK
55416392,162,2,2,3,W9T 3LN,5,UK
52452778,154,1,1,3,WH0R 7NA,2,UK
32449834,21,3,1,1,WT0E 2WR,2,UK
27516446,90,1,3,3,G6T 7LY,1,UK
21408820,81,1,2,1,LO9 3JL,1,UK
81137616,77,3,4,3,ZH5N 9BA,3,UK
07257477,102,3,4,3,WG9R 2LT,3,UK
82967190,152,1,4,1,ZV7Y 1JL,5,UK
09067952,10,1,4,1,T5C 7FB,6,UK
07154866,98,1,2,3,WA1P 5PR,5,UK
04300425,41,1,2,2,JN1 3JS,3,UK
05799656,88,2,3,2,W8K 4LD,2,UK
08972196,23,2,4,1,UD2 8NN,1,UK
59286074,106,3,3,1,WU7P 0WR,4,UK
36461712,46,1,2,1,WH1P 8WP,1,UK
26018365,50,3,1,2,ZH25 8JW,2,UK
39481521,116,1,2,1,Z2J 6JE,6,UK
40383967,85,2,1,1,AG7N 0ND,4,UK
86339858,134,2,1,1,S1J 8FN,1,UK
04991504,11,1,3,1,F2 1BG,3,UK
20330733,76,3,4,3,RQ9 8LP,6,UK
37241800,143,1,1,1,UW0A 2DN,6,UK
81258250,46,1,2,1,KG9H 9BU,2,UK
64896103,138,1,3,3,Y2C 8NB,5,UK
68401255,84,2,1,3,T7F 0FJ,2,UK
94193301,22,3,4,1,U4W 8WJ,3,UK
25349289,72,3,3,2,W26 0AL,6,UK
83343594,123,3,4,1,Z8P 1ZN,1,UK
56308395,20,1,4,1,HG7P 7JL,6,UK
62865707,79,2,2,3,T2 2NF,2,UK
93463069,105,2,3,1,Z9W 3UL,2,UK
58832044,30,1,2,3,TH46 9JU,1,UK
68270381,5,2,1,1,Y3P 7XX,1,UK
04171517,97,3,3,3,TR2H 5XL,6,UK
38114549,56,3,3,2,DC1E 6LZ,2,UK
99977821,63,3,4,2,E4P 1WY,6,UK
83395147,149,2,3,2,WQ1X 3LY,4,UK
06913028,78,2,4,2,T8 7LJ,3,UK
12807498,22,1,2,2,C0 6JL,5,UK
28058188,33,1,4,3,W3P 8TD,6,UK
90700380,153,1,2,3,ZC7E 1NJ,1,UK
17455587,58,2,4,2,Y4S 4TJ,1,UK
61992717,119,2,3,2,UQ0Y 9NN,4,UK
78695565,92,3,1,2,WH8R 1NL,4,UK
26000075,39,3,3,1,OY5A 8SB,5,UK
40240860,101,2,4,2,Z7W 2JQ,5,UK
35559370,56,3,2,3,ZU21 7ZA,4,UK
87100286,30,2,1,3,RO2 4YJ,3,UK
66211925,92,1,4,1,ZG1 9EJ,3,UK
48444756,49,1,4,2,YX85 3NA,1,UK
35290908,134,1,4,2,WX69 5NN,1,UK
74434144,98,2,1,1,FV9R 9US,1,UK
06844225,13,1,1,3,ZS7W 0LA,3,UK
38541312,59,2,4,2,YE9R 7EJ,6,UK
44757092,86,1,2,1,RH4M 0NJ,4,UK
65239254,83,2,3,1,KF5B 1JE,1,UK
93444473,59,1,3,1,WA5 5LD,6,UK
22872480,126,1,4,2,SR7E 4LY,3,UK
08743937,8,1,4,3,TB5Y 9NA,4,UK
34106573,3,1,4,2,ZW4H 4QQ,2,UK
92495206,38,3,3,2,R7 1AG,5,UK
07899277,81,3,4,2,W1J 2BB,5,UK
24832806,125,1,1,3,ZX3R 8DG,2,UK
16692176,15,1,1,1,Z8P 9LR,4,UK
55802267,108,1,2,3,T19 5BN,4,UK
88844926,120,3,2,2,ST9B 3QN,1,UK
69904217,42,1,1,2,WP59 7LX,4,UK
48015741,49,3,3,3,IE95 0WF,3,UK
05284978,156,1,4,3,SR3R 7LA,3,UK
79697992,53,1,3,2,J2S 4WJ,5,UK
90182019,73,3,2,3,WB4E 3LL,6,UK
95766043,76,1,4,1,YB9B 9NZ,4,UK
21748860,102,1,1,3,Y2W 1FY,2,UK
97324721,19,2,3,1,YP4B 7RF,2,UK
55183229,80,2,3,3,R7 9HL,4,UK
04496583,75,2,2,1,W1 3TE,2,UK
60541620,61,3,3,3,Z46 2ZL,6,UK
13858914,108,2,4,2,WP1B 8JF,1,UK
03376717,116,1,2,3,S0K 7FW,3,UK
67437212,98,3,3,3,WU6 4BT,6,UK
75631055,41,3,2,1,YV4R 4JL,5,UK
04339034,159,2,3,2,W7P 4LL,1,UK
37620014,44,1,3,1,W3P 9LY,1,UK
09498686,61,2,2,1,RD3B 8LB,1,UK
68501228,24,2,2,3,B4 6WL,5,UK
69751363,25,3,1,3,S2J 0FJ,4,UK
36112497,85,2,1,2,R8S 4JN,5,UK
15141242,114,1,1,2,WE1X 1LJ,5,UK
64066741,33,3,2,3,ZG3 8JS,1,UK
66145211,14,1,3,3,S1W 8NU,4,UK
73618208,147,1,2,3,ZS1A 6AL,1,UK
49928355,115,1,1,1,ZX5E 2YD,1,UK
72922449,14,2,1,2,YB1R 0YA,1,UK
16613079,157,2,1,1,WC1P 5HJ,4,UK
68372428,43,1,2,2,TW5N 4QG,6,UK
16323285,158,2,1,1,Z0W 2LX,1,UK
22884497,127,2,4,2,WG0M 0QU,4,UK
48461285,38,2,3,1,Y00 5NX,5,UK
02498141,125,2,3,2,YB9H 6LU,2,UK
30898102,107,2,3,3,TY26 9SL,2,UK
89976233,114,3,2,2,WN5W 7LN,3,UK
38486295,20,2,4,1,O7U 1FE,2,UK
84869037,132,2,3,3,BO3E 5JN,4,UK
39993376,93,3,2,3,Y5S 0TZ,3,UK
92366054,79,2,4,2,S3W 8LF,4,UK
11965134,46,3,4,2,W8W 4HN,3,UK
30223712,52,3,4,3,UR8E 6YG,2,UK
85058525,22,3,2,3,R1P 7PQ,4,UK
62432725,120,3,2,2,Z5T 6EJ,3,UK
92876844,44,1,3,2,MM2E 0LL,1,UK
49471772,95,3,1,3,WX5E 9NJ,6,UK
06885125,10,3,1,3,YE9 0LN,2,UK
66617037,164,3,3,2,CF6H 2LJ,4,UK
72480019,35,2,4,3,WW3E 7SL,4,UK
70370147,33,2,3,2,WX5H 6JJ,5,UK
80015297,36,3,1,3,ZR6P 4HJ,6,UK
22470793,147,1,3,1,T4K 8NE,1,UK
35170013,147,2,4,3,YE4N 6JE,3,UK
17670052,140,3,2,3,SP3R 5QJ,2,UK
59052727,157,2,1,3,SC9 7NX,2,UK
79006385,112,1,1,1,RM4B 0JX,4,UK
62422898,118,3,2,2,WT86 2LF,2,UK
55808500,162,2,1,1,WH8W 7RJ,5,UK
97029178,42,3,1,1,WV2 0JY,5,UK
96412968,101,1,3,1,ZR5P 7WX,6,UK
62049349,128,1,1,2,YB5E 4NP,3,UK
99135861,52,2,3,2,WU88 3RH,4,UK
19475361,33,3,4,1,TO9R 0LW,6,UK
86301505,20,1,1,3,YE6Y 0NE,3,UK
95712060,61,3,1,3,PB69 1UG,5,UK
34876606,107,1,1,3,WX1B 5AX,5,UK
83212956,24,3,2,2,WP44 7WB,4,UK
49263001,96,2,2,1,YH8P 6PU,4,UK
27082101,2,3,3,3,W1C 4BL,6,UK
13232850,87,3,1,1,YE0P 1BY,3,UK
18283182,127,1,1,2,WP2P 0LJ,2,UK
24580978,150,2,1,2,Z6J 2NY,6,UK
85416173,121,1,4,1,Z5W 1NN,1,UK
17831806,95,2,1,1,WL9B 6NQ,4,UK
57193550,23,2,1,2,YV1B 1UL,3,UK
24129759,101,3,3,3,H9C 2TD,4,UK
41862538,14,2,2,3,WF6M 8PD,4,UK
74996714,12,1,4,3,CF32 0HL,3,UK
80350016,141,3,4,1,WD6E 8EB,2,UK
35152343,10,1,4,3,YG4V 9LB,1,UK
97507078,149,1,3,2,RY6M 3LU,1,UK
80304495,34,1,2,3,WE8E 8QJ,6,UK
12791419,157,3,4,2,Y8F 9JW,2,UK
90329752,54,2,2,1,SH5 7YG,3,UK
98524583,13,1,4,2,H8P 0RA,4,UK
49845448,148,3,2,1,YO5H 8WB,4,UK
56048298,112,3,3,3,Z72 4DA,5,UK
32443271,138,3,2,2,Y25 2AY,5,UK
16953811,67,1,4,1,WE2P 9JU,2,UK
66594454,160,3,1,2,YH2N 6NJ,4,UK
28443666,150,3,3,3,WE4 1GS,1,UK
50839571,64,1,4,3,U4E 0JN,3,UK
69845217,13,3,1,2,W6K 1BN,3,UK
99880024,127,3,3,3,TQ3P 3LL,6,UK
93844158,116,2,1,2,WN8W 8GN,2,UK
91709101,105,1,2,3,U0K 5XR,3,UK
71233807,141,1,3,3,N4W 9ZB,5,UK
11668318,161,1,1,2,U1U 8NN,2,UK
98977332,113,1,4,1,WX8P 2ZQ,4,UK
75960166,88,2,4,1,G2W 5QN,4,UK
54610591,152,1,2,2,W2 2JL,5,UK
33552485,41,1,2,3,S28 9JG,1,UK
36374483,109,2,2,3,SQ4P 7AA,1,UK
53377981,72,3,1,3,YU8R 3JJ,5,UK
87359718,163,3,2,3,ZF1 3DN,4,UK
63765198,71,3,2,3,Y2K 2RJ,1,UK
60335256,141,1,2,3,W3 0SQ,3,UK
66837398,149,2,2,1,SU9H 0SJ,5,UK
54880516,115,1,1,2,OE1B 6YL,4,UK
06528179,161,3,2,2,YE4 0NL,4,UK
26864776,147,1,3,1,WO5P 7NX,6,UK
40530227,42,3,1,3,WG48 2NY,6,UK
71130811,1,2,2,3,Y9T 4WN,1,UK
61207983,52,3,1,2,ZP5W 3LF,5,UK
25398754,111,2,3,1,WE3 1RN,3,UK
50971855,128,3,4,1,YK7R 6RJ,5,UK
07962421,24,2,1,3,Z8W 0JJ,5,UK
77948841,50,3,1,2,TU6A 8LU,3,UK
52337386,159,2,2,1,ZH8R 2ZJ,5,UK
69675634,30,1,3,3,WF5H 2UA,1,UK
31382938,164,3,2,2,J3 8NW,1,UK
04112187,101,1,3,3,Y7 8PP,3,UK
50620425,123,1,3,1,UC72 2LJ,5,UK
14162296,104,3,3,3,Y4E 0BB,4,UK
58745906,2,2,4,2,WB3V 4ZJ,5,UK
49447868,114,3,1,3,R93 0NN,6,UK
79398420,42,3,3,3,L9J 9SA,5,UK
04961039,77,1,4,3,SF2X 7ND,1,UK
65908006,103,1,4,3,WS2P 2ND,2,UK
71377444,9,2,3,1,IM8N 0JX,2,UK
62517277,14,1,3,2,S3P 5YL,6,UK
72897539,128,1,3,1,M8T 3AU,3,UK
35070489,159,2,4,1,ZU5B 4DA,2,UK
80359685,11,1,1,3,UP58 5LA,6,UK
10342171,7,3,2,1,TF6B 8LF,4,UK
42797011,135,3,4,1,Y0P 1RY,2,UK
04846271,45,2,2,2,WW4E 9JZ,2,UK
20158609,102,3,1,1,WA92 2TE,5,UK
91302055,79,3,4,1,ZU6E 4HA,4,UK
08166401,151,2,1,3,YQ9Y 0GD,4,UK
97150665,52,3,1,3,Y0 6JN,5,UK
04201558,126,3,1,2,WH4 4ST,3,UK
67897903,27,2,1,1,TH1X 1JD,5,UK
37766232,2,1,4,1,SS6P 3LZ,6,UK
07631424,141,1,1,2,B68 3AL,6,UK
78211212,135,1,1,1,YL3E 8QZ,5,UK
10932326,91,2,2,3,WO6B 6NH,6,UK
51206406,80,3,3,2,HG2E 9XL,4,UK
74354957,132,2,1,2,U23 5AY,4,UK
92423082,164,3,1,2,YB3R 4BA,5,UK
16461763,141,2,2,2,OF09 0LX,2,UK
18699720,71,3,1,3,M4 9AJ,5,UK
01625353,21,1,4,1,WF40 4UZ,5,UK
07721435,33,3,1,3,ZG36 7LB,1,UK
57552641,80,1,4,2,WY2E 3HJ,5,UK
84090800,46,3,4,3,WB22 2DJ,4,UK
21199658,92,1,4,1,TM3M 9GB,5,UK
16724201,150,3,4,1,YP7H 7PE,5,UK
58241589,19,2,2,3,WE6Y 9AP,3,UK
53997432,53,2,1,3,U3S 9NJ,4,UK
47807191,83,2,1,1,K4K 1NA,4,UK
00335597,138,3,1,3,W61 2JL,6,UK
45338009,73,2,4,2,SN1X 9NN,2,UK
34983818,58,3,1,3,WR8N 1LB,2,UK
61348311,42,3,1,2,GP5M 4FJ,3,UK
70876080,110,1,3,3,WC0P 5UL,5,UK
99695060,71,1,1,3,YW5A 7NA,3,UK
93937817,103,3,1,1,YQ0N 4JE,6,UK
78541074,113,2,3,3,KQ8B 5TJ,1,UK
72892995,142,3,2,3,U8 2UL,1,UK
67040407,60,3,3,1,R8W 2EG,2,UK
36085668,31,1,3,1,WA3E 0XU,3,UK
83992991,20,3,4,1,YP8H 7WN,1,UK
91086976,31,1,1,2,W90 9NH,1,UK
61729899,13,3,1,1,YW8A 3XT,5,UK
80987912,73,1,2,1,ZG8 8LL,5,UK
43986527,15,3,4,2,U3P 1JJ,2,UK
34001308,83,2,4,3,UV7A 7SJ,5,UK
26031501,111,2,2,2,SQ0P 4WY,5,UK
55169582,54,2,3,3,Y3P 9LL,1,UK
57898961,54,1,3,2,F4W 9AN,6,UK
20835408,149,2,1,2,ZO6 7NH,4,UK
17490213,7,2,2,2,ZD4A 5AJ,3,UK
87413144,151,2,1,2,W6 6QB,6,UK
27390944,128,1,2,1,W3P 0SZ,3,UK
98679109,106,1,3,1,MT5 7UJ,5,UK
28597433,4,3,3,2,B4K 7BJ,5,UK
26367789,5,2,2,3,U80 8NF,6,UK
48395664,126,3,1,2,WP72 2SG,2,UK
14822628,75,1,3,3,Z54 2JN,3,UK
84691738,88,3,1,2,WW6E 6JL,5,UK
28196946,140,2,2,3,WT3M 8JL,4,UK
67334119,79,3,2,3,WF0R 9QW,4,UK
81827421,81,1,2,3,ZH2 2LR,2,UK
92818408,14,3,2,3,Z8W 7SN,5,UK
36892847,59,2,3,3,YO0N 8GA,3,UK
36568875,22,1,2,1,SS5 2XP,4,UK
52809665,132,1,1,3,WF4H 0FF,1,UK
57183263,97,3,2,3,KR9B 0LU,3,UK
24179963,122,2,4,2,Y8B 1BX,2,UK
96936827,98,2,2,1,WF3B 6AA,2,UK
95486029,16,2,1,2,Y0W 1AL,2,UK
92061708,152,3,2,1,Z6A 6EL,5,UK
39370349,155,3,2,3,W67 9JS,5,UK
30504223,95,3,1,2,ZX3 7NE,3,UK
27515535,55,1,4,2,WD7R 9JN,5,UK
19074356,129,3,1,1,CF6 7JF,3,UK
45121566,65,3,1,1,Z0J 8EY,6,UK
45643104,139,3,3,2,R7J 2LT,6,UK
17927694,140,1,3,2,RS5N 1NY,5,UK
33699363,114,1,4,3,Y8W 4YL,6,UK
37430119,108,2,1,2,TP1Y 4FJ,6,UK
46058057,150,1,3,2,WX97 2XB,2,UK
09310007,36,3,2,2,WY8 7LJ,1,UK
77766302,95,3,2,2,ZW0H 4DN,5,UK
53298010,31,1,4,1,W6W 1SL,1,UK
63876522,44,1,1,1,UA1B 8WL,6,UK
36011472,112,2,2,3,Y2 3FS,5,UK
14171398,125,3,3,1,CR63 1QN,3,UK
09278590,27,1,2,3,SA0W 7LS,5,UK
39743584,41,1,1,2,WS44 3LJ,2,UK
68631086,69,2,2,2,ZO8 7BL,4,UK
64186408,85,2,4,3,YU9H 6WY,4,UK
19372742,57,3,1,2,Z17 8LJ,6,UK
17302516,82,1,1,2,SK3R 7LJ,3,UK
91455593,134,1,1,2,ZQ6R 3NF,4,UK
26897340,102,1,2,1,ZR3P 8NJ,6,UK
58709724,93,1,3,1,Y1S 2NX,4,UK
33530609,85,2,4,1,W8T 1QT,6,UK
07321623,157,1,2,3,F92 2NL,1,UK
75936977,9,2,2,1,WS4P 7JG,2,UK
05156147,87,3,2,3,YK6 7TE,3,UK
90851428,137,2,2,3,ZF8H 8JL,5,UK
38430172,32,1,4,1,T5W 0JB,2,UK
45201102,105,2,4,2,IV0R 5NW,5,UK
33046338,127,1,2,2,R9W 9FG,2,UK
15146259,155,3,3,3,ZE0X 0NW,3,UK
66373370,38,1,2,2,ZC8E 1BR,3,UK
30626661,40,1,4,2,FH5H 4LL,4,UK
11529010,23,3,3,2,WC2E 0TT,1,UK
19334363,68,3,4,3,WH0X 2JL,6,UK
43318705,121,1,3,2,YU5 9FH,6,UK
48816681,95,3,2,2,CL9B 5LW,1,UK
11920238,141,3,3,3,K6W 5RJ,4,UK
57648909,128,1,2,2,W99 1XA,1,UK
19799248,44,3,1,3,D8W 4HF,5,UK
03675988,153,1,3,2,WM6M 1GU,3,UK
84012450,64,2,4,1,WX9M 3XJ,4,UK
75585165,44,3,1,3,WF8E 4FN,3,UK
81783346,152,2,1,3,WR2B 4LL,3,UK
29074118,121,2,2,1,W44 6LB,2,UK
41179899,107,2,1,3,WB5 8AP,6,UK
58185252,159,2,3,1,CH0B 9WN,2,UK
83970415,127,3,4,2,I6K 8TN,2,UK
07230745,20,2,3,2,W6W 5LL,6,UK
66790854,7,2,4,2,AH8M 9LL,4,UK
99889159,156,3,3,1,W6H 8GL,4,UK
56748444,75,2,3,2,WX1R 5LD,3,UK
15671755,112,1,2,3,ID8X 1EQ,4,UK
74264196,159,2,3,3,UO6E 1LB,6,UK
80594913,52,3,1,1,FU6E 9RL,2,UK
29220608,154,3,4,1,BU5M 8AL,3,UK
02224840,34,2,3,2,T9W 2YN,3,UK
52766877,86,1,4,3,W5W 8YL,4,UK
62328723,121,2,2,2,J6B 9NJ,5,UK
26532848,100,2,2,2,UU8N 7ES,4,UK
87366926,31,3,1,3,F5 3ZL,3,UK
33935830,158,1,4,3,AO4Y 2JP,3,UK
04156563,7,3,3,2,KA3B 5YG,2,UK
18678366,77,1,4,1,MC8 6JJ,2,UK
98714833,70,1,4,3,WK1E 7RL,4,UK
84367036,75,1,2,2,NV08 4QJ,5,UK
51833322,65,3,2,2,YA6R 5WH,4,UK
84046031,7,2,3,3,Y5W 9DB,4,UK
44190434,123,3,4,2,TF65 9LP,3,UK
39877685,54,2,4,3,YC7P 9NL,4,UK
75066201,34,3,1,1,WC7M 4YN,1,UK
29058226,136,1,1,3,C3F 7NN,3,UK
08609057,102,1,1,2,W72 0LH,6,UK
31224580,139,2,4,3,WR1R 6LY,1,UK
33846268,147,1,3,2,P6F 9JJ,4,UK
01932676,68,2,2,2,W8K 3SZ,4,UK
78230363,33,1,4,1,DV7H 9EZ,1,UK
63421622,54,1,2,1,Y6G 4JX,4,UK
88539920,83,2,1,2,UD8R 9FN,5,UK
95159474,157,2,1,1,W7A 8UN,1,UK
25247053,61,1,4,2,W8H 6JR,3,UK
37750654,114,3,2,1,NA8M 3QZ,4,UK
54574032,65,3,3,3,Y9T 9JH,3,UK
76942390,25,3,4,1,Z8W 8NF,6,UK
42914919,135,3,3,1,Z6S 5LL,1,UK
12598219,158,3,4,2,PE4R 0QW,1,UK
95504247,98,2,2,1,NK8 7NL,6,UK
72693061,94,2,1,2,BG8A 8YB,3,UK
06531338,15,2,2,1,S4W 3NT,6,UK
27386258,4,1,1,2,YY6M 6HE,6,UK
24435388,103,2,4,3,U5W 9NN,2,UK
85543172,75,3,3,1,WV0A 0WB,2,UK
58363915,125,2,3,3,PE1E 0WJ,3,UK
71046001,135,1,1,3,WC68 3LW,5,UK
27798625,8,1,1,1,UY3P 4LN,2,UK
38179383,52,3,3,3,U0F 4UJ,2,UK
32081156,89,2,3,3,AF7H 0BN,4,UK
51756982,75,1,3,1,WS61 6JY,6,UK
22624453,63,1,1,3,WA4P 6UX,2,UK
05076729,14,1,4,2,J1T 9BB,6,UK
91375254,147,1,2,3,T91 3UW,2,UK
75746342,40,2,2,2,W23 9JX,6,UK
24094073,157,2,2,3,YC9W 9NN,5,UK
66260689,154,3,4,2,YF6R 7JA,2,UK
64770560,139,1,3,2,RE9H 5JJ,4,UK
04800677,28,1,2,1,YN6R 1LF,3,UK
37613881,113,3,1,1,WM2E 4RR,5,UK
60194167,121,3,3,3,ZE7P 5NS,3,UK
08877469,24,3,4,2,U0P 1BW,6,UK
45758383,30,3,2,2,Z07 0NJ,5,UK
71659592,159,3,2,1,ZF85 4LY,2,UK
62689274,51,1,4,2,IE3H 6JS,1,UK
88573482,163,1,4,1,ZK6X 1YJ,4,UK
80389526,108,3,2,1,GH8R 2YT,1,UK
46251601,55,1,4,1,WR1H 3JB,1,UK
43710644,115,1,3,3,WK1H 3LD,2,UK
36948199,10,3,1,2,ZK78 5AA,1,UK
72383298,68,3,3,3,Y6B 0LL,5,UK
94528395,71,3,2,1,ST5B 3UG,1,UK
24316049,84,2,4,3,NH0E 8JA,1,UK
08529795,139,2,3,3,U7W 0AS,2,UK
92748786,62,2,3,3,YT7P 7LX,6,UK
12754783,99,1,2,2,ZC0H 9NP,5,UK
57877863,7,2,1,3,W0P 2AT,1,UK
85909271,23,2,4,1,PT7R 9LR,6,UK
11065126,20,2,2,3,L6U 6RJ,1,UK
90654995,30,1,1,1,YO4V 3YN,1,UK
21328988,16,3,1,2,WF9N 2LB,1,UK
79497660,106,3,1,1,TG5N 9JJ,3,UK
26930141,128,2,2,3,YT9R 5SJ,1,UK
82587098,72,3,3,3,R4P 7FB,1,UK
51390076,61,2,1,1,RH43 4BB,6,UK
20147839,71,2,3,2,YF2R 3BB,4,UK
97840313,32,2,2,3,J3J 2JA,6,UK
01832741,142,3,4,1,TU77 0BY,5,UK
16585268,151,2,4,1,ZD9E 4AW,5,UK
69480074,88,2,3,3,YL6R 6TL,2,UK
81207897,68,3,1,2,YC6Y 2LJ,5,UK
62536870,94,2,2,3,WH3R 0ZT,5,UK
59284495,133,2,2,1,A0S 8PJ,4,UK
11999881,99,1,3,3,WD20 6EU,1,UK
45209959,36,1,1,1,UH2H 7AW,6,UK
10265044,107,3,3,2,UQ0E 5UF,4,UK
80042293,44,2,2,2,R2 7JN,6,UK
86880949,154,1,1,2,W4H 6JN,6,UK
43707977,76,3,4,3,SR11 5XU,5,UK
08166482,35,1,2,1,UL35 8SL,6,UK
22628319,80,1,1,3,S6T 9LT,4,UK
41981850,65,1,1,2,G9P 8JL,3,UK
94690281,48,2,3,3,TR5E 3JJ,5,UK
85816891,23,2,3,1,SR6W 2WL,2,UK
86771622,96,2,4,2,YD9H 4NA,5,UK
87012229,97,3,1,1,G4S 7FY,2,UK
85927368,67,2,3,1,S4P 0LW,6,UK
19689598,66,1,3,1,NF93 7LW,5,UK
54225303,14,2,3,1,ZX7 4QZ,5,UK
53844474,135,3,2,1,AO02 4JL,5,UK
95359397,163,1,3,3,W0J 7NN,6,UK
03666849,1,2,1,3,UE1P 7WL,5,UK
37446742,123,1,2,2,ZY39 8JL,1,UK
39394433,148,2,1,3,WP8A 3PJ,4,UK
71152059,41,1,4,2,YS6X 0QN,2,UK
20296639,65,3,4,1,WD07 3PB,6,UK
56904170,82,3,2,3,AG5H 1ZJ,6,UK
52602767,90,3,4,1,YF0H 4LF,6,UK
41977871,75,1,1,2,W0F 1BA,3,UK
54368055,30,1,4,3,Y8S 7LY,3,UK
07684284,104,1,1,3,WM9B 3JW,3,UK
01693437,165,3,4,1,KG9M 8FZ,2,UK
36489521,92,3,3,3,RP8V 8EJ,5,UK
62681093,100,2,4,1,HB0X 8BL,2,UK
97278361,154,1,2,1,RX3R 8JD,4,UK
96190602,120,2,2,3,RL0N 0BL,2,UK
25738494,96,1,4,3,Z7H 9DJ,3,UK
01221766,138,1,4,1,YN2P 2BW,1,UK
98907852,69,2,3,3,UV8W 0BX,1,UK
22290073,12,3,1,2,SP1Y 3NR,1,UK
57347079,137,2,3,3,PA76 4JL,5,UK
02943069,80,2,1,3,E0U 7XL,6,UK
88025469,137,1,3,2,ZF3V 7NU,3,UK
26661424,61,1,2,2,WK3R 1GZ,2,UK
22703960,89,3,1,3,WL9R 9AZ,4,UK
89418029,100,3,3,3,WC99 0PN,4,UK
73469821,9,2,1,3,YA1 6JH,5,UK
27794776,110,1,3,2,Z3G 4DL,2,UK
13081818,13,3,2,2,W8P 5XY,5,UK
39882898,33,3,2,2,TA4N 7BY,6,UK
57729255,86,3,4,2,Y5E 4FN,2,UK
02222266,72,2,3,2,T9P 4AP,5,UK
71448210,124,1,4,3,J3P 4BH,1,UK
27480235,137,2,2,3,WR3E 7DJ,6,UK
96485349,153,3,3,2,R3W 2NU,4,UK
57286787,71,1,1,2,JD3X 4NY,6,UK
48392439,103,1,2,1,KC22 2JB,6,UK
18521693,103,2,4,3,YX6H 3SF,3,UK
88719882,95,2,2,3,EV3B 8JA,3,UK
43022301,19,3,4,2,T2K 9RY,2,UK
49048660,73,2,1,2,TA9M 8FD,6,UK
87960147,59,1,1,2,R7W 5BY,4,UK
49031627,66,1,3,1,OL4V 8LJ,6,UK
09127947,6,3,4,3,WH1E 6BL,2,UK
07795749,81,1,3,2,SQ6R 8GR,3,UK
24124356,101,2,4,3,WO6E 7LT,1,UK
50181854,138,3,1,2,W9J 3NW,4,UK
60534094,27,1,1,1,SW8H 5YW,5,UK
89276695,164,3,2,2,UE5E 1TN,5,UK
76639836,134,3,4,3,KB7R 5GE,3,UK
25402634,94,2,4,3,FQ5P 1QE,4,UK
39721980,134,2,2,3,FW1N 4XR,1,UK
42167643,69,2,3,1,TQ0H 7PN,4,UK
16216886,46,1,4,2,GO3P 8JN,1,UK
97555935,156,3,1,2,YD9X 3HN,5,UK
98620869,107,3,4,1,WK0 9JB,5,UK
43227393,56,2,3,3,RD8R 1YE,1,UK
72478338,38,1,4,2,WD8M 2EB,1,UK
33704661,137,1,3,2,W1 2BZ,1,UK
87165439,14,1,3,3,P1P 5DF,1,UK
28279814,45,3,3,2,YD9E 1NZ,3,UK
41797851,39,1,4,1,TH5 3SL,5,UK
21516900,139,2,4,2,Z5W 8UW,2,UK
15885428,126,1,3,1,RG4 9SL,2,UK
93795829,95,2,4,2,WE8N 5YB,1,UK
72272509,23,1,3,3,ZB8W 8LH,1,UK
88358928,25,1,3,3,Z41 8LB,5,UK
06457802,100,2,1,3,Z7K 3NP,2,UK
79957709,116,1,1,1,ST1B 6NA,5,UK
56062394,144,2,4,1,Y7E 5LJ,1,UK
69051171,89,2,1,2,W5P 4LD,1,UK
92649724,95,2,1,2,IH4A 4XS,4,UK
04117369,11,3,2,3,W31 9JJ,2,UK
60538188,76,1,1,3,WB5 5PJ,4,UK
79153242,113,3,1,1,B1U 9JL,2,UK
06452296,49,3,3,3,WF8E 1JJ,6,UK
18317851,99,3,2,1,UO02 0JL,6,UK
98875537,25,3,2,1,YT9X 5ZN,2,UK
80905784,139,3,1,2,ZQ10 0JF,3,UK
11837191,108,2,2,3,ZH2A 1HB,3,UK
17701544,114,3,4,1,SO3N 0EB,1,UK
75297204,33,3,4,1,SU9E 9NJ,1,UK
27054831,92,3,3,1,W4P 4BN,2,UK
39477958,3,2,4,1,Y9U 7WN,2,UK
55550347,121,2,4,2,TP4R 3NL,6,UK
92779381,86,3,2,3,WC3 0DB,4,UK
99705620,164,2,3,1,W5 6GU,1,UK
05624241,10,1,1,1,K2W 6UX,4,UK
45158293,23,1,1,3,T8F 3XJ,1,UK
85886424,65,1,2,3,ZF3 3YT,5,UK
08545646,140,3,1,1,Y2W 5AB,3,UK
82499043,36,3,4,2,Z0 4JW,5,UK
35034528,100,3,3,3,IB8H 8BW,1,UK
47652836,68,1,4,3,SK4B 9NA,6,UK
00344470,117,3,3,1,G5T 4XS,4,UK
03323547,3,1,1,1,RD0Y 6BR,4,UK
05043585,3,2,2,1,WO0R 6NX,4,UK
85614669,118,3,1,3,WR9B 3WA,1,UK
42519928,44,2,3,1,K7K 5WU,3,UK
44729937,39,2,3,3,WE0M 4ZL,4,UK
44321765,151,2,3,3,W28 4XB,6,UK
30799109,41,1,2,2,MA4W 0FQ,2,UK
82807649,41,2,4,3,W4J 4NE,2,UK
88981630,77,2,3,3,WQ8E 7WU,6,UK
80289984,32,2,2,2,W6T 0ND,3,UK
13536854,130,2,1,2,WW8 2AZ,5,UK
56556644,110,2,3,1,EL0E 4SD,6,UK
82348314,57,1,4,1,Y3G 3PL,2,UK
63756232,36,1,4,3,Z8 6BN,2,UK
90820978,153,1,3,1,U4 3NA,5,UK
07813814,60,2,4,1,ZS4H 5GN,1,UK
04257779,152,3,3,2,RD4R 2PA,5,UK
79218307,32,3,4,1,S3 7RF,5,UK
80619990,124,1,4,1,WL7N 4WT,5,UK
38151670,44,2,1,3,OG5P 3JN,2,UK
53840895,104,1,2,3,Z9P 8BE,4,UK
44772311,139,3,3,1,SF10 6LJ,1,UK
08404790,149,3,2,1,T4W 9JS,2,UK
04109138,25,2,1,1,L3P 0NJ,2,UK
55141979,80,1,1,3,YB98 5TS,5,UK
05649206,115,1,2,2,TA4E 0DT,6,UK
60002776,129,3,2,2,RD80 4YU,5,UK
34004889,139,2,1,1,YR8E 8XA,1,UK
94184316,58,1,4,3,CU3R 3JL,1,UK
36630517,1,1,2,1,YX3E 5LB,1,UK
45303835,36,3,4,3,WP7E 3BB,3,UK
26862306,148,2,3,1,SG1A 0UN,1,UK
42946571,11,2,3,2,JA6M 0JT,2,UK
25164534,73,3,3,3,S8P 4NJ,2,UK
82948171,151,3,4,2,ZC4R 4LT,3,UK
97674163,89,3,3,3,Y3 3LF,1,UK
42494569,66,3,3,2,YY9 9JU,1,UK
43423499,148,3,4,2,ZT1R 1XN,1,UK
06332508,132,3,2,3,RR3 6LL,4,UK
90353971,137,1,3,3,R90 0ZN,4,UK
01944673,42,1,2,3,W5W 5SJ,6,UK
46364897,10,3,1,2,U6U 8LA,5,UK
63742988,45,2,1,3,ZG0N 1NJ,5,UK
62847821,13,1,4,1,WQ13 5JJ,4,UK
36733763,153,1,3,3,HE1R 4LJ,6,UK
14990146,108,1,4,1,WM3R 4LQ,5,UK
88369149,113,3,3,1,WV4P 0LW,4,UK
14825381,15,2,2,2,W8T 1AB,2,UK
52278746,153,3,4,1,S7 3WF,5,UK
34725978,138,1,3,2,A9W 8RL,3,UK
30343061,80,2,3,3,YC2 0WX,6,UK
36354230,143,2,3,2,HY0N 6JD,5,UK
52714523,153,2,2,3,DU4R 4AW,6,UK
95838013,146,3,2,2,WG9H 4DZ,6,UK
41763355,23,1,1,2,T6E 9TB,1,UK
27696262,158,1,1,2,LN3B 5UL,6,UK
44109550,84,3,3,2,YC6 4RB,2,UK
83534527,60,2,4,2,L5T 7FE,2,UK
77256558,145,3,3,2,IB3P 3NJ,5,UK
54232421,164,3,4,3,ZE6M 8JJ,2,UK
74270078,125,3,1,3,R83 9RW,3,UK
41276893,78,1,4,2,WH78 9NN,5,UK
73084480,121,2,1,2,JG9B 6EJ,4,UK
33496497,147,1,3,1,YN3R 1BN,6,UK
11546912,53,3,2,2,HL5P 2XD,6,UK
00477691,42,3,1,3,W0S 4LN,1,UK
93540926,96,1,1,3,W3 9AN,2,UK
27984142,85,1,4,2,ZE38 5PN,6,UK
01228242,150,1,4,2,W8 0JS,1,UK
51089068,87,1,2,1,YV89 6HL,3,UK
47487561,72,3,4,1,W7C 3LW,3,UK
11940842,71,3,3,3,U0 2JA,1,UK
75144855,50,1,3,1,TC4N 5GJ,4,UK
22391457,124,3,3,2,EU0P 5LL,1,UK
28822258,150,2,4,3,TG7R 5JJ,1,UK
19786866,49,2,1,3,YY6E 3JF,3,UK
95465470,92,3,4,3,RD4 9YT,1,UK
42170920,95,1,3,2,TE5E 2JJ,6,UK
24016264,49,1,2,2,WL5M 2SZ,6,UK
98009439,44,3,4,3,YW0Y 9LD,4,UK
81292706,100,2,1,2,S2W 9US,2,UK
94135670,10,3,3,3,YS4A 2LW,5,UK
33725549,135,2,1,2,UO5E 8LN,2,UK
28223657,56,3,2,1,WO92 8ZE,4,UK
54625014,142,1,2,2,SM57 3SN,3,UK
60437706,1,1,3,2,WW6B 6AJ,4,UK
05276936,40,2,1,1,Z1C 8JS,2,UK
65224957,139,3,1,1,ST5M 5SJ,2,UK
97742310,35,2,1,3,ZD1B 3NY,6,UK
45242918,136,1,4,2,Z0 6HL,1,UK
24336882,126,3,2,1,T49 3TF,4,UK
01355028,153,3,2,3,Z6J 3LJ,1,UK
19807647,49,3,3,2,WB8M 6LE,1,UK
50252807,65,3,3,1,ZO6R 1PX,5,UK
59779547,145,1,2,3,YS9N 6JD,1,UK
38983765,146,3,3,2,P3C 3JW,4,UK
83601834,14,3,4,1,Z4P 6SU,2,UK
26902654,66,1,1,1,W0W 7LJ,2,UK
88758832,75,1,3,1,UE3B 2FN,3,UK
60527342,161,1,3,1,RY6 3UT,6,UK
63573938,154,3,4,1,Y6 7EL,3,UK
68048708,6,3,2,3,S7K 6JA,5,UK
27920922,157,1,4,2,HB9E 5FU,4,UK
88886538,104,3,1,3,TU96 0BA,4,UK
42309058,35,1,2,1,MD2B 5PJ,6,UK
84686346,49,1,3,2,TP5E 6NW,5,UK
13288902,67,1,4,2,ZO0B 0GA,3,UK
93924484,10,3,2,3,HE6R 9YF,5,UK
17372136,105,2,1,1,RU1R 3BT,6,UK
59944412,92,3,4,2,W27 2JG,5,UK
67377629,139,3,2,3,WF0A 7XY,4,UK
37732703,60,1,3,3,OQ6R 9JT,1,UK
71599466,30,1,3,1,ES5W 6JE,4,UK
50072825,123,1,3,2,NT80 2YT,4,UK
64137611,81,3,1,2,YG0X 2JL,6,UK
55661470,52,2,1,2,W4K 2AY,4,UK
58011095,158,2,1,3,W6T 4JN,2,UK
57693902,112,1,1,3,UH9 8BJ,5,UK
97847857,43,3,1,1,Y3A 9NH,4,UK
92178083,7,3,3,3,ZS3R 7SN,2,UK
41222763,28,1,2,2,WB3V 8WT,6,UK
23521615,79,2,3,3,ZK3H 4NW,2,UK
89788510,157,3,3,2,Z4W 2DG,2,UK
81314061,113,2,4,3,YW1N 9FB,4,UK
71915576,111,1,4,3,TX4H 6NF,3,UK
45629523,120,2,4,2,S3G 9NN,1,UK
52976126,101,2,3,2,ZA87 9LJ,6,UK
68797059,1,3,3,2,WN9 6NA,2,UK
74829095,10,1,3,3,IT7E 1NQ,6,UK
04438709,109,2,3,2,WU3 6SX,3,UK
85316120,111,2,3,2,WY9H 5JJ,6,UK
94648943,99,3,4,2,Z5C 3JL,1,UK
88287283,118,1,4,3,R1A 5JH,6,UK
17868570,29,3,1,3,YE3E 3LJ,4,UK
35053489,122,1,4,2,EM5B 2FG,6,UK
06450260,75,1,1,2,R58 1SP,6,UK
91020344,144,3,4,2,U8K 4NL,5,UK
64132389,104,1,4,2,RC15 1LS,2,UK
04058500,147,1,4,1,W4H 7ZT,6,UK
49827643,47,2,2,1,Z56 5NB,4,UK
77900045,132,1,1,1,U5K 5PG,4,UK
42507068,115,3,4,2,WD3Y 2LX,2,UK
55088461,50,1,2,3,WF7B 8AH,2,UK
00720474,26,3,2,1,WE7Y 5PL,3,UK
04997217,108,2,2,2,RC9P 9JS,5,UK
12983560,110,3,3,2,S8P 2SF,4,UK
81117203,21,2,1,2,UQ90 5NB,1,UK
39102872,124,3,4,2,JG76 6LL,6,UK
19506983,67,3,3,1,S7H 9DY,6,UK
66803296,66,1,1,2,BC0 0AN,2,UK
19140271,8,3,4,1,YN9P 9TB,1,UK
34794595,30,3,1,2,WB1H 9WN,1,UK
86863085,74,2,2,1,Z5P 6AY,1,UK
67478838,37,2,2,3,WW7R 3AB,3,UK
51542068,72,1,3,3,TH4H 3AT,6,UK
78627623,95,3,2,3,YF5R 3JL,4,UK
76467866,11,2,1,3,ZN6P 3FW,2,UK
18065733,66,3,2,1,HL3W 9BW,1,UK
88063149,4,2,2,1,WV7R 8WZ,5,UK
43673980,66,1,4,1,WM4P 1JB,3,UK
86808829,132,1,3,2,RT85 4NR,5,UK
80345966,83,3,4,2,ZX2P 8BJ,4,UK
95504446,134,3,1,1,WQ6M 5JT,4,UK
20485320,2,2,2,3,Z7W 5NZ,4,UK
66454802,134,3,1,1,T01 3LR,2,UK
64814470,52,3,3,3,SV9E 1YP,4,UK
95190474,96,3,2,1,WM2 4NJ,6,UK
83006393,111,3,3,1,WF86 1WF,2,UK
81204942,58,2,2,3,C8U 8HY,1,UK
86853872,28,2,1,1,J2U 7FT,5,UK
41816832,122,2,4,2,W79 7RN,6,UK
62290866,81,3,1,2,BP2X 8AL,4,UK
90633899,55,1,1,1,TR8 1JS,4,UK
29161180,129,3,2,2,UY3 4JA,6,UK
71503442,152,1,1,2,ZS8H 4NG,6,UK
88430780,18,3,3,2,LR4P 8JD,4,UK
01758491,100,2,2,1,TR0H 8JY,1,UK
92030175,124,3,3,2,W1P 5DQ,2,UK
56187373,82,1,4,3,W2 9UL,1,UK
08057015,106,1,1,2,WV7P 3JP,3,UK
13890472,162,3,2,2,WM1A 8DJ,1,UK
09441834,108,3,4,2,TU6B 3LZ,1,UK
17279800,12,3,2,3,J1G 8SG,2,UK
87601888,22,2,4,3,WQ2P 6JT,2,UK
99029200,42,1,3,2,R86 0JB,5,UK
57344326,19,2,4,2,IU4P 5GZ,1,UK
62154292,98,3,1,2,ZB00 6HB,5,UK
00729042,23,2,1,3,WC7H 7DL,2,UK
74636983,10,2,1,2,RS8N 2XR,4,UK
49867077,2,1,3,2,AC13 3AN,4,UK
20562582,25,3,4,3,YE0W 9LY,3,UK
61225216,52,1,2,2,Y7P 6NR,5,UK
73326887,101,1,1,3,R1P 8BL,5,UK
44402496,78,1,1,1,W3 0AN,3,UK
92962812,121,2,3,2,YY3W 7PX,4,UK
25997384,104,1,2,1,NN5B 7FN,1,UK
90366710,147,1,2,2,UF4 0NJ,2,UK
93272064,21,3,3,2,R9W 7ZA,2,UK
45363215,156,1,4,2,R4P 7ZW,6,UK
17785841,72,1,2,2,E3G 7NJ,1,UK
72483581,24,1,4,3,U53 9XR,1,UK
94960059,9,3,4,1,D0S 6GL,5,UK
72240142,99,2,1,1,WT0E 3YJ,2,UK
58599006,157,1,1,2,RF2E 1NW,2,UK
90741944,30,1,4,2,WK6E 5HA,6,UK
18349751,35,1,1,3,Y5 7LT,4,UK
97772815,116,3,3,3,ZK8R 2WJ,5,UK
91836492,36,1,2,1,R1S 7LE,4,UK
99258496,40,3,2,1,L6F 7ES,2,UK
36782254,43,3,1,2,G7P 5BS,4,UK
67827485,165,2,4,2,OR2N 2WU,6,UK
04654030,142,1,2,1,I1A 2HA,4,UK
47423674,133,1,4,1,Y5 5NF,5,UK
55648182,158,3,4,1,OE6R 1BN,6,UK
89734245,40,1,2,2,RG14 4BP,2,UK
42417500,103,1,3,3,YG5M 8RP,2,UK
43548242,49,2,4,3,W2J 5JL,5,UK
55011347,26,3,1,1,W60 5JN,1,UK
01518112,38,1,4,1,IE9E 8AQ,4,UK
02908027,2,2,3,3,M0S 1JT,2,UK
36324133,79,2,4,3,WN1M 6HT,2,UK
55229646,139,3,2,2,S9C 5LB,5,UK
54499417,133,1,3,2,NX6M 3TZ,5,UK
98050322,64,3,1,3,RU6P 2AA,2,UK
44767924,141,1,1,2,ZC0E 2NA,2,UK
48131035,118,1,1,2,UP9H 9PY,3,UK
21006584,147,2,2,3,Z0 4BL,3,UK
91356389,105,3,1,1,YU0 5NJ,2,UK
51039609,106,2,4,1,SB6 1LQ,1,UK
46657960,65,2,4,2,ZG3 9XA,3,UK
23224256,70,2,3,1,B9W 1JW,1,UK
92159755,133,1,4,2,YT6N 6JH,6,UK
09585515,148,2,1,2,ZG6R 3RN,3,UK
74655300,55,2,2,3,N9J 8NA,3,UK
15066232,13,3,1,3,W3K 3JX,6,UK
89978227,39,2,1,1,AG6 5LJ,6,UK
10394267,165,3,4,1,S7T 9JB,3,UK
65328293,100,2,1,3,T0T 6JR,3,UK
21897350,58,2,1,3,A5 8FG,1,UK
31507755,70,3,4,3,W1S 0AQ,1,UK
68235392,91,2,4,2,Z3C 8BL,4,UK
56835059,51,3,4,2,WG3R 0LL,2,UK
22473569,94,1,4,2,RS0W 1NB,3,UK
10750818,85,3,2,3,UP0B 6ZL,1,UK
40911125,83,1,3,1,U6P 5XF,3,UK
06028198,133,3,3,1,W2H 2PL,6,UK
47087682,3,1,2,3,T7W 2YG,3,UK
64019014,101,3,1,1,S5W 3TW,1,UK
52924196,29,3,4,1,EF0 9JJ,1,UK
13774498,148,3,1,1,R2P 2WA,4,UK
96164828,57,2,1,2,GG3E 3UR,4,UK
73221821,14,3,2,3,TX7B 8NJ,3,UK
49453062,15,3,3,3,TL1 7JJ,6,UK
08660588,97,3,3,3,SB3M 7WL,4,UK
16122038,125,1,1,1,WS3M 8JA,3,UK
17156879,157,3,2,1,TC6E 6AX,2,UK
98901316,138,1,2,1,ZC5W 9TB,3,UK
18241564,25,3,1,2,S1J 0JL,6,UK
38238832,95,1,3,2,WC5H 0GH,4,UK
70637742,67,1,1,3,SW6E 1WL,3,UK
73403375,86,2,1,2,ZC1M 0YB,2,UK
31271117,165,1,3,3,Y8W 0LA,1,UK
29131179,26,2,3,3,W3P 7LX,4,UK
21841868,76,2,2,2,TM9H 3ZJ,4,UK
29182498,160,1,3,2,SW9R 0AT,2,UK
57725962,87,2,4,1,WD3P 5AL,2,UK
65356020,96,1,1,2,W9K 6EJ,4,UK
63624076,92,1,4,3,UF8B 1ZT,6,UK
67606859,83,3,1,3,WL8E 2FN,4,UK
94530681,63,2,4,2,N7 5JA,6,UK
23960337,7,3,2,2,W6J 6RA,4,UK
58933421,65,3,2,3,WC04 0WY,6,UK
15099180,39,2,4,3,UA4X 7LW,1,UK
42570163,21,1,2,2,T4K 1FL,5,UK
18853997,62,3,1,2,TA53 1HY,4,UK
81135819,60,1,1,1,WG5P 8SR,6,UK
88040698,154,1,3,1,J10 6FE,5,UK
17848893,157,1,3,3,WQ1P 9RB,4,UK
62328743,60,3,4,1,ZA9R 4WL,6,UK
39103885,151,2,3,1,Z7J 2JJ,6,UK
29707313,87,2,1,3,TK8A 5JG,1,UK
72585859,5,1,4,3,R5G 0DW,6,UK
55442718,68,2,1,3,WG0E 5NY,3,UK
27650872,92,3,3,2,ZN94 6NB,6,UK
45427708,121,1,4,2,TS5A 7JN,1,UK
51670896,57,3,3,2,HK4M 4UX,5,UK
34301437,80,2,1,1,P2W 7HG,2,UK
01906789,94,1,4,3,UA5 3BR,4,UK
17828951,151,3,3,3,E1T 0JD,4,UK
16092901,105,2,3,1,W0J 1JB,1,UK
37214562,40,1,1,3,U9J 5ZL,4,UK
86546922,89,2,1,3,W8 2JL,6,UK
51152572,19,1,4,3,WB1 1BB,2,UK
24435437,37,3,2,2,Z0S 8SX,1,UK
10628152,85,1,4,2,TT6H 6LB,3,UK
89203178,139,1,4,1,S2 0BL,1,UK
74348434,41,1,1,2,PC7H 9JR,5,UK
77892549,134,1,2,2,WU3N 3JZ,6,UK
14390908,73,3,3,3,SV6R 0JL,4,UK
55323692,99,2,4,1,WS7R 9BF,5,UK
67103340,6,3,3,1,UD10 4UN,5,UK
69314949,124,2,4,1,P91 1XY,2,UK
89449710,6,2,3,1,TU9H 3ZY,3,UK
25955435,96,3,4,2,YD7E 2GN,6,UK
43352723,156,2,1,1,N0S 9YX,5,UK
06224366,36,2,4,3,WT3V 2BL,4,UK
47029045,23,2,4,2,YG8H 2HX,4,UK
23444616,86,2,3,1,ZS3E 9LH,5,UK
20542542,126,1,1,1,YC5Y 4AU,4,UK
00474209,27,3,2,2,Z1J 1BN,5,UK
70317724,136,1,2,2,BA8A 9EN,5,UK
53395711,31,1,3,2,J8J 4WN,5,UK
15645791,59,1,3,1,MN6R 0BW,3,UK
98851922,29,3,3,3,S0D 8NL,2,UK
06446884,65,3,4,1,RD9N 5BB,3,UK
86950059,58,1,3,1,S3J 5LJ,3,UK
89976891,122,2,3,1,ZU2A 3JL,6,UK
90238466,141,1,3,2,UR5R 8LA,5,UK
48658819,30,3,1,2,ZR3H 8AB,2,UK
20276213,21,2,3,1,R0B 3NN,6,UK
46606757,36,2,3,1,A3 2RJ,3,UK
98785670,47,2,1,2,RN6 1BN,4,UK
88442426,108,2,1,3,EE5P 6NW,3,UK
30706943,78,2,3,2,OA9E 8WD,2,UK
34002662,108,3,2,1,Z9D 0LJ,3,UK
49825689,47,1,2,3,UP9H 8ZJ,1,UK
56763760,95,1,2,2,WQ9E 8TF,3,UK
06796848,60,2,4,2,WD9H 9ZX,5,UK
83643202,29,1,3,1,S02 3NU,3,UK
73539470,46,1,2,1,T3A 7LR,2,UK
37106058,27,1,1,3,OW5H 1TF,6,UK
14102253,89,3,1,1,ZX9R 1JS,4,UK
44735682,63,1,2,1,R9K 8AL,1,UK
54392537,112,2,3,1,ZF4N 1LX,2,UK
56174935,82,3,2,3,Y4W 7HJ,3,UK
85665906,140,2,1,1,YG0A 8HR,3,UK
10512009,159,2,1,1,K4J 0NY,3,UK
28711033,142,2,3,1,Z8W 0DD,5,UK
88023357,50,3,2,1,ZT5A 7BJ,2,UK
98125836,116,2,1,1,W7C 4AN,5,UK
67955585,37,1,1,2,BW0H 2RN,2,UK
95277127,89,2,3,1,UK3B 8WL,4,UK
78254911,72,1,4,3,S0A 3DL,6,UK
10242225,132,1,3,3,CR6N 1AH,3,UK
62406766,13,3,4,3,SH0B 1NA,6,UK
30520109,29,1,1,1,RN9R 5WH,3,UK
11412215,28,3,1,2,M9K 0JJ,6,UK
98719033,132,3,2,1,WH8N 7NU,5,UK
66448244,69,1,2,3,F0W 3LY,6,UK
81052906,99,3,2,1,Y3W 3JB,1,UK
47739056,34,2,4,2,FX78 2NW,3,UK
20673568,82,2,1,3,G2P 2EJ,2,UK
12427464,96,2,4,1,WG2 6ZA,4,UK
71622039,90,3,1,3,YB7E 9LT,3,UK
55408434,83,2,4,3,T28 7BP,1,UK
99827760,157,1,3,3,ZB0V 0JZ,4,UK
50579959,147,1,4,1,Z1G 4BZ,1,UK
78642989,32,1,2,1,SG1A 9DL,4,UK
96252581,122,1,1,2,Y4 1DB,2,UK
96528797,148,3,3,1,Y2 9JD,2,UK
93803125,163,1,4,2,LA3B 5TN,4,UK
77648251,87,2,3,1,YH3R 3DX,1,UK
86728369,19,2,1,1,WM0M 1NJ,6,UK
42643678,138,3,1,3,Y5T 7NN,1,UK
62604115,16,2,1,3,WN7R 3LB,3,UK
06433693,23,3,4,2,WH1H 5AN,6,UK
90435084,18,1,1,1,DV2H 7LW,2,UK
72038830,81,3,2,2,WC0B 1ZD,3,UK
29575638,119,1,4,3,YK18 4XB,6,UK
83280872,64,3,3,2,YD9H 9AN,6,UK
91253081,162,1,4,2,AO8 9SL,2,UK
94744691,84,1,3,3,NB3M 2JY,3,UK
69027815,24,3,4,3,Y0 1JB,4,UK
44613993,58,2,1,1,SA2 8JG,6,UK
66305138,142,2,2,1,DY5X 3LE,3,UK
49844150,66,2,1,3,WQ2B 0JN,6,UK
31284020,24,1,3,3,YC0 3JD,4,UK
56095895,74,1,3,1,W9C 8BN,2,UK
19050711,38,2,3,2,ZY8P 7LP,5,UK
50626230,14,2,2,3,W9W 4FL,1,UK
24017368,22,3,3,3,ZO0X 0ZN,4,UK
18571978,80,3,1,1,CA1R 0BN,6,UK
67684749,20,3,4,3,ZT1 8PL,5,UK
51363690,28,3,3,3,JB7E 2WN,5,UK
63147846,131,1,3,2,U7S 6YJ,2,UK
59552759,10,2,4,1,D4A 6QN,5,UK
15898380,156,1,2,1,WU4H 7NR,5,UK
05068302,55,1,4,2,WU0E 9GW,4,UK
76369990,24,3,2,1,W9T 5NY,3,UK
44206371,140,1,2,1,Z4T 1JB,3,UK
80697004,93,2,2,1,W6 8XS,4,UK
13576445,60,3,3,3,LM4A 2PN,1,UK
80006161,34,3,4,2,DL2 2JL,4,UK
77738328,54,2,3,2,CA7H 2NL,1,UK
53750579,110,1,4,1,NA9X 1BA,1,UK
79477172,40,1,4,3,WF4N 9BQ,5,UK
44954503,11,1,4,1,WK5P 8TL,6,UK
31697606,115,1,3,1,D6P 7AJ,4,UK
62608427,58,3,1,3,WS1E 3ND,1,UK
50784128,57,1,3,1,WG7H 7FN,4,UK
29473232,1,3,4,1,Z8P 2JX,1,UK
01385927,125,2,2,1,YH3M 2AY,1,UK
68377827,75,1,2,3,RP1A 1LN,2,UK
48056054,85,3,1,2,W5U 3BG,6,UK
82516546,77,1,2,1,W74 0YL,2,UK
33435411,58,3,4,1,W4 7QZ,3,UK
02440697,72,1,3,3,Z6W 3LX,2,UK
49910222,108,3,4,3,UW1H 8NN,5,UK
35349640,133,3,4,1,WD8 2RJ,6,UK
72378676,48,2,3,2,YM1M 2PW,5,UK
68262409,90,1,2,2,N45 6NL,6,UK
87721997,159,2,4,3,Z5W 2LL,4,UK
86769439,159,3,2,2,S4K 8EN,3,UK
41367297,10,1,3,2,WY2B 1NJ,6,UK
93563580,51,3,3,1,HB63 6NL,4,UK
52335142,128,1,1,3,Z2B 5QJ,4,UK
30912024,124,1,1,3,W3P 9JJ,2,UK
17067702,25,1,4,1,CQ4P 1EY,6,UK
20354458,56,1,2,3,WM0 8AN,3,UK
28351753,45,1,2,2,W2T 2UF,5,UK
15252488,78,2,4,3,W9P 3LN,5,UK
97260843,125,2,2,3,TY7W 7EL,6,UK
82344009,147,2,2,1,ZQ9E 4PN,4,UK
90612971,40,3,2,1,SW6R 0LE,4,UK
71904560,38,3,4,1,W65 0RJ,1,UK
57441903,92,2,3,3,W16 7SJ,3,UK
96974683,155,3,1,3,Z34 2JN,2,UK
59374137,152,1,2,1,S6F 3EJ,3,UK
65163048,63,2,3,3,SV1P 4NU,1,UK
04249128,84,1,4,3,ZD7E 8LA,1,UK
60751242,65,2,4,2,YM0P 9XH,4,UK
51780631,89,2,4,3,TD2R 0LH,6,UK
96260257,33,1,3,2,UT3E 4PB,5,UK
07817546,104,2,1,1,WC6H 2EN,1,UK
61793193,134,3,3,3,ID9E 2LA,1,UK
77671868,145,1,1,2,MB5 0NG,3,UK
74980880,151,1,3,3,TF7B 3NT,6,UK
82635009,66,3,2,2,SN1 1JE,3,UK
08915898,79,2,1,2,YS5E 2LP,6,UK
52900334,103,2,4,3,JV6Y 4YX,2,UK
28321099,76,1,3,1,W2 8LB,5,UK
38848369,6,2,3,3,FV1E 4XN,3,UK
51564779,118,1,3,3,YF4M 2GJ,4,UK
15525339,19,1,1,3,YT10 2LF,3,UK
23472229,118,2,4,2,OC67 5HJ,4,UK
12525083,107,2,4,1,HE1Y 7JJ,6,UK
53658385,36,1,4,3,CA9P 3YA,2,UK
56149055,36,1,1,2,T71 6AG,5,UK
88952003,80,1,1,2,YQ6E 2BF,2,UK
97176429,72,1,4,1,W5 0LU,3,UK
15506123,21,1,3,3,UO7P 2BD,4,UK
54293516,36,2,4,1,W4K 6NQ,6,UK
63368797,74,1,1,3,M1P 2GG,3,UK
66255468,163,2,1,2,WA1P 8ET,2,UK
04429082,98,2,3,1,WG2R 1WN,1,UK
84425482,17,1,1,1,YC58 1FA,4,UK
09307596,49,3,1,1,S1P 5JN,4,UK
39910017,152,1,2,3,W6K 4TL,5,UK
65686163,75,1,3,1,ZV5R 2NJ,1,UK
49393598,35,3,4,2,W1K 5NT,5,UK
83477173,86,1,1,1,YD2 5LW,1,UK
47661174,148,1,3,1,W0P 8WD,3,UK
80012401,99,3,4,2,YC6P 6NH,5,UK
42232941,125,3,3,1,SF4M 7LD,4,UK
67462365,18,1,1,3,Z8T 4AJ,2,UK
69104832,20,2,3,1,TN2M 0SA,5,UK
90541624,103,3,1,2,R3P 2XN,3,UK
75572407,70,1,3,3,A1D 1NA,5,UK
12432019,115,2,3,3,JG8M 3JL,5,UK
67922104,159,2,4,3,WH6H 2SH,3,UK
12518037,30,1,3,2,Y0P 7QB,5,UK
54987469,150,2,4,3,GG6N 7BL,1,UK
10528259,85,2,4,1,WS6E 5PN,4,UK
84551362,25,3,2,1,AB2E 9LG,2,UK
30390527,135,1,4,1,UY0 0HJ,5,UK
76060798,30,2,1,3,HE6R 0JN,2,UK
69820370,85,3,1,2,RF4H 4QD,5,UK
81963785,22,3,4,3,DY8N 9ZW,6,UK
17417328,21,1,4,1,KD0Y 1NJ,4,UK
03247761,47,2,4,2,Y7W 3JJ,5,UK
99091739,131,3,1,2,WD15 7JA,2,UK
33295074,86,1,2,1,C3W 8NE,4,UK
50784785,48,2,3,1,EO4E 5LL,6,UK
60234150,73,2,1,2,WB6P 8JN,5,UK
29593631,155,2,4,2,T2W 3FB,1,UK
13357750,144,2,3,3,I4W 2BY,4,UK
54190093,161,3,2,3,S3P 6JA,5,UK
49957394,144,3,4,3,WB3E 3BN,4,UK
38383473,75,1,4,3,W8B 2XZ,2,UK
45238098,10,1,3,1,YP7R 0NG,2,UK
71084615,70,1,1,2,KE07 9SN,5,UK
50082752,75,3,2,3,ST0N 2TJ,4,UK
99904605,87,2,4,2,SS5E 4LJ,3,UK
32466446,20,2,2,3,PD6A 4NS,6,UK
38903902,13,3,4,3,UM06 7BL,1,UK
00849871,145,2,1,3,ZE7E 5JL,6,UK
31509367,157,2,4,1,WS3 9JU,2,UK
85399875,85,1,3,1,AG5P 4BG,3,UK
96543118,86,1,4,2,ZQ21 1NR,1,UK
48393668,118,3,4,3,W92 8YN,1,UK
97563362,109,1,4,2,WG26 7TE,2,UK
52982996,71,3,4,2,WE7X 2UQ,1,UK
99223244,66,1,3,3,M21 4JS,6,UK
37673313,4,3,4,1,ZN0 9SF,4,UK
43082196,126,1,3,3,U4U 9DB,5,UK
06824485,115,3,2,2,YQ5E 5QN,2,UK
27190059,105,2,2,1,JL2 4NT,2,UK
24097933,54,1,2,3,LG0B 0NJ,1,UK
91791435,42,2,4,3,U8P 8LB,2,UK
98988739,12,2,4,3,UF4R 4NR,4,UK
41900827,118,2,2,1,RB1Y 3LN,1,UK
09458015,161,1,2,3,N0K 4HS,5,UK
94871576,10,1,1,3,YO2 8WR,2,UK
33343053,112,2,2,2,WN9P 7JJ,6,UK
69970679,146,2,4,1,HP2H 3NJ,3,UK
05101519,126,2,2,2,SA5E 3BB,2,UK
48421248,90,3,3,3,WB4P 4JY,5,UK
82391096,157,3,2,3,C8 9LQ,5,UK
91211656,15,2,2,2,WB8M 2LN,6,UK
73737606,124,3,3,1,RM3E 3FL,2,UK
36400473,116,2,4,1,P2U 6UA,6,UK
01807569,74,3,3,3,TH8 7DP,3,UK
94600585,120,1,3,3,Y1P 2RG,1,UK
18384513,159,1,3,2,TK4H 1ES,1,UK
76516056,107,3,4,2,Z4J 8LW,6,UK
21062680,143,3,3,2,UW93 5AL,6,UK
18662750,148,1,1,3,S6J 4LW,4,UK
09661540,158,3,2,1,N4T 8RA,4,UK
80500506,149,2,1,2,ZB9V 1XW,2,UK
61882314,154,2,4,2,W8W 4WG,3,UK
01159202,38,1,2,2,JH2B 5LL,1,UK
96241800,65,2,1,2,TL8E 0PL,2,UK
19793082,9,3,4,1,S6W 7HJ,4,UK
24940648,136,3,4,2,W2P 3GL,3,UK
35736520,91,2,3,1,UA4H 8LT,3,UK
06047447,103,3,2,1,H4W 4NQ,4,UK
94669594,6,1,1,1,UL2 8WY,2,UK
00935670,19,1,3,1,EA0X 3HH,6,UK
16100993,30,3,3,2,YD9B 8UE,6,UK
20912153,56,3,1,1,UT0A 8UB,6,UK
74267347,102,1,1,1,WR6 5WJ,3,UK
60926871,84,3,1,2,W6P 4JJ,5,UK
85405452,60,2,4,1,ZE1 4FN,5,UK
52526954,33,3,1,1,C64 5AJ,2,UK
42294510,105,2,1,1,Y1S 6XJ,4,UK
89890502,95,3,2,1,G6W 8BE,2,UK
66750927,123,2,4,1,W36 5UD,6,UK
53782574,108,3,3,1,UG5B 1LA,2,UK
60334752,92,3,1,2,BL51 6WJ,1,UK
59731880,164,3,4,3,WF5 0JF,1,UK
23926953,52,2,4,3,YD8 0LN,1,UK
50881727,48,1,2,1,R6U 0NQ,3,UK
41880267,88,3,1,2,WC0M 0WX,4,UK
67976548,78,3,4,1,RH8E 4ZR,4,UK
67816191,102,1,1,2,ZK6E 7SX,6,UK
04941914,81,2,1,1,UY8P 8BA,5,UK
58681774,135,3,3,1,WS18 4UE,2,UK
14806356,123,2,1,1,PX7E 9DX,1,UK
77517119,35,3,3,1,RD6R 8ZJ,4,UK
77377418,98,2,4,2,WD31 0DW,5,UK
77524126,43,2,2,2,W0U 4BS,2,UK
79924321,111,2,4,1,Z0P 2EB,6,UK
98591682,4,3,1,2,P6C 7JJ,5,UK
34386221,82,2,1,2,HB2E 1WN,1,UK
53460611,22,3,2,3,TC4P 2LD,5,UK
53580020,80,3,4,3,R8G 5YT,2,UK
43871725,50,3,2,2,ZH5 0JP,5,UK
22701152,43,3,1,1,UV6E 8LX,4,UK
60427561,131,1,4,2,FH81 6JS,1,UK
21259538,150,3,4,3,Y0W 6NN,1,UK
37742043,128,3,4,2,CD5R 3JZ,1,UK
55379914,139,2,3,2,YS7R 0AX,6,UK
72214976,77,1,2,2,BE5V 7LX,5,UK
75770029,139,2,3,3,TC9E 2HB,5,UK
34158851,109,3,4,1,ZF6P 2JJ,1,UK
11586244,106,1,2,1,P3W 5TJ,1,UK
15398004,133,3,4,1,RY8 2LZ,2,UK
29167388,97,1,4,1,K2P 8BL,4,UK
77692699,99,1,3,3,YM4M 1LN,6,UK
96240954,39,3,4,2,ZO3 5EJ,4,UK
63364225,112,3,2,3,PK3E 4YJ,3,UK
24912746,21,2,3,3,WG1M 5AS,3,UK
25323576,161,3,4,3,YF2Y 0NJ,3,UK
39815859,100,1,1,1,W7W 8ZE,4,UK
18445086,29,1,1,1,GB7E 6JJ,2,UK
88629693,139,1,4,2,WX1R 6NQ,4,UK
86052601,161,2,2,3,RB9P 2NB,2,UK
67892734,5,1,3,3,IM4R 5ZR,2,UK
92779263,8,2,3,2,W6U 4WL,5,UK
67632917,54,1,4,3,IG3E 5BN,2,UK
25794194,114,3,2,2,GC26 4JZ,2,UK
92781940,85,2,1,1,YU0M 4TA,5,UK
49623211,71,1,2,3,MB6Y 2AB,2,UK
59831244,40,3,4,3,W3S 3TA,4,UK
37007514,116,3,1,1,Z4J 3WN,2,UK
23541264,9,2,4,3,IE6W 9GX,1,UK
34190705,87,1,4,1,W2P 5LJ,5,UK
06387338,48,3,1,2,IU2N 6NJ,2,UK
01760924,123,1,3,2,IL9R 5JJ,5,UK
39798286,46,2,4,2,TH8H 8AW,3,UK
93144645,118,2,1,3,Y53 1LA,5,UK
45920985,157,2,2,2,UO4 5NN,4,UK
67576015,74,3,4,3,YR1E 7NJ,2,UK
65487171,142,1,3,1,SC2E 2DU,3,UK
75184874,9,2,3,1,Z6 0EL,1,UK
78599552,155,1,2,2,SB5P 6BJ,3,UK
90807216,68,2,1,2,YO78 8BB,5,UK
59236794,122,1,1,1,W6 8QF,3,UK
87399201,57,1,1,2,WE0 1LZ,5,UK
21474813,155,3,4,3,SG6P 7LA,1,UK
43428221,71,2,3,3,UA6V 3YJ,4,UK
28889559,53,1,4,1,BE1H 0YB,4,UK
45835168,8,1,3,2,E8P 0BL,6,UK
45726154,138,1,3,2,Y7J 8XY,5,UK
25230797,53,3,2,2,YX8E 4FJ,2,UK
69880505,132,3,4,1,UE5 2XG,6,UK
88155768,90,2,1,1,RE8H 6SL,2,UK
04551616,95,1,2,2,ZF4H 1TL,5,UK
53902309,162,2,4,3,F3K 1LL,2,UK
39097333,138,1,1,1,WL1B 5XJ,6,UK
71184634,106,3,1,2,P7 8SY,3,UK
52071869,77,2,2,1,I3W 9YN,3,UK
23681731,100,3,3,1,C69 0JH,3,UK
67646010,29,2,4,3,ZA72 4NB,1,UK
02661233,115,2,3,3,KU4A 2ZA,1,UK
31960833,49,2,2,2,D96 0LN,5,UK
06689606,3,3,2,1,RE71 8BL,2,UK
09832848,150,3,1,3,UG9H 1QJ,5,UK
94389658,64,2,2,2,TK6 4NU,5,UK
11993136,155,3,2,1,TD7X 6JN,2,UK
47461563,19,1,4,2,WU0H 6LF,1,UK
94862596,40,3,4,3,O56 6XH,6,UK
54996269,42,3,3,1,OR7V 4JW,2,UK
65475286,15,3,4,2,RF3N 1NL,1,UK
80090305,70,3,2,1,ZM2E 4EB,4,UK
63366357,60,1,3,3,TK4W 4EE,4,UK
57471769,103,1,1,1,R5A 5RN,5,UK
23171754,61,3,3,1,AS1 9YJ,6,UK
16320539,62,2,2,1,W4D 5YE,5,UK
48421607,15,1,3,3,Y0W 1BP,4,UK
10791427,72,1,1,1,SG0B 0NN,2,UK
67974816,111,1,2,1,W5K 6JP,4,UK
64842963,13,3,1,1,P4P 1AL,6,UK
90952774,99,1,3,1,W5U 1NL,5,UK
87365710,105,1,2,3,Z1W 0AN,4,UK
52300035,38,2,2,2,Z1T 4RA,6,UK
35971546,138,1,2,2,R0D 2PJ,1,UK
44764233,77,3,1,2,ZB1R 8JS,1,UK
79914537,84,1,1,1,WG7R 4BR,5,UK
28814572,151,1,3,2,Z7P 3RZ,5,UK
46502895,52,3,4,1,YW2 6ZB,4,UK
40157518,8,1,1,1,YO6R 3NL,5,UK
99030972,97,1,3,2,SO3A 7WH,5,UK
83231209,31,1,4,3,W2 0YA,5,UK
01562652,133,2,4,3,WA7P 0YH,5,UK
49030703,75,1,2,2,WU5H 5ND,3,UK
58864017,17,2,3,1,I4S 4JT,3,UK
90679517,8,1,2,3,W4W 8NJ,6,UK
97411750,155,2,1,3,Z5P 7HU,4,UK
54696229,20,3,2,1,WG3P 7JJ,5,UK
20455933,109,3,2,2,WG2R 0NL,3,UK
40553281,144,3,3,2,T6 5UL,4,UK
95212116,4,1,4,3,SH8P 2BN,4,UK
92850427,133,3,3,3,UD6N 3LL,3,UK
00535050,30,1,2,3,LN9X 5DB,3,UK
89706039,50,2,2,3,WM56 5YN,1,UK
91438851,3,1,3,1,Z9T 6NY,5,UK
54141112,133,2,3,1,ZQ50 9SL,1,UK
37815419,59,2,4,2,IB5X 9LJ,4,UK
34935622,51,1,3,3,PL1B 7GW,2,UK
68351536,30,2,1,2,TD3 8LQ,6,UK
47871971,76,3,4,2,WA6 8RN,5,UK
45332094,31,1,3,1,P4 1DB,4,UK
28001381,1,1,4,3,RD7E 1LL,3,UK
13618473,21,1,2,3,WG1V 9JN,5,UK
75251192,160,1,1,3,Y8D 7LL,4,UK
70924447,27,1,3,2,YY7E 7GY,6,UK
40782865,143,1,1,3,W14 1LJ,4,UK
71482087,51,1,3,1,AY9B 0RJ,5,UK
78358588,108,1,1,1,ZA18 5QL,2,UK
86996191,70,1,1,2,Z3E 0TL,5,UK
22729181,99,2,2,2,U1J 5LL,4,UK
07734441,4,2,1,1,RN3 3LF,1,UK
48138510,28,3,1,3,W9A 2YA,4,UK
77327445,103,1,3,2,SB8 0EN,2,UK
75093153,38,2,3,2,U6P 6UJ,5,UK
59675085,96,2,4,3,SN7E 4WG,6,UK
60742099,85,2,3,1,D5K 4HN,1,UK
61184562,120,1,4,3,J42 5LP,5,UK
58981562,156,2,2,2,ZB9 5NL,3,UK
74655146,43,3,3,2,WM7W 0ND,1,UK
84395000,149,1,2,2,SC1H 0LU,5,UK
07940789,63,2,2,2,EV18 3RE,5,UK
31355201,148,1,1,2,A4 4GJ,6,UK
33715293,164,2,3,3,ZE4V 4PL,1,UK
87838179,21,3,2,3,W17 0AL,3,UK
71131254,29,1,1,3,WR32 4BJ,6,UK
63654650,111,3,1,1,J2D 6NU,1,UK
66426333,112,1,2,3,SE6R 7QG,1,UK
22256593,120,3,3,3,YA7H 9YN,3,UK
12902418,51,3,3,1,Y8J 1LL,1,UK
87751464,13,3,2,3,RB62 0AA,3,UK
42634183,131,3,3,1,YO7P 6LL,6,UK
53775409,72,1,4,3,RM0X 5NB,2,UK
37634918,17,1,3,2,OV4M 2NH,2,UK
26110100,40,2,4,3,YH8E 3SG,1,UK
06416909,158,1,2,1,H0W 8QL,4,UK
89858999,48,2,4,2,R0J 9DN,6,UK
94094109,11,2,2,2,T0W 1NJ,2,UK
35163391,100,1,3,1,ZF8H 4NT,2,UK
11759241,71,3,4,1,WF0 1NA,6,UK
37440832,42,1,1,3,NQ83 5JH,1,UK
74617557,130,3,1,2,R6J 4NX,3,UK
60858602,65,1,4,2,Y6T 4YJ,4,UK
55530775,48,1,1,1,UV2H 5JL,5,UK
30825917,20,2,1,2,UL4X 8JY,2,UK
86315737,141,3,3,1,AC3X 4HA,4,UK
24259873,120,3,1,3,FF6H 1FJ,4,UK
17792000,47,3,4,2,SO1 8XJ,5,UK
14930761,79,2,2,2,ZF6H 4YU,3,UK
52503744,69,3,1,1,WB2 7JN,5,UK
10462021,64,2,1,2,NO36 5QY,6,UK
84883848,129,3,2,1,ZA3 7JD,5,UK
06360242,22,3,4,3,DX8E 2NL,1,UK
09718078,35,1,4,1,MK3 8LZ,4,UK
00394357,164,3,3,3,RA0M 7AN,3,UK
84622232,164,1,3,3,JH2N 1AA,1,UK
69705247,145,1,2,3,TL7H 5PJ,2,UK
66452113,86,1,2,3,Z5 6BN,3,UK
61257921,101,3,1,1,TR6N 5BH,5,UK
61484220,93,1,1,1,OM8 6GR,2,UK
05254137,57,1,3,2,U70 4SA,5,UK
24276781,6,3,4,1,JW7R 2EA,4,UK
56942952,160,1,4,2,ZH2P 9JQ,4,UK
24525565,6,3,2,1,WA1R 5AL,6,UK
96781938,49,2,2,3,WU8M 2LJ,4,UK
90833355,165,1,2,1,ZB0P 0LN,6,UK
46504049,139,1,1,2,ZU8P 3JP,1,UK
45088017,32,1,1,3,Y6P 3NJ,3,UK
94120512,75,1,4,3,WA3N 9DA,3,UK
70163398,152,1,2,1,SH8B 5NL,6,UK
64369995,3,2,2,1,DA57 7DN,5,UK
42396682,143,1,2,1,W6P 6RN,4,UK
52261168,113,2,2,3,WB7R 5AL,3,UK
11653234,117,2,4,2,TR80 9JN,6,UK
06380035,2,1,4,2,YL6H 3BW,6,UK
82162440,145,3,4,2,TC1N 2JB,1,UK
39302596,120,2,4,3,W7P 7RJ,2,UK
08020752,165,2,4,3,WA2E 9BX,1,UK
45020647,57,2,2,2,WH2E 3YT,5,UK
41989601,33,3,4,2,ZD2P 8AN,3,UK
19114478,62,3,4,1,WC8H 8ZE,6,UK
62307381,151,3,4,3,G9W 3AY,6,UK
50359650,39,1,1,3,Y4T 3XG,6,UK
53387958,144,3,2,1,BX8 0YE,2,UK
95289685,19,1,1,1,R1W 1ST,3,UK
27027912,125,3,2,2,YH6A 9GN,5,UK
07756339,127,2,4,3,TD7H 1BQ,5,UK
62565413,129,1,4,2,EB8H 8AL,6,UK
30359716,72,2,1,3,WC8M 0XX,6,UK
98036767,55,1,1,3,W7P 0FE,1,UK
97940509,42,3,1,1,CE2R 2ZA,1,UK
32030694,82,1,3,1,ZE1H 3YY,4,UK
55313114,52,3,1,2,WF1 5TN,6,UK
88621695,4,3,4,1,WE4Y 6PL,5,UK
09384394,46,2,2,2,OK3R 1YN,1,UK
30484540,53,2,2,1,JE9N 7ZL,3,UK
12212002,18,1,4,2,WB5 3JJ,4,UK
89011515,156,3,3,3,W1W 7JR,1,UK
26877253,134,2,4,1,WQ2 8JN,5,UK
52368269,34,1,1,1,TD48 8QL,4,UK
74909932,140,1,1,1,RA0A 2NA,3,UK
31597407,134,2,3,2,WF1B 2WJ,4,UK
79977801,155,1,3,3,WH2M 6JL,1,UK
68043249,133,3,3,2,WL4H 1BJ,6,UK
48415615,107,3,2,3,YG2B 5QJ,6,UK
46692826,100,3,1,2,R4P 3JL,1,UK
16675370,88,1,3,2,SN9N 2LJ,6,UK
03348968,38,2,1,2,GG3H 3WU,1,UK
63702916,106,3,1,2,RA2P 2LJ,5,UK
62756244,122,3,1,1,Z79 2NZ,6,UK
16440998,49,3,2,3,KU6E 4ND,1,UK
26678744,141,1,2,3,WC2E 6YA,6,UK
06827922,110,1,4,2,NH85 5JG,3,UK
99662799,59,1,4,2,LW6 7XL,5,UK
52422779,153,3,3,3,RB1R 6NJ,2,UK
74767844,87,2,4,1,TF8 4BN,1,UK
35381444,50,2,3,3,C7D 2EN,4,UK
08355441,27,3,1,2,S1J 2TG,1,UK
56588209,79,3,1,2,WH6E 7JB,5,UK
86030810,151,3,1,2,KW5A 4JA,3,UK
11699804,70,3,2,3,I35 6DT,3,UK
07257166,55,2,1,2,WB5N 7XZ,4,UK
75099884,134,2,4,3,WL1B 0FA,6,UK
87670700,123,3,2,2,R17 5JF,5,UK
55136339,93,3,3,2,YF4P 9YJ,4,UK
49537316,73,3,3,3,WT9X 5LE,5,UK
30466687,140,3,1,3,WE6P 5NG,2,UK
79597249,47,3,4,2,M1 3UB,1,UK
81632398,114,2,2,3,YD6E 9BJ,2,UK
51770749,127,2,3,1,YN4W 3FB,5,UK
80914754,103,3,1,2,YS1R 3XA,5,UK
09934583,53,2,2,3,Z4 2DF,2,UK
24208415,46,1,4,2,ZA8N 5RA,4,UK
79648769,81,1,2,3,W4K 7UU,3,UK
84753287,155,3,4,3,WE5H 6FQ,6,UK
44148598,75,1,3,2,Z2 2AN,1,UK
29181309,132,3,1,2,YO62 6SB,5,UK
34710885,153,3,3,1,RW2P 3JP,5,UK
12174925,150,1,3,2,ZF1V 5LL,5,UK
16270052,9,3,3,1,Y0P 2JD,6,UK
32477777,9,2,3,1,W6P 6NB,6,UK
61342511,154,1,2,3,UL72 5LD,4,UK
01764958,151,2,2,1,EC1Y 9AA,1,UK
66379141,96,2,3,3,ZD3R 1JB,3,UK
48213492,137,3,2,1,YX9P 6WE,4,UK
84200874,80,2,3,1,ID3P 9HF,6,UK
98574702,100,3,1,1,Y6K 4XJ,5,UK
87173270,115,2,3,2,W1P 4JL,4,UK
49144560,55,3,3,2,Z5K 3LL,6,UK
04584233,113,1,4,3,W4W 9HA,2,UK
40901081,100,3,1,1,Y5P 6SL,6,UK
10979525,6,2,4,1,BT1E 0XL,4,UK
71667398,11,2,2,2,W9A 0JT,2,UK
54752304,82,2,2,2,ZH7 5NL,4,UK
33183473,132,1,4,2,W87 0JJ,6,UK
25940230,52,1,2,3,EM2P 5LT,2,UK
08065719,93,3,1,2,WO4 3AF,5,UK
83822904,92,2,2,2,YU8E 2LY,5,UK
48042449,122,3,3,3,WQ7P 8AL,4,UK
95638084,42,1,4,1,U3A 5QL,3,UK
44200247,11,3,1,1,YV0M 2NN,1,UK
80352644,96,2,1,2,TE6P 2YA,1,UK
78845307,36,1,3,3,WE9 7YP,1,UK
87714256,148,2,3,2,R9W 7JY,1,UK
25871292,105,3,2,3,DH7E 4FW,2,UK
37198638,155,3,2,1,YA9E 6BL,4,UK
99152110,48,3,1,1,UH5R 0RN,6,UK
30879979,112,2,1,3,ZH1R 2JJ,6,UK
41105237,115,1,2,1,R2W 0TD,4,UK
85959505,104,3,1,1,UV5W 1GA,4,UK
32223069,18,2,4,2,YF2H 1UJ,6,UK
87070668,77,2,1,2,SH1 5LN,1,UK
96098930,134,1,4,2,Y1 5LJ,5,UK
29211240,109,2,1,3,Y3W 6XZ,3,UK
38906866,149,3,2,2,TR4 6NZ,5,UK
18408750,13,3,1,2,ON4P 4EH,3,UK
45173591,122,3,2,1,YO5M 1BJ,1,UK
08665812,44,1,4,3,Z2E 1PA,1,UK
44401042,44,3,4,1,T20 5LJ,2,UK
80195987,91,2,3,1,T83 3XB,2,UK
52075901,124,3,2,1,OE6B 3XL,2,UK
89050992,121,2,2,3,RR0H 9XS,6,UK
79389130,112,2,2,2,TV8P 6HG,6,UK
70908502,142,2,4,3,SA4H 3WF,4,UK
84376079,153,1,4,2,WQ3 9LH,6,UK
52954010,14,1,4,1,ZH7 5BT,5,UK
93610336,1,2,1,3,RR4 5LL,1,UK
74308134,102,2,1,2,Z4P 1SN,4,UK
32567330,4,3,3,3,I4J 9NA,2,UK
03830293,39,3,2,2,WR7R 3DY,3,UK
31821353,117,1,1,2,FQ4H 6NP,5,UK
07643075,36,2,2,2,HX5H 5NL,3,UK
74912135,156,2,3,2,J6J 8UW,4,UK
73713488,68,3,4,1,YM8H 1JD,2,UK
18513624,101,1,1,3,TR63 9NL,6,UK
70320160,127,1,2,1,Z5A 4FN,5,UK
75171070,156,1,1,3,UA6H 2JX,1,UK
10927242,55,1,4,3,M8 2ZN,1,UK
66990758,59,3,3,1,W9 5BJ,3,UK
30196952,36,1,2,2,FH7P 7LX,3,UK
76852944,64,1,1,3,OQ0N 0AJ,1,UK
52319130,156,2,1,2,W3J 9JL,5,UK
53397872,160,1,2,1,GK3W 6NJ,2,UK
00452336,121,1,4,3,LB3N 2GX,4,UK
00193590,121,1,4,3,NE5R 9NJ,6,UK
84545842,95,1,3,2,IA2B 4RZ,5,UK
69593204,3,3,3,1,M7U 4NB,4,UK
10105731,25,2,1,1,ZH7R 9NJ,2,UK
91749485,156,1,3,3,YD3M 9JD,2,UK
95961634,125,2,3,2,ZC6 0TJ,5,UK
44542689,103,2,1,2,U9W 0DX,4,UK
79527203,14,2,1,1,YR3V 6NZ,1,UK
30810182,22,1,3,1,WG5W 9AJ,2,UK
63369267,36,2,4,2,OS6H 7AB,4,UK
88567464,32,1,1,1,K10 4LY,2,UK
50615769,111,2,4,3,W38 7HW,5,UK
08724767,153,2,3,1,BV6E 2GL,6,UK
85557855,1,2,4,3,UA5P 1JL,3,UK
34739765,33,3,2,3,Z1S 6DF,1,UK
01316506,66,2,1,2,Y5W 7FW,2,UK
19322549,21,1,2,2,SD3H 1ND,2,UK
02765107,74,2,1,3,E7W 3LT,3,UK
38233311,128,3,1,2,WR0R 2BJ,6,UK
47726430,112,3,1,1,WC3E 8GB,3,UK
97735027,106,1,1,3,JV37 0UE,1,UK
87637471,158,1,1,3,NX25 6WL,1,UK
76662637,132,2,2,2,IB9H 6LN,3,UK
59768110,20,2,2,1,Z3S 3AF,1,UK
81436891,103,3,3,2,Z5K 0AZ,5,UK
62877571,91,3,4,3,WL4A 9AB,5,UK
63612866,133,3,2,1,Z9W 9NF,3,UK
86485759,126,2,1,1,R50 3JG,1,UK
37628298,2,3,1,1,SE4M 6NH,5,UK
68018952,115,2,1,1,I6 8FB,1,UK
71800779,62,2,1,3,S7P 1SN,4,UK
59806048,95,1,1,2,SB0 5JH,1,UK
73730729,51,1,1,2,Z6J 5LJ,1,UK
06594577,29,1,2,3,ZD8N 4JA,2,UK
10371374,137,2,1,3,WY8N 5NB,4,UK
98238013,48,1,3,3,TG6M 9NS,3,UK
76834337,113,2,4,3,W7 2HJ,6,UK
44966267,44,1,2,2,ZA4P 7NJ,3,UK
84219056,34,3,3,1,ZD95 9QU,6,UK
46705771,78,3,3,3,ZX77 2NN,1,UK
87558180,84,3,2,3,ZS2R 4SN,4,UK
91555653,113,3,2,1,G9F 5JE,1,UK
31035240,55,1,4,2,AX2R 8BR,5,UK
82570563,98,3,2,2,WG0E 5JU,4,UK
25720033,56,1,4,2,WK07 5QJ,3,UK
50077259,162,3,1,1,RL1X 8GA,3,UK
96081064,73,3,4,2,ZD3H 5SS,3,UK
62950818,55,1,1,3,YV9R 9YN,1,UK
25499303,120,2,1,1,WG8M 0AN,1,UK
00099384,12,3,2,2,W2P 5XF,6,UK
67259263,137,1,3,1,N0K 4NJ,1,UK
91639911,77,3,3,3,W8P 3JL,2,UK
11629156,60,3,1,1,S1 5JJ,6,UK
52276551,155,2,4,3,ZY7M 1JS,4,UK
32559370,81,2,3,3,CN9V 7XP,6,UK
20936242,41,1,3,2,YQ1E 6NJ,4,UK
04677678,87,3,2,1,AA2P 2QJ,2,UK
66306279,65,3,2,3,GG8A 0FA,3,UK
90408022,143,3,4,1,GV73 4GQ,6,UK
04062594,62,3,2,2,Y9H 4XA,1,UK
05916744,16,1,1,1,W8K 2NL,3,UK
37250934,28,3,2,1,B7P 5ZX,6,UK
93235392,64,3,2,1,TA8P 6SZ,2,UK
99240900,57,3,1,2,WA7E 3NX,1,UK
99064504,151,1,4,3,YH0V 6LA,6,UK
86444065,7,2,1,2,C1W 1DD,3,UK
09973558,24,2,4,1,HP2E 1RF,2,UK
42259856,114,2,2,2,WH67 9NJ,3,UK
19684064,85,2,3,3,LL5B 9QH,3,UK
32544303,74,1,4,2,ZD0P 8JA,5,UK
88849579,76,1,3,3,ZE0B 0HN,1,UK
80639241,36,3,1,2,S1B 2SR,3,UK
19161927,4,1,2,1,WP5H 2LD,2,UK
34664126,85,1,3,1,Y6A 7SB,6,UK
00652998,110,2,2,2,SA1B 6WZ,3,UK
69847682,7,3,1,3,YY0A 2LW,4,UK
36416524,107,3,2,1,WG2R 4ZW,4,UK
62236090,69,2,1,1,DA7A 4UE,1,UK
14152698,164,2,2,3,RO1 3LJ,6,UK
99304768,22,3,4,1,ZC0R 6RL,4,UK
69032926,132,1,2,2,ZG5 8NT,3,UK
10288073,21,1,3,3,NC4B 1AJ,2,UK
58217877,74,1,3,3,E65 6LN,6,UK
79388596,18,3,2,1,ET90 6LB,5,UK
00637642,60,1,3,1,W2W 3LB,6,UK
23870155,32,3,3,3,U4 6XN,2,UK
77694708,121,3,3,1,SO0 5JL,1,UK
51632126,55,2,2,2,R1K 5BS,5,UK
34966632,153,1,3,1,WB7W 2JJ,4,UK
49994502,113,3,2,3,WA2B 7NJ,2,UK
61483398,34,3,3,3,C0 8JX,4,UK
67955261,27,3,1,3,T9F 8QN,2,UK
80710877,130,2,1,1,N75 3YN,3,UK
31851885,67,1,1,2,S5P 1YL,1,UK
91334849,148,1,2,3,W3W 3JN,5,UK
66890718,34,2,3,3,ND4A 5AB,4,UK
84101124,54,3,1,1,J03 3BJ,2,UK
17311984,50,2,3,3,O5T 2JJ,4,UK
57970805,36,2,1,3,WH2P 8DA,2,UK
08348273,123,2,4,2,WN9W 6EJ,6,UK
41866776,161,3,3,2,GF3E 8JD,6,UK
01267324,2,1,4,1,RR9B 5LJ,3,UK
87136702,45,2,1,2,WF1E 8BD,5,UK
35079239,114,3,4,2,P9W 3SD,2,UK
75824566,105,3,2,2,W3K 0YW,6,UK
58798462,82,3,4,3,ON8 8NX,3,UK
13296598,149,2,4,3,WT9P 5RX,6,UK
81948617,140,3,2,2,U1S 8BH,1,UK
18848414,111,2,4,3,ZD9X 0NA,3,UK
77612362,158,2,4,2,T66 7DP,6,UK
14467979,103,1,1,1,IK9E 5SX,5,UK
18402098,61,1,3,3,ZO2R 7BL,6,UK
16936965,24,2,3,3,LR6N 6GJ,5,UK
97310169,74,3,2,2,GG4H 3LN,3,UK
89494536,59,1,4,2,W1 3AY,4,UK
16801713,147,1,1,3,UY5M 8BG,5,UK
65787994,161,1,4,2,YL01 9JL,2,UK
41919940,47,2,4,2,RE0R 8LX,1,UK
59720849,8,3,4,1,Z2W 0ZE,3,UK
10672232,119,1,4,2,C1 4NL,6,UK
19104699,144,3,2,2,PM60 3BB,1,UK
87869791,155,1,1,1,Z9 1DH,1,UK
37009944,20,2,3,3,EP2B 5LW,3,UK
17478884,71,2,1,1,JP59 2NW,6,UK
40985961,93,1,3,3,YR6M 7ZF,3,UK
40939603,164,1,2,3,N5T 7PN,6,UK
19008822,98,3,2,3,KG8H 0LU,4,UK
55772280,46,2,2,1,SD9R 4LZ,6,UK
48946965,127,2,1,2,D2B 3RA,6,UK
99787937,7,1,2,2,W3U 9JJ,4,UK
26530409,114,3,4,2,YQ3P 8UN,4,UK
49241848,140,2,2,1,U7W 9NN,3,UK
86158042,33,2,2,1,A3W 6NN,1,UK
12423936,127,1,3,1,J6B 0BJ,3,UK
43407843,112,3,4,1,DH0B 7FS,2,UK
48041521,7,3,4,1,MB0H 5BA,6,UK
22561742,164,2,2,1,WC47 6EX,5,UK
98569379,75,2,1,3,RN6Y 7XA,3,UK
26492841,120,3,2,3,WD3E 5JQ,4,UK
53677850,162,3,3,1,YE3N 3BN,5,UK
87963328,101,2,4,2,WM4R 9ZY,3,UK
83731300,38,1,3,2,LC4 0BE,2,UK
70318102,152,3,1,3,YU4P 1EA,2,UK
69652994,9,2,3,1,S3J 2JE,4,UK
02537383,89,3,4,1,SS0H 4QN,4,UK
75269868,1,3,2,3,YG8E 6LY,4,UK
94230922,153,3,1,1,WW0B 9FN,5,UK
88410384,161,1,3,3,OE7 8ND,3,UK
85344221,134,2,2,3,WB9H 3FY,3,UK
36935526,160,2,1,1,WX5A 2QJ,2,UK
91891846,139,2,2,1,TX9M 2LB,5,UK
67048040,23,3,2,1,K1W 0FH,6,UK
21443278,91,1,2,1,Z5W 7LJ,2,UK
65971659,139,1,4,2,MF4N 0DL,5,UK
68409443,153,1,2,2,WH3H 1AL,4,UK
33965285,13,2,3,1,M6P 1SN,2,UK
73071013,1,3,3,1,WL2H 1DN,3,UK
95154844,142,1,4,3,M06 5PJ,3,UK
85317974,113,1,3,1,RB2 2UL,2,UK
94964314,68,3,1,2,SK88 3RN,6,UK
54471126,74,3,3,3,WB4A 6YL,6,UK
75602609,48,3,2,1,WL1V 9SL,2,UK
43982979,80,3,1,2,G48 9NN,1,UK
99596227,130,3,3,1,SH8P 4BJ,3,UK
74909751,140,1,2,2,IH2R 0NZ,3,UK
66848554,36,3,3,2,ZC5Y 6NJ,6,UK
67321839,102,3,3,2,YL4R 2EJ,5,UK
27069201,42,1,2,3,YQ5V 0JF,1,UK
64508115,28,3,4,1,Z1S 5XH,5,UK
99425306,138,3,2,2,ZB5M 1QL,2,UK
61050243,109,3,3,1,Y63 4JL,1,UK
59098493,14,3,4,3,Y0J 4JA,2,UK
07171259,123,2,1,3,WP3 6LJ,2,UK
56593385,29,1,4,1,S91 3LL,4,UK
60274467,30,1,3,2,SB82 9JP,6,UK
37612368,3,1,2,2,L8U 2JL,2,UK
41426746,100,3,3,1,IH5P 4FQ,4,UK
14473270,30,3,1,3,R0W 7LZ,5,UK
23420482,158,1,3,3,WS9 5JN,1,UK
26931887,9,3,2,1,SE4R 1AT,1,UK
36952977,31,1,3,3,ZY9 4UJ,6,UK
05974083,58,2,1,3,WV3H 5BA,4,UK
15988913,96,3,1,3,ZM4P 9SL,1,UK
51420994,94,1,4,1,U40 9NJ,1,UK
33096002,101,1,2,1,Z9W 9BF,1,UK
64522500,71,3,1,3,JE73 7FL,3,UK
93649093,44,3,3,1,YC5R 2LN,6,UK
99612040,108,3,2,3,WN4W 3GF,2,UK
38497706,131,3,1,3,WE2P 8XQ,4,UK
23934044,2,1,1,2,ZO3H 3WU,3,UK
85404959,18,3,1,3,WF4B 1BL,4,UK
01726422,149,2,2,3,HT8P 0WJ,3,UK
85833984,20,3,2,3,CC2W 1EJ,1,UK
58514922,70,3,3,3,W82 9ED,3,UK
56306577,23,3,1,3,WO8X 0JL,5,UK
33493348,144,3,3,1,T4W 5JL,6,UK
95829629,11,3,3,1,Y1P 0JE,3,UK
33148653,48,1,1,1,B3 1AJ,5,UK
69294952,135,1,3,1,WG5 7LF,1,UK
34675779,50,3,4,2,Y8 5NW,1,UK
57232330,111,2,2,2,Y1W 1HG,5,UK
35332684,82,2,1,1,W2U 4NB,3,UK
38809999,43,3,2,1,WK6 7NN,3,UK
43581894,16,1,2,3,RB6H 4BW,2,UK
42245329,128,3,1,1,PF0P 3BL,1,UK
45374457,132,2,2,3,WU8M 7WL,6,UK
