CollateralID,CollateralValuationTypeID,Indexation,Valuation_Currency,Valuation_Date,gross_value,DiscountedValue
97796116,9,True,GBP,25/04/2010,418765,540
56845049,15,False,GBP,23/03/2011,024908,38306
60392499,18,True,GBP,28/08/2011,56166097,799
70348756,1,True,GBP,09/12/2003,38875578,934
05174737,14,False,GBP,31/12/2016,410225,165
90324645,15,False,GBP,25/03/2018,340435,495
32556393,13,True,GBP,01/09/2012,1422453,316
19228173,22,True,GBP,09/08/2006,8017858,828
90564773,21,False,GBP,01/11/2015,96902384,8311
75763354,9,True,GBP,20/08/2006,586014,605
14699912,5,False,GBP,29/08/2008,34893438,449
73300990,20,False,GBP,11/10/2003,77905499,544
44590238,5,False,GBP,29/04/2002,450355,0229
16446473,22,True,GBP,17/10/2021,981046,41935
02128676,23,True,GBP,06/02/2004,401470,269
61960307,18,False,GBP,05/11/2008,2074343,28384
16935838,9,True,GBP,29/12/2009,0544297,39569
23393697,26,True,GBP,18/07/2000,020331,3329
75143091,6,False,GBP,17/02/2008,79017229,9821
72593225,11,False,GBP,16/07/2018,92817592,529
44032610,21,True,GBP,23/05/2013,58987765,066
83966009,16,False,GBP,08/11/2006,38650347,491
57769775,12,True,GBP,09/01/2010,55603124,83382
95413529,19,True,GBP,20/03/2009,335697,820
88031390,24,True,GBP,19/11/2013,5956270,129
83740627,17,False,GBP,17/11/2018,81206480,593
31777460,19,False,GBP,31/03/2002,984869,623
66048834,16,False,GBP,29/03/2007,63088708,527
11568515,8,True,GBP,19/04/2014,411182,02433
76719602,24,False,GBP,14/06/2007,682316,0218
01627302,16,True,GBP,28/08/2010,002412,131
74301687,22,True,GBP,26/11/2008,633656,098
99297687,19,False,GBP,03/02/2013,71362767,618
15807311,17,False,GBP,19/05/2004,3716398,38238
49137258,25,False,GBP,31/08/2018,29246546,140
70433028,20,False,GBP,08/11/2009,906810,76331
98376445,9,True,GBP,13/08/2019,585013,49214
10385346,7,True,GBP,14/09/2016,919975,479
96638025,9,True,GBP,23/01/2010,298848,036
88789755,28,False,GBP,28/10/2010,53757809,168
10815001,1,False,GBP,25/02/2005,149925,966
26697620,25,False,GBP,12/06/2004,9090420,0393
85738395,28,True,GBP,13/08/2006,897387,040
35410447,5,True,GBP,09/05/2020,629885,6508
33775917,9,True,GBP,13/10/2002,6296372,831
70151038,26,False,GBP,22/10/2021,1705767,142
35253183,1,False,GBP,06/08/2014,659192,36355
57034524,27,False,GBP,28/05/2005,173737,022
56408711,10,False,GBP,02/06/2021,04743972,993
36729947,19,False,GBP,16/04/2015,7243837,5141
13884612,21,False,GBP,01/07/2009,87861059,48015
90888379,8,False,GBP,15/06/2006,2308065,90264
39652790,22,True,GBP,14/08/2016,224543,9099
67437642,1,True,GBP,11/11/2005,40281229,6713
27813607,26,False,GBP,06/10/2009,9567486,977
66099784,8,False,GBP,17/03/2005,1622744,25869
39706029,25,False,GBP,27/01/2006,06859775,408
64870399,14,True,GBP,14/09/2013,696979,663
26650086,3,False,GBP,18/09/2008,587051,48429
27178709,2,True,GBP,10/11/2017,207814,74744
68968505,17,False,GBP,24/08/2009,1519869,928
80428387,12,True,GBP,27/10/2015,936293,687
69595650,26,True,GBP,18/02/2007,3921277,986
23258269,8,True,GBP,30/12/2008,228931,772
57105627,21,False,GBP,03/07/2008,215652,6235
08491503,17,True,GBP,02/08/2015,597108,7397
39416854,8,True,GBP,11/02/2012,8594913,579
54063943,19,False,GBP,17/07/2013,95279797,213
62737647,8,False,GBP,11/05/2021,11202483,9040
90498361,26,False,GBP,18/03/2016,0210951,23847
09089979,5,False,GBP,25/02/2011,6298092,9046
54306854,8,False,GBP,26/07/2021,12407672,92846
01340804,28,True,GBP,22/07/2005,156834,455
92495650,17,False,GBP,16/03/2009,88223903,141
83555600,2,False,GBP,15/11/2014,601560,720
76680063,3,True,GBP,10/01/2008,79430360,881
44133727,4,True,GBP,23/02/2003,7059964,913
22054179,12,True,GBP,16/11/2008,5270340,859
70673611,26,True,GBP,18/03/2005,616068,8388
24851514,28,False,GBP,15/05/2018,5290298,9492
14591908,15,True,GBP,24/10/2018,907534,8338
33465259,14,False,GBP,24/09/2002,31826721,673
49661651,8,True,GBP,18/10/2016,173694,577
15366900,2,True,GBP,27/12/2003,44736046,18229
62477580,2,False,GBP,07/12/2017,72555146,51579
55934040,6,False,GBP,17/11/2019,78258287,39873
06650195,3,True,GBP,28/06/2015,626127,16454
52458060,16,False,GBP,14/11/2014,647151,150
91410440,7,True,GBP,14/01/2001,425177,332
95250235,5,True,GBP,09/05/2020,987880,368
42151733,10,False,GBP,01/08/2005,4452552,9818
43271215,13,False,GBP,18/08/2006,9695609,5834
72420425,20,False,GBP,07/01/2009,98523425,73083
23317567,25,True,GBP,24/01/2010,7410433,4959
86909364,22,False,GBP,10/01/2016,27249422,940
71278551,5,True,GBP,29/06/2010,0298167,592
75876172,14,False,GBP,27/06/2010,6219757,801
66975006,16,False,GBP,01/07/2021,715474,2735
78466859,5,False,GBP,24/02/2020,409891,9011
57354273,4,True,GBP,07/09/2011,9884234,98803
55963337,14,True,GBP,09/02/2009,981882,63537
44373722,9,False,GBP,08/06/2009,238253,394
83999268,13,True,GBP,21/12/2007,8076767,211
21764040,21,False,GBP,31/03/2001,6402103,4649
27629375,20,True,GBP,02/07/2010,129274,54823
71043762,18,True,GBP,23/08/2002,508939,987
73059622,26,True,GBP,09/11/2020,43764623,981
50313332,21,True,GBP,19/07/2010,4527038,42050
53677049,11,True,GBP,01/10/2002,481055,890
43161558,19,False,GBP,30/01/2020,452814,148
04485507,18,True,GBP,12/05/2004,6537623,02643
17297851,8,True,GBP,17/01/2012,188447,55612
70032263,14,False,GBP,10/11/2006,554410,9479
26801106,14,True,GBP,19/08/2020,1824841,9640
70354699,5,False,GBP,07/11/2007,204404,25340
17579091,12,True,GBP,28/10/2002,1782844,167
63067406,6,False,GBP,24/09/2012,9723239,18978
31365883,19,False,GBP,26/08/2014,1850330,4277
21126080,22,True,GBP,02/05/2018,21374203,710
69336218,8,False,GBP,08/07/2016,095513,910
99725933,14,False,GBP,04/04/2004,94708211,48292
80046985,1,False,GBP,30/04/2000,2188460,834
33500514,11,True,GBP,28/09/2021,477318,6428
45641656,11,True,GBP,13/02/2012,99420633,6530
53062853,14,True,GBP,25/07/2009,25959548,1865
27858938,10,False,GBP,06/01/2016,3588622,767
31227079,26,True,GBP,04/05/2018,501850,888
02857312,22,True,GBP,03/08/2013,3879212,2646
39001913,11,True,GBP,11/02/2007,3053967,3113
33585374,24,False,GBP,30/11/2013,958797,844
68303896,12,True,GBP,04/07/2019,996186,062
11648468,20,True,GBP,23/04/2022,5729141,16788
26321987,17,False,GBP,13/12/2016,59166779,505
60820165,25,True,GBP,16/05/2004,6273655,856
76719772,24,True,GBP,29/10/2006,557888,3698
23801201,17,False,GBP,18/07/2010,199768,2715
23491392,25,False,GBP,20/09/2003,58140313,8994
82081630,2,True,GBP,10/12/2018,7371085,806
30424683,9,True,GBP,21/05/2006,651192,76386
14261048,14,True,GBP,16/01/2022,208580,627
66065017,5,True,GBP,25/07/2006,05300154,82884
41502529,9,True,GBP,17/12/2000,51100489,831
85737270,4,True,GBP,07/06/2004,576946,27745
91594877,3,True,GBP,22/07/2007,340224,85684
78548647,25,True,GBP,10/10/2002,24863539,589
43631378,11,True,GBP,27/01/2016,578938,597
12157012,26,True,GBP,05/04/2022,028937,3792
77067331,19,True,GBP,24/02/2005,97760636,84459
58667496,26,False,GBP,09/09/2004,727083,655
54886244,14,True,GBP,08/01/2022,841228,6841
39390576,22,False,GBP,02/08/2021,75349696,641
92531053,7,True,GBP,12/01/2003,363356,30797
35418795,10,False,GBP,06/12/2000,999247,2687
23282913,5,False,GBP,31/05/2001,040740,821
65844330,10,False,GBP,24/04/2006,828432,54909
42134965,4,False,GBP,20/01/2006,786157,42400
44691597,10,False,GBP,24/12/2000,7810286,877
13147731,5,False,GBP,26/04/2020,70634269,9666
79497105,25,True,GBP,17/01/2007,6574857,516
75911770,3,False,GBP,30/03/2010,543142,313
57748004,24,False,GBP,07/01/2001,076687,1194
86121688,24,True,GBP,03/07/2021,7138048,1008
16268038,23,False,GBP,25/01/2007,538659,7130
17237993,17,True,GBP,21/01/2005,49785583,4416
55341203,23,False,GBP,09/09/2021,5561346,917
49165436,19,False,GBP,23/04/2001,6748401,456
35107246,11,True,GBP,08/04/2019,69613804,000
70007061,10,True,GBP,23/07/2008,460915,01633
47322729,4,True,GBP,09/06/2008,266561,433
53693992,25,False,GBP,17/07/2009,832078,85621
42125482,5,False,GBP,23/10/2012,56647384,27554
13692177,1,False,GBP,20/10/2016,974310,74308
15466513,1,False,GBP,19/06/2013,315449,93059
79819728,8,True,GBP,21/07/2001,711592,812
27994326,3,True,GBP,22/10/2009,0345251,16139
08174679,10,False,GBP,25/06/2003,748797,02726
56457918,23,True,GBP,09/01/2013,75824828,898
32891856,27,True,GBP,12/11/2007,623879,77392
49297075,1,False,GBP,14/06/2005,752194,848
10196584,28,False,GBP,11/12/2010,700570,316
27802351,25,False,GBP,18/05/2020,900600,5557
44539313,21,True,GBP,13/05/2005,000919,125
34456046,8,False,GBP,29/04/2016,603519,295
82993193,8,True,GBP,24/06/2018,768406,2985
79157066,1,False,GBP,08/09/2018,5678206,653
77816282,25,True,GBP,22/03/2021,026703,228
29827151,11,True,GBP,31/08/2014,406089,1035
56420237,26,False,GBP,14/12/2001,9944984,91497
93033509,4,True,GBP,02/11/2015,73061149,897
77822592,22,False,GBP,25/06/2015,51782512,67061
00686641,7,True,GBP,05/03/2001,71860990,259
09392109,17,False,GBP,17/12/2006,88104617,998
39074021,8,True,GBP,13/12/2018,830495,86346
29595112,3,True,GBP,01/12/2014,3606015,8188
79435013,22,True,GBP,21/05/2013,85483629,513
94103895,20,True,GBP,02/04/2018,2897617,504
48904418,4,True,GBP,23/09/2001,874470,75949
75230815,8,True,GBP,03/10/2020,764088,161
57292557,13,True,GBP,13/03/2014,8038337,554
85044582,22,True,GBP,01/01/2022,856157,4576
01073642,22,True,GBP,16/03/2014,770128,31168
98875221,25,False,GBP,21/07/2020,04116000,1000
13042466,7,False,GBP,12/01/2017,50725829,0502
25966198,19,True,GBP,25/04/2008,685311,25695
42446605,28,True,GBP,15/07/2010,906448,166
33156029,24,False,GBP,06/01/2015,1253745,380
58206618,7,False,GBP,15/12/2021,2488014,3700
19515626,22,True,GBP,05/12/2000,682552,216
14544711,24,False,GBP,08/10/2004,175443,075
08281586,22,False,GBP,15/07/2021,860239,898
39264053,3,False,GBP,16/11/2019,091442,33355
98964276,15,False,GBP,09/11/2014,30155032,866
70642325,8,True,GBP,05/01/2009,45076694,2682
62812914,24,False,GBP,11/12/2018,89953108,51178
08069501,14,False,GBP,07/03/2009,63941361,3810
77670360,22,True,GBP,24/07/2019,89672012,18211
57243221,9,True,GBP,14/10/2010,48584409,992
28934796,2,True,GBP,14/10/2009,558936,050
54702192,26,True,GBP,10/09/2005,575314,405
74035964,16,False,GBP,12/07/2004,291631,578
20091488,10,False,GBP,20/09/2012,925761,3124
77415255,25,False,GBP,26/02/2008,596606,9870
68376998,17,False,GBP,22/02/2002,833804,270
14970403,21,True,GBP,30/12/2013,06976451,24195
99949512,4,False,GBP,10/05/2022,19903512,35051
76791768,12,False,GBP,02/09/2008,629079,95116
23959490,9,False,GBP,30/01/2010,6591417,4099
94098780,17,True,GBP,27/09/2021,876822,834
39168176,4,False,GBP,06/04/2016,7631201,8531
35061270,24,False,GBP,01/10/2021,720695,304
66274241,11,False,GBP,12/02/2013,841881,552
33140378,19,True,GBP,07/03/2012,676958,673
65106468,23,False,GBP,20/08/2021,693764,236
49755073,15,True,GBP,27/10/2019,565535,3179
19836427,9,True,GBP,01/03/2004,649450,1078
87035006,2,False,GBP,14/06/2020,11641777,602
56260650,1,False,GBP,12/04/2010,6886140,23834
89281260,3,False,GBP,10/09/2006,715090,12203
37650501,22,True,GBP,31/03/2008,502556,75914
47455766,15,True,GBP,17/02/2001,8813558,258
30469404,15,False,GBP,20/09/2020,637416,135
87443494,3,False,GBP,01/12/2006,1654256,2624
79907856,13,False,GBP,03/03/2000,931743,798
84451153,13,False,GBP,11/12/2003,503602,578
24046807,21,False,GBP,15/07/2016,835469,77749
44769511,1,True,GBP,01/06/2008,108800,379
45875471,26,True,GBP,09/06/2006,1520272,866
74856528,7,True,GBP,22/08/2008,794968,66590
93792190,3,True,GBP,25/10/2008,27850133,7788
41520632,14,True,GBP,08/11/2007,257984,853
82939330,13,True,GBP,05/02/2014,2822903,61417
11949582,5,True,GBP,20/10/2009,81818442,08759
13891454,25,False,GBP,26/09/2012,387385,8781
83150414,28,True,GBP,12/10/2011,0445358,308
03576822,14,False,GBP,09/12/2015,552657,757
59071845,18,True,GBP,23/04/2018,164516,266
01210772,18,True,GBP,22/04/2012,3599644,28288
09349820,12,True,GBP,05/10/2016,56466928,466
26318634,16,True,GBP,02/03/2007,360186,049
42820556,14,False,GBP,23/01/2016,807511,427
16970126,5,False,GBP,01/12/2019,77283730,308
05784672,26,False,GBP,09/11/2006,4517326,972
08144993,5,True,GBP,28/07/2012,53724826,407
48181578,6,True,GBP,24/11/2012,832923,325
85460937,18,False,GBP,06/11/2004,6852460,7126
92145723,3,True,GBP,18/07/2004,2078088,398
21953080,12,True,GBP,09/10/2012,60413219,11797
08243793,26,True,GBP,03/12/2011,018410,310
13628998,23,True,GBP,22/02/2020,529903,129
47184808,23,False,GBP,06/08/2000,282189,981
73588073,12,False,GBP,15/07/2018,4978429,45830
18898707,19,False,GBP,11/02/2021,294694,380
60999407,8,True,GBP,15/05/2001,189103,134
12597264,12,True,GBP,26/08/2005,70293075,594
46686653,24,False,GBP,08/04/2009,8521705,7232
25529844,17,False,GBP,07/06/2002,6715597,99167
35894875,3,True,GBP,15/01/2018,886622,194
10240114,2,True,GBP,26/11/2005,637052,42316
84763121,4,True,GBP,06/04/2004,521698,03033
06433105,19,False,GBP,25/05/2012,088479,17578
37225579,15,True,GBP,12/02/2006,351302,304
90908468,27,False,GBP,26/08/2009,734384,355
23658937,2,True,GBP,07/07/2007,2127569,291
75652815,3,False,GBP,24/07/2006,3767048,159
62074756,23,True,GBP,12/05/2019,601448,90252
09423423,10,False,GBP,21/03/2018,959483,425
52888594,5,False,GBP,04/03/2000,539925,368
27275890,17,True,GBP,04/07/2008,92879266,8794
88121677,22,True,GBP,20/08/2003,185435,105
08429956,11,True,GBP,13/12/2011,799463,078
36633477,10,False,GBP,29/03/2001,80376414,66234
67779459,14,True,GBP,24/11/2015,705551,3180
23990028,27,True,GBP,22/12/2012,66960640,869
01297693,23,True,GBP,12/04/2004,785727,8829
37592848,8,False,GBP,15/12/2001,237423,6283
55501333,21,False,GBP,06/06/2001,512343,704
49597978,9,False,GBP,23/11/2010,575439,5217
30585413,16,False,GBP,15/07/2020,24612719,737
86714466,13,True,GBP,31/07/2012,244253,4203
46770937,5,False,GBP,23/11/2019,52429568,484
06637320,27,False,GBP,08/08/2016,02420599,7799
29957095,20,True,GBP,11/12/2007,700799,69902
62143743,5,True,GBP,21/10/2004,6545845,1418
23494799,24,False,GBP,07/06/2008,1097065,448
27664118,18,False,GBP,28/06/2017,50881948,40671
29135936,28,True,GBP,07/10/2005,902933,528
48854293,7,False,GBP,10/09/2015,296956,05569
01358894,2,False,GBP,03/08/2000,3413332,41898
64075505,23,True,GBP,15/03/2009,821636,2169
16293079,21,False,GBP,11/10/2015,448596,614
70389278,15,True,GBP,05/01/2018,022727,9472
91513221,18,False,GBP,20/09/2016,792240,327
99373484,3,True,GBP,20/03/2015,95773138,1800
45772914,27,True,GBP,12/07/2000,4327695,677
59932356,16,False,GBP,25/03/2007,15636963,19817
93828500,15,False,GBP,16/05/2004,066325,7283
17824124,12,True,GBP,26/05/2006,32227374,421
20902026,7,False,GBP,27/04/2016,9113098,90170
78053641,20,False,GBP,20/08/2007,688351,628
16810650,14,True,GBP,02/08/2009,325520,65918
66807644,13,True,GBP,14/07/2000,1632009,79510
34223280,4,False,GBP,26/03/2019,704077,0851
00280694,19,False,GBP,17/11/2018,578046,78977
05645761,3,True,GBP,23/03/2012,2750115,8957
36571256,26,False,GBP,31/03/2020,886962,6703
61154766,19,True,GBP,13/03/2013,83742261,40953
30448592,1,True,GBP,01/04/2018,049047,651
89060687,12,True,GBP,04/03/2019,25677312,332
15046845,7,False,GBP,16/03/2009,034743,920
81517919,5,False,GBP,06/04/2004,12354262,20413
10445081,27,False,GBP,17/01/2005,4465600,009
09862248,24,True,GBP,24/02/2006,124275,7284
55097008,26,False,GBP,29/12/2018,853372,715
52288512,13,True,GBP,09/12/2010,306708,3265
48955416,27,False,GBP,05/09/2016,3304926,39430
59113414,17,True,GBP,30/06/2011,162078,5767
21237712,2,True,GBP,13/06/2018,648724,606
86145432,1,False,GBP,21/03/2005,664524,32349
18573232,26,False,GBP,05/08/2000,854377,717
01602577,7,False,GBP,14/08/2012,304463,89470
51695761,23,True,GBP,16/05/2009,390308,629
94194244,21,False,GBP,20/05/2005,40894599,66618
15496546,11,False,GBP,02/04/2019,87273142,3405
08350611,16,True,GBP,14/11/2013,965529,625
85716222,18,False,GBP,08/10/2001,628327,8655
22512260,28,True,GBP,25/11/2016,11437962,52104
33305554,5,True,GBP,19/09/2002,96443896,32238
74375464,28,True,GBP,01/12/2020,998344,8102
66224812,13,False,GBP,04/03/2020,49772264,686
54099941,17,False,GBP,03/08/2005,084335,084
57779139,3,True,GBP,15/02/2022,832292,749
81950517,17,False,GBP,02/01/2021,0288775,89421
24796829,16,False,GBP,26/06/2011,75155882,3418
87459632,19,False,GBP,25/06/2016,5207836,79644
89124030,15,False,GBP,20/12/2015,0764959,1646
48456932,16,True,GBP,28/07/2011,04901012,76916
45531138,12,True,GBP,29/03/2010,60415077,917
13421727,14,True,GBP,13/06/2014,5030877,46029
94421882,18,False,GBP,03/12/2019,877017,89966
98808248,9,False,GBP,29/10/2011,328957,2878
94935046,12,False,GBP,17/10/2020,141219,172
46915109,23,True,GBP,23/11/2009,3281935,719
29205084,9,True,GBP,09/02/2021,404734,7231
03657190,17,False,GBP,17/01/2010,38591268,912
86039814,2,False,GBP,24/03/2006,29978213,696
36563311,22,False,GBP,01/05/2003,8874472,8528
19843140,24,False,GBP,27/04/2013,6772153,725
32930034,19,True,GBP,01/08/2020,066672,133
81588401,26,True,GBP,10/01/2022,04285326,55410
37507146,9,True,GBP,11/11/2007,880820,273
41396473,13,True,GBP,16/06/2021,18030645,62366
88515685,14,True,GBP,07/10/2016,3815847,748
06673274,15,False,GBP,29/11/2005,807203,66788
41667003,7,True,GBP,11/06/2003,253248,26025
02844636,23,False,GBP,24/09/2012,736867,839
34352038,12,False,GBP,27/04/2017,8197617,531
62485743,24,False,GBP,23/10/2014,3039193,991
57314990,7,False,GBP,20/06/2021,294825,3700
88088133,25,True,GBP,11/03/2004,7249810,7563
16829659,27,False,GBP,27/06/2007,1203976,95533
42004252,19,True,GBP,30/11/2013,063316,699
10372908,1,True,GBP,31/01/2022,865081,55560
65963327,7,True,GBP,15/07/2004,2042972,19701
91311519,8,False,GBP,03/03/2016,43006004,1492
62649352,20,False,GBP,14/11/2005,072819,551
80215742,4,True,GBP,27/07/2003,435923,4892
93023079,3,True,GBP,22/05/2016,6657602,47040
04964077,2,False,GBP,23/07/2008,7854053,332
77777143,16,True,GBP,23/02/2018,8990603,540
54084704,24,True,GBP,17/11/2004,073099,933
65475199,2,False,GBP,27/09/2011,86517681,79102
57201860,12,False,GBP,08/10/2005,816634,708
74833153,2,False,GBP,19/02/2007,032161,786
13163859,14,True,GBP,19/01/2019,34643713,6416
45540260,3,False,GBP,06/11/2014,3637666,26838
63507639,11,False,GBP,17/10/2017,587709,3056
55416392,23,False,GBP,01/08/2009,39710000,870
52452778,12,False,GBP,04/05/2013,6824521,760
32449834,6,True,GBP,17/06/2002,1565849,633
27516446,5,False,GBP,04/07/2018,7654553,43351
21408820,15,True,GBP,31/10/2021,710033,082
81137616,27,False,GBP,26/07/2006,6650887,471
07257477,16,False,GBP,03/08/2002,37753555,316
82967190,26,False,GBP,20/05/2004,198882,0831
09067952,3,True,GBP,13/08/2020,4305276,901
07154866,22,False,GBP,01/10/2001,125805,7141
04300425,15,True,GBP,24/03/2013,705283,399
05799656,18,True,GBP,29/05/2003,47727236,888
08972196,18,False,GBP,14/01/2010,5626318,045
59286074,2,False,GBP,26/03/2016,186082,208
36461712,5,True,GBP,22/03/2013,5495235,03797
26018365,1,False,GBP,05/07/2013,848734,0011
39481521,13,False,GBP,17/05/2006,2530491,179
40383967,15,True,GBP,22/01/2014,241921,92940
86339858,11,True,GBP,05/03/2006,29846982,8707
04991504,10,True,GBP,21/04/2018,9425278,6865
20330733,19,True,GBP,21/01/2008,7338251,56998
37241800,6,True,GBP,29/09/2003,557874,001
81258250,16,False,GBP,06/11/2007,66393437,24099
64896103,14,True,GBP,25/01/2010,51127740,6853
68401255,24,True,GBP,15/10/2011,3929028,8698
94193301,12,True,GBP,14/06/2018,42553582,571
25349289,8,True,GBP,12/06/2016,4480871,849
83343594,1,False,GBP,28/10/2018,582255,37451
56308395,26,False,GBP,21/06/2012,306696,2287
62865707,26,True,GBP,16/01/2007,196208,9642
93463069,18,True,GBP,24/10/2013,9848015,97487
58832044,13,True,GBP,03/06/2020,998971,99047
68270381,5,True,GBP,04/08/2008,99892179,3341
04171517,15,True,GBP,03/10/2000,54421242,006
38114549,13,True,GBP,12/08/2007,308425,18207
99977821,26,True,GBP,30/10/2003,1306148,085
83395147,3,False,GBP,23/02/2003,436206,8550
06913028,15,False,GBP,21/06/2001,7664578,80667
12807498,14,True,GBP,23/07/2019,82779926,352
28058188,26,True,GBP,15/04/2014,441168,000
90700380,14,True,GBP,18/04/2020,5513013,2508
17455587,5,False,GBP,03/03/2017,6630404,5652
61992717,24,False,GBP,14/07/2017,537314,481
78695565,9,True,GBP,13/08/2020,509596,694
26000075,14,True,GBP,12/03/2000,993240,08804
40240860,21,True,GBP,01/05/2005,759160,03545
35559370,18,True,GBP,30/05/2010,304457,02868
87100286,11,True,GBP,19/12/2021,1255267,97798
66211925,13,False,GBP,22/06/2008,6553794,62033
48444756,1,True,GBP,09/05/2007,1899468,858
35290908,20,False,GBP,02/04/2016,01600635,70629
74434144,22,True,GBP,01/10/2018,17707841,799
06844225,9,False,GBP,20/05/2021,962225,468
38541312,14,False,GBP,19/09/2011,301512,464
44757092,17,False,GBP,09/04/2011,6211134,59415
65239254,7,True,GBP,08/06/2004,9560473,49565
93444473,14,True,GBP,13/03/2009,53731331,658
22872480,28,False,GBP,29/09/2014,717731,637
08743937,10,False,GBP,04/12/2000,219348,50333
34106573,5,False,GBP,14/01/2010,337781,05264
92495206,5,False,GBP,21/06/2004,606246,436
07899277,25,True,GBP,15/09/2005,20449215,867
24832806,8,True,GBP,20/09/2016,175874,92075
16692176,26,False,GBP,04/09/2008,4071724,481
55802267,25,False,GBP,18/06/2014,08469082,15013
88844926,23,False,GBP,20/10/2012,42780625,000
69904217,15,True,GBP,17/03/2009,451951,746
48015741,7,True,GBP,30/06/2017,49086736,392
05284978,11,True,GBP,18/12/2018,902975,094
79697992,3,True,GBP,02/12/2002,262699,816
90182019,16,True,GBP,26/05/2006,91487464,15278
95766043,2,True,GBP,21/05/2009,627097,973
21748860,23,True,GBP,03/10/2010,735745,571
97324721,22,True,GBP,10/04/2012,05726346,278
55183229,1,False,GBP,24/12/2018,6009249,34612
04496583,17,False,GBP,29/05/2021,413007,077
60541620,9,False,GBP,28/05/2011,178354,915
13858914,10,True,GBP,26/04/2015,69555194,86394
03376717,12,False,GBP,29/01/2019,323990,943
67437212,3,True,GBP,13/12/2004,2244428,1279
75631055,13,True,GBP,09/12/2020,405637,648
04339034,1,True,GBP,13/04/2007,10836296,823
37620014,26,False,GBP,26/05/2002,169690,619
09498686,12,False,GBP,10/12/2015,0679343,40604
68501228,13,True,GBP,21/09/2017,503014,515
69751363,19,False,GBP,04/06/2009,277829,25633
36112497,1,False,GBP,03/04/2021,266564,3783
15141242,16,True,GBP,28/05/2015,93375521,416
64066741,6,True,GBP,15/11/2013,74272596,928
66145211,20,False,GBP,12/09/2019,2339814,80844
73618208,1,False,GBP,06/03/2014,125132,382
49928355,25,False,GBP,19/10/2015,9707919,109
72922449,16,True,GBP,30/01/2017,003525,891
16613079,25,False,GBP,28/04/2018,639102,783
68372428,11,True,GBP,18/06/2005,632423,833
16323285,14,True,GBP,07/02/2007,8465143,96417
22884497,12,True,GBP,17/04/2007,05797303,64212
48461285,24,False,GBP,30/01/2000,44996948,37170
02498141,21,False,GBP,27/06/2021,3922823,3204
30898102,20,True,GBP,08/11/2017,036606,3723
89976233,17,True,GBP,03/01/2001,968022,723
38486295,7,True,GBP,30/08/2010,396735,04176
84869037,27,False,GBP,01/06/2017,0474902,221
39993376,26,False,GBP,20/01/2011,1323564,886
92366054,7,True,GBP,24/04/2008,487886,62893
11965134,26,False,GBP,08/11/2018,083674,55835
30223712,8,True,GBP,29/10/2004,56492675,854
85058525,18,False,GBP,17/06/2007,521723,072
62432725,20,False,GBP,09/05/2010,98094529,925
92876844,18,False,GBP,31/05/2009,943328,739
49471772,17,True,GBP,07/02/2001,80050962,42331
06885125,10,True,GBP,28/02/2017,343937,557
66617037,8,False,GBP,20/01/2003,424108,36644
72480019,24,False,GBP,30/01/2020,90263296,116
70370147,17,True,GBP,03/07/2014,6483409,331
80015297,28,True,GBP,07/04/2000,227473,755
22470793,11,True,GBP,26/01/2014,13394855,141
35170013,2,False,GBP,30/06/2020,9005811,0910
17670052,22,False,GBP,08/08/2006,49106617,83865
59052727,2,True,GBP,17/10/2018,721409,478
79006385,20,False,GBP,07/04/2011,104266,1164
62422898,2,True,GBP,07/02/2016,40628849,7347
55808500,7,False,GBP,16/09/2009,5039500,2163
97029178,14,False,GBP,05/03/2022,361625,59344
96412968,10,True,GBP,12/12/2004,9882523,24169
62049349,24,True,GBP,28/01/2014,767111,96769
99135861,17,True,GBP,15/10/2007,585684,34634
19475361,6,False,GBP,17/03/2015,916013,91340
86301505,18,True,GBP,12/04/2004,67366654,230
95712060,12,True,GBP,18/01/2015,579116,8163
34876606,27,True,GBP,08/08/2007,596716,47417
83212956,7,False,GBP,10/08/2002,121709,1515
49263001,4,False,GBP,11/12/2014,27630244,7269
27082101,7,False,GBP,03/01/2010,289431,3546
13232850,15,True,GBP,10/08/2003,416872,88779
18283182,18,True,GBP,17/07/2009,010341,8814
24580978,10,False,GBP,08/04/2021,975687,4825
85416173,8,True,GBP,22/09/2020,338187,930
17831806,15,False,GBP,13/04/2000,288620,8872
57193550,2,False,GBP,27/09/2017,605934,55872
24129759,19,False,GBP,28/09/2017,162865,649
41862538,1,False,GBP,14/03/2004,4531516,60621
74996714,11,False,GBP,24/07/2005,706090,49539
80350016,28,True,GBP,28/07/2016,56889865,7226
35152343,3,True,GBP,06/05/2005,2690206,818
97507078,16,True,GBP,14/11/2011,7902022,2513
80304495,1,False,GBP,03/02/2014,224772,5116
12791419,4,False,GBP,23/07/2018,43113963,811
90329752,19,True,GBP,06/02/2021,348707,4073
98524583,17,True,GBP,16/07/2017,67491370,069
49845448,16,True,GBP,31/01/2010,972496,7355
56048298,6,False,GBP,25/02/2011,533858,284
32443271,7,True,GBP,13/07/2007,737561,53354
16953811,6,True,GBP,24/04/2021,6183337,9288
66594454,18,False,GBP,16/02/2003,5485720,802
28443666,7,True,GBP,30/09/2017,886908,400
50839571,28,False,GBP,19/01/2013,181427,006
69845217,14,False,GBP,01/04/2018,3643173,1718
99880024,16,True,GBP,13/01/2005,618991,929
93844158,8,False,GBP,06/09/2017,4764244,64418
91709101,21,True,GBP,05/10/2019,2049076,93640
71233807,1,True,GBP,20/03/2014,8364642,105
11668318,1,False,GBP,22/11/2010,7594549,7870
98977332,18,True,GBP,17/03/2020,14193782,2090
75960166,18,True,GBP,05/12/2008,961068,962
54610591,5,True,GBP,29/02/2012,493612,1759
33552485,1,True,GBP,19/04/2005,47686130,076
36374483,3,False,GBP,09/11/2001,310871,943
53377981,8,False,GBP,02/04/2022,1871361,30008
87359718,16,False,GBP,02/07/2008,471884,25635
63765198,19,True,GBP,02/12/2004,768085,0914
60335256,26,False,GBP,11/02/2021,5574573,7024
66837398,26,False,GBP,21/03/2001,7501506,446
54880516,9,True,GBP,09/08/2011,252786,7255
06528179,5,False,GBP,11/12/2007,518862,403
26864776,4,True,GBP,10/09/2004,0483698,705
40530227,9,False,GBP,05/08/2014,013505,88404
71130811,19,True,GBP,11/02/2000,913717,280
61207983,5,False,GBP,27/02/2002,522787,4498
25398754,11,True,GBP,10/06/2011,510767,6515
50971855,6,True,GBP,19/04/2011,88610677,457
07962421,2,True,GBP,01/06/2016,4451113,39770
77948841,20,False,GBP,30/03/2006,983545,071
52337386,11,True,GBP,05/12/2000,20717327,90348
69675634,6,True,GBP,19/12/2004,69149292,96527
31382938,23,False,GBP,06/06/2001,29768467,02675
04112187,18,False,GBP,19/06/2014,884030,128
50620425,22,False,GBP,07/07/2007,099582,154
14162296,8,True,GBP,22/09/2002,052562,3322
58745906,25,False,GBP,22/12/2006,56642812,169
49447868,27,True,GBP,17/11/2019,00397217,24245
79398420,22,False,GBP,07/03/2017,52561488,532
04961039,3,False,GBP,03/07/2017,284107,0123
65908006,24,True,GBP,14/08/2003,1437519,189
71377444,22,False,GBP,29/12/2001,06481502,024
62517277,1,True,GBP,22/08/2011,821721,80445
72897539,19,False,GBP,09/09/2006,938335,174
35070489,20,False,GBP,05/09/2006,770466,13813
80359685,3,True,GBP,28/04/2021,767039,6430
10342171,7,False,GBP,12/10/2007,38048536,161
42797011,25,True,GBP,14/12/2005,08610065,508
04846271,9,False,GBP,09/10/2007,537875,58180
20158609,10,True,GBP,20/07/2018,200331,4020
91302055,27,True,GBP,19/09/2013,5447245,37190
08166401,6,False,GBP,27/06/2000,42353464,69396
97150665,6,False,GBP,31/03/2013,787081,312
04201558,18,True,GBP,30/04/2009,4811168,346
67897903,5,False,GBP,11/09/2013,7583432,43169
37766232,23,False,GBP,02/12/2003,507308,1091
07631424,24,False,GBP,04/05/2002,768836,408
78211212,18,True,GBP,30/12/2010,8390154,41781
10932326,10,True,GBP,31/08/2001,6866006,074
51206406,11,False,GBP,28/10/2017,6318786,521
74354957,6,True,GBP,10/03/2005,146349,57482
92423082,7,True,GBP,14/01/2013,908586,36824
16461763,5,True,GBP,30/05/2009,479997,431
18699720,2,True,GBP,20/01/2003,9973590,74280
01625353,7,True,GBP,05/04/2003,597417,91706
07721435,15,False,GBP,09/04/2021,3977718,65032
57552641,9,False,GBP,26/04/2006,01298326,85777
84090800,25,False,GBP,18/07/2012,64791529,104
21199658,20,False,GBP,19/08/2014,9847343,937
16724201,21,True,GBP,13/03/2021,226070,138
58241589,21,False,GBP,18/06/2019,4862525,2871
53997432,13,True,GBP,09/02/2002,920152,7192
47807191,18,True,GBP,16/07/2004,74611661,80406
00335597,10,False,GBP,06/10/2002,64448848,0863
45338009,15,True,GBP,02/12/2007,848725,790
34983818,24,True,GBP,13/02/2004,7449983,354
61348311,20,False,GBP,19/10/2018,292218,8480
70876080,21,False,GBP,28/03/2009,5419369,799
99695060,1,True,GBP,12/01/2020,54375807,659
93937817,16,False,GBP,15/07/2004,7792013,5094
78541074,7,True,GBP,09/12/2012,5535962,788
72892995,28,True,GBP,08/10/2021,9593923,265
67040407,10,True,GBP,15/04/2005,651403,52576
36085668,13,False,GBP,14/09/2000,0192541,0489
83992991,19,False,GBP,22/10/2014,6142161,781
91086976,27,False,GBP,26/03/2011,6810666,952
61729899,15,False,GBP,05/01/2007,8489587,528
80987912,20,False,GBP,13/11/2003,3510559,2225
43986527,10,False,GBP,05/05/2005,76171823,998
34001308,9,True,GBP,29/04/2011,05090631,17070
26031501,20,True,GBP,23/11/2001,278526,26668
55169582,18,False,GBP,14/05/2002,2360258,380
57898961,27,False,GBP,02/01/2014,5145168,670
20835408,27,True,GBP,15/01/2003,920685,67240
17490213,23,False,GBP,10/05/2018,920416,69654
87413144,8,False,GBP,24/03/2011,0976277,43858
27390944,17,True,GBP,17/12/2014,726640,229
98679109,13,True,GBP,09/12/2015,408723,6873
28597433,15,False,GBP,14/05/2009,845871,482
26367789,7,True,GBP,10/07/2013,89225671,8330
48395664,6,True,GBP,03/05/2003,43234800,7445
14822628,17,True,GBP,01/11/2004,95704229,4478
84691738,12,True,GBP,02/01/2021,047999,169
28196946,27,True,GBP,25/11/2009,42066566,05733
67334119,19,True,GBP,15/07/2003,673574,062
81827421,24,True,GBP,23/10/2008,23714403,95194
92818408,4,False,GBP,24/04/2020,708364,26360
36892847,12,True,GBP,21/04/2008,955062,78953
36568875,1,False,GBP,10/01/2001,2852318,800
52809665,11,True,GBP,21/03/2013,892823,108
57183263,18,False,GBP,26/01/2015,92759722,6496
24179963,3,True,GBP,01/10/2018,03625106,506
96936827,21,True,GBP,30/04/2014,58701949,470
95486029,13,False,GBP,01/07/2005,736433,764
92061708,13,False,GBP,25/08/2016,46495135,740
39370349,9,True,GBP,13/07/2007,894656,418
30504223,3,False,GBP,11/03/2017,925451,660
27515535,12,True,GBP,11/07/2011,7325847,852
19074356,22,True,GBP,01/04/2010,663881,590
45121566,12,True,GBP,08/08/2012,781154,0836
45643104,4,False,GBP,17/07/2019,34066412,5921
17927694,17,True,GBP,24/10/2002,679101,034
33699363,14,False,GBP,01/12/2017,188313,221
37430119,4,True,GBP,12/02/2010,153652,482
46058057,15,True,GBP,21/04/2004,130409,770
09310007,17,False,GBP,24/01/2010,0390154,9805
77766302,16,False,GBP,20/12/2008,631455,90594
53298010,13,False,GBP,14/05/2022,730230,120
63876522,4,False,GBP,23/10/2021,580846,559
36011472,11,True,GBP,27/04/2000,1408701,624
14171398,7,False,GBP,26/12/2011,11659415,535
09278590,24,False,GBP,12/11/2005,493528,97183
39743584,19,True,GBP,02/08/2020,771078,125
68631086,16,False,GBP,22/04/2015,38706200,959
64186408,8,True,GBP,26/06/2018,063529,8000
19372742,16,True,GBP,31/05/2019,701171,511
17302516,5,True,GBP,05/01/2017,38680302,94898
91455593,21,True,GBP,27/12/2003,603407,5176
26897340,20,False,GBP,22/06/2006,740344,31112
58709724,20,False,GBP,10/09/2009,680773,994
33530609,5,False,GBP,13/06/2006,83271639,56982
07321623,5,True,GBP,31/05/2016,958457,142
75936977,20,False,GBP,12/06/2016,76014623,466
05156147,23,True,GBP,29/04/2007,939382,463
90851428,23,True,GBP,29/07/2000,8304454,689
38430172,6,False,GBP,16/12/2007,7247103,72871
45201102,18,False,GBP,11/09/2014,77436110,151
33046338,21,True,GBP,01/11/2012,9715245,394
15146259,25,True,GBP,25/05/2013,19641577,23320
66373370,7,True,GBP,20/07/2019,886627,59541
30626661,27,False,GBP,22/08/2008,436835,37995
11529010,17,True,GBP,20/10/2005,51322928,6120
19334363,5,True,GBP,28/03/2014,546450,380
43318705,15,False,GBP,11/01/2016,700622,9679
48816681,1,True,GBP,18/01/2006,755866,6253
11920238,28,False,GBP,13/10/2019,210328,968
57648909,24,True,GBP,25/07/2014,819535,435
19799248,18,False,GBP,26/09/2010,258928,7465
03675988,16,True,GBP,17/09/2020,28044209,432
84012450,28,True,GBP,04/07/2000,9753275,203
75585165,16,True,GBP,23/07/2016,655416,181
81783346,2,True,GBP,25/04/2015,30298392,394
29074118,5,False,GBP,19/10/2011,790353,661
41179899,1,False,GBP,04/05/2010,7388600,550
58185252,1,False,GBP,06/08/2014,239689,749
83970415,9,False,GBP,27/07/2000,4354195,48977
07230745,16,True,GBP,22/04/2003,6810734,9449
66790854,2,True,GBP,28/12/2014,17453374,99598
99889159,4,True,GBP,09/09/2004,4047570,205
56748444,10,True,GBP,03/10/2021,00193606,569
15671755,24,False,GBP,10/08/2012,466093,4416
74264196,26,True,GBP,27/03/2022,7310907,2251
80594913,13,False,GBP,10/09/2014,687261,64294
29220608,15,True,GBP,29/01/2011,891285,39837
02224840,5,False,GBP,30/12/2010,413793,126
52766877,6,False,GBP,05/08/2011,7035642,3336
62328723,9,False,GBP,25/10/2016,229057,17587
26532848,23,False,GBP,22/12/2015,733051,346
87366926,26,False,GBP,23/12/2011,151642,254
33935830,10,False,GBP,25/04/2009,97862262,2361
04156563,22,True,GBP,29/07/2019,20090342,3972
18678366,11,True,GBP,17/08/2001,24027953,470
98714833,8,True,GBP,29/08/2013,3313094,942
84367036,13,True,GBP,25/03/2013,9626069,87797
51833322,16,False,GBP,14/01/2005,4260131,3512
84046031,18,False,GBP,15/06/2002,2841598,2417
44190434,27,False,GBP,23/04/2005,233315,00657
39877685,5,True,GBP,17/09/2015,4069858,23725
75066201,14,False,GBP,13/04/2012,411066,1379
29058226,5,False,GBP,30/12/2007,970007,838
08609057,8,True,GBP,19/02/2008,401381,69823
31224580,25,False,GBP,01/06/2013,664770,596
33846268,22,True,GBP,19/06/2009,92557862,31337
01932676,3,False,GBP,08/02/2018,06587780,53678
78230363,1,True,GBP,24/09/2008,806889,310
63421622,27,False,GBP,18/11/2006,455485,159
88539920,14,False,GBP,08/02/2002,7536736,30171
95159474,18,True,GBP,27/06/2013,65251309,742
25247053,27,False,GBP,02/05/2016,567155,959
37750654,16,False,GBP,09/03/2004,5796287,282
54574032,19,False,GBP,16/01/2004,0472856,6500
76942390,26,False,GBP,28/12/2001,6602665,30018
42914919,1,True,GBP,31/01/2021,001697,726
12598219,11,True,GBP,08/01/2011,268982,239
95504247,5,False,GBP,15/11/2015,59802284,7468
72693061,10,True,GBP,09/05/2015,6393855,143
06531338,14,False,GBP,07/04/2007,518721,160
27386258,28,True,GBP,11/09/2010,61728952,012
24435388,6,False,GBP,02/05/2005,61553366,1397
85543172,19,True,GBP,20/09/2013,273126,549
58363915,22,False,GBP,30/04/2003,3918798,06044
71046001,8,True,GBP,23/11/2008,42670715,161
27798625,23,True,GBP,21/03/2009,6595451,3778
38179383,10,True,GBP,22/11/2011,6719791,628
32081156,9,False,GBP,21/09/2009,8706491,840
51756982,6,False,GBP,03/05/2006,594859,66123
22624453,7,True,GBP,15/10/2010,46754759,20120
05076729,27,False,GBP,29/03/2013,7774677,3642
91375254,18,True,GBP,01/07/2003,98374628,958
75746342,21,False,GBP,30/04/2003,41462071,212
24094073,16,False,GBP,15/10/2007,42905585,77474
66260689,11,False,GBP,03/03/2014,607025,625
64770560,24,True,GBP,27/07/2021,582547,9699
04800677,25,False,GBP,19/02/2012,835453,863
37613881,2,True,GBP,03/12/2008,6021247,84003
60194167,15,True,GBP,25/02/2006,054051,145
08877469,2,True,GBP,05/10/2009,8134985,762
45758383,26,False,GBP,06/04/2008,867255,95096
71659592,23,False,GBP,24/03/2017,469221,195
62689274,2,True,GBP,12/09/2004,511646,99753
88573482,28,False,GBP,03/09/2019,8177498,182
80389526,19,False,GBP,29/03/2022,448287,269
46251601,13,False,GBP,15/06/2011,148755,376
43710644,2,True,GBP,14/03/2007,2128966,255
36948199,23,True,GBP,18/12/2006,636529,897
72383298,26,True,GBP,16/02/2010,067571,6242
94528395,17,False,GBP,30/03/2004,6939165,50369
24316049,2,True,GBP,26/10/2016,294242,8873
08529795,7,True,GBP,11/12/2012,07787441,494
92748786,7,False,GBP,20/08/2015,399202,9507
12754783,1,False,GBP,20/09/2015,752672,38131
57877863,18,True,GBP,15/06/2000,002374,657
85909271,3,True,GBP,15/01/2014,4397449,507
11065126,4,False,GBP,12/12/2018,82423073,5496
90654995,19,False,GBP,06/01/2020,174533,5368
21328988,9,True,GBP,18/07/2018,221059,7138
79497660,2,False,GBP,03/04/2004,452299,0298
26930141,1,False,GBP,13/06/2003,393867,6306
82587098,1,False,GBP,27/02/2021,4907234,19541
51390076,10,True,GBP,21/04/2014,224596,88002
20147839,27,True,GBP,18/05/2008,1271255,445
97840313,3,False,GBP,22/05/2015,612893,10033
01832741,24,False,GBP,22/08/2017,6797349,861
16585268,5,False,GBP,01/10/2003,2720210,43514
69480074,26,False,GBP,13/12/2000,552735,54072
81207897,18,True,GBP,24/01/2006,3058701,424
62536870,28,False,GBP,12/02/2016,475930,11875
59284495,23,True,GBP,26/02/2010,474703,428
11999881,8,True,GBP,29/10/2013,0489086,3048
45209959,9,True,GBP,25/08/2017,35089058,745
10265044,8,True,GBP,21/03/2019,163474,62113
80042293,1,False,GBP,15/02/2020,475097,4185
86880949,25,True,GBP,30/04/2014,5253196,4102
43707977,22,True,GBP,06/12/2014,02607051,85224
08166482,25,False,GBP,21/02/2019,88911139,719
22628319,18,False,GBP,30/10/2008,35068174,6477
41981850,16,True,GBP,23/02/2021,6972591,1235
94690281,11,False,GBP,17/01/2013,503032,699
85816891,24,True,GBP,24/07/2008,084718,48353
86771622,19,False,GBP,25/04/2006,95621567,041
87012229,4,True,GBP,07/07/2008,5665004,468
85927368,14,False,GBP,01/10/2020,922258,2983
19689598,23,True,GBP,28/09/2019,641623,21243
54225303,20,True,GBP,18/02/2020,599993,700
53844474,15,False,GBP,18/06/2008,1790873,018
95359397,9,False,GBP,06/05/2015,8650511,9602
03666849,17,False,GBP,10/12/2016,232419,24451
37446742,7,False,GBP,25/04/2013,089154,802
39394433,28,False,GBP,29/08/2004,792150,5775
71152059,1,False,GBP,19/09/2018,781283,4445
20296639,3,True,GBP,21/01/2011,097392,8808
56904170,12,True,GBP,27/05/2004,689695,3077
52602767,17,True,GBP,11/11/2015,364693,799
41977871,28,False,GBP,18/11/2002,289647,862
54368055,8,True,GBP,11/09/2007,936066,318
07684284,24,False,GBP,03/02/2017,593560,40761
01693437,27,False,GBP,09/01/2001,168837,10397
36489521,19,False,GBP,05/09/2011,15651556,443
62681093,12,True,GBP,20/12/2018,417633,76029
97278361,24,True,GBP,10/10/2008,223046,15021
96190602,4,False,GBP,21/09/2021,7575514,189
25738494,2,False,GBP,29/01/2020,67507136,166
01221766,10,True,GBP,21/05/2009,020437,9609
98907852,24,True,GBP,02/04/2005,8571197,4821
22290073,10,False,GBP,05/09/2021,641301,43332
57347079,16,True,GBP,26/02/2015,82773164,00532
02943069,27,True,GBP,02/06/2003,213349,062
88025469,12,False,GBP,03/10/2011,345428,97357
26661424,17,False,GBP,22/08/2010,209528,62675
22703960,27,False,GBP,28/01/2019,369941,32528
89418029,12,True,GBP,16/05/2007,401073,2690
73469821,25,False,GBP,27/02/2004,988865,55255
27794776,16,True,GBP,01/03/2006,0220605,28684
13081818,21,True,GBP,29/05/2015,51339241,87866
39882898,8,True,GBP,26/08/2001,549119,143
57729255,19,True,GBP,05/04/2015,208776,535
02222266,27,True,GBP,29/12/2019,939921,17391
71448210,9,False,GBP,10/10/2005,31781703,5979
27480235,10,True,GBP,01/09/2005,68028608,9042
96485349,1,True,GBP,11/08/2006,6703830,362
57286787,17,True,GBP,08/01/2022,219531,279
48392439,10,True,GBP,23/01/2002,97958168,66120
18521693,26,True,GBP,22/04/2004,046392,399
88719882,14,False,GBP,06/03/2018,653529,198
43022301,22,False,GBP,20/01/2010,1790146,75414
49048660,20,True,GBP,28/06/2009,683069,5092
87960147,27,True,GBP,04/02/2022,4914802,014
49031627,2,False,GBP,22/04/2000,899504,4551
09127947,8,True,GBP,05/10/2010,409341,10768
07795749,24,False,GBP,06/07/2010,85481850,195
24124356,14,True,GBP,24/03/2011,106507,25675
50181854,16,True,GBP,09/05/2001,7455834,618
60534094,5,True,GBP,25/09/2012,68574061,60575
89276695,19,True,GBP,24/07/2005,367318,1185
76639836,27,False,GBP,01/02/2020,6120982,898
25402634,5,False,GBP,19/03/2017,503679,064
39721980,9,False,GBP,06/05/2008,1813393,3871
42167643,25,False,GBP,05/12/2015,10490393,118
16216886,23,True,GBP,03/07/2004,26888617,861
97555935,22,True,GBP,27/07/2018,83662220,6070
98620869,15,False,GBP,11/04/2006,65922176,916
43227393,14,False,GBP,05/03/2010,53547293,54671
72478338,9,False,GBP,28/07/2005,270120,2632
33704661,6,True,GBP,09/05/2006,968489,904
87165439,11,False,GBP,13/09/2021,625513,936
28279814,18,False,GBP,20/12/2020,16597825,915
41797851,1,True,GBP,25/10/2017,0147362,952
21516900,21,False,GBP,11/12/2000,492269,626
15885428,19,True,GBP,07/03/2002,949585,6305
93795829,15,True,GBP,29/11/2008,152542,899
72272509,21,True,GBP,25/12/2008,8440525,988
88358928,16,True,GBP,03/06/2019,2234327,72696
06457802,7,True,GBP,06/05/2014,850073,010
79957709,8,False,GBP,11/11/2005,040526,5107
56062394,26,True,GBP,07/01/2022,36116863,588
69051171,26,True,GBP,28/11/2001,579794,961
92649724,14,True,GBP,21/02/2015,672884,167
04117369,10,False,GBP,28/09/2016,9106428,4369
60538188,9,True,GBP,25/06/2021,74877083,816
79153242,24,True,GBP,10/03/2004,242157,731
06452296,1,True,GBP,05/07/2020,300942,751
18317851,13,True,GBP,12/11/2010,1727803,070
98875537,7,True,GBP,16/07/2016,186328,561
80905784,23,False,GBP,27/10/2018,426507,826
11837191,10,False,GBP,13/02/2018,951309,128
17701544,15,False,GBP,16/04/2004,934355,616
75297204,8,True,GBP,30/04/2012,7313364,20207
27054831,8,True,GBP,29/02/2016,33642047,1669
39477958,21,False,GBP,20/06/2006,264242,98359
55550347,3,True,GBP,27/10/2021,0431665,232
92779381,22,False,GBP,12/04/2022,579809,7193
99705620,14,False,GBP,30/06/2017,839828,6556
05624241,28,True,GBP,20/01/2014,308241,834
45158293,18,False,GBP,29/09/2001,924162,275
85886424,15,True,GBP,28/06/2002,6326986,295
08545646,28,True,GBP,14/02/2008,475310,8388
82499043,7,True,GBP,10/12/2016,26557764,474
35034528,6,False,GBP,13/01/2008,159961,259
47652836,15,False,GBP,17/06/2015,7357957,28324
00344470,21,False,GBP,22/02/2010,955153,327
03323547,7,False,GBP,01/09/2000,418616,124
05043585,24,True,GBP,22/02/2007,85689982,199
85614669,19,True,GBP,27/12/2006,239983,458
42519928,12,True,GBP,19/05/2016,653577,36362
44729937,1,False,GBP,02/08/2018,97391128,478
44321765,1,True,GBP,08/11/2014,6709236,989
30799109,27,True,GBP,09/10/2016,83616257,90509
82807649,4,False,GBP,17/01/2004,660012,99878
88981630,13,True,GBP,18/03/2010,0580364,1574
80289984,17,True,GBP,15/01/2003,7657951,226
13536854,13,True,GBP,11/07/2001,011495,68951
56556644,19,False,GBP,08/02/2010,80539992,053
82348314,6,False,GBP,11/03/2011,233690,62327
63756232,5,False,GBP,21/07/2010,30550388,149
90820978,2,False,GBP,17/10/2001,54226274,318
07813814,11,True,GBP,10/01/2016,573476,171
04257779,28,False,GBP,10/06/2005,818923,6832
79218307,1,True,GBP,27/02/2013,550080,2370
80619990,16,True,GBP,14/10/2007,549987,730
38151670,9,False,GBP,14/03/2010,034096,94929
53840895,4,True,GBP,23/12/2006,02480412,655
44772311,24,True,GBP,24/01/2019,316918,5270
08404790,1,True,GBP,19/07/2006,186376,251
04109138,5,False,GBP,19/12/2020,71427977,36454
55141979,17,False,GBP,01/12/2004,6692859,904
05649206,27,False,GBP,05/03/2009,209052,4382
60002776,3,False,GBP,20/06/2013,177101,16676
34004889,6,True,GBP,27/01/2015,611378,82275
94184316,18,False,GBP,27/09/2005,92079838,966
36630517,12,False,GBP,05/04/2012,4540761,801
45303835,16,False,GBP,17/06/2001,8304705,564
26862306,7,False,GBP,28/08/2008,9332298,869
42946571,9,False,GBP,15/08/2017,42591371,4615
25164534,12,True,GBP,02/12/2013,179676,741
82948171,26,True,GBP,25/03/2005,9751707,10839
97674163,5,False,GBP,09/05/2005,07403374,587
42494569,3,True,GBP,03/07/2013,87061889,3015
43423499,11,False,GBP,23/06/2002,570435,35499
06332508,6,True,GBP,30/04/2007,02747478,2716
90353971,3,False,GBP,07/11/2012,524411,44327
01944673,11,True,GBP,18/12/2018,105231,238
46364897,18,False,GBP,24/04/2000,184680,754
63742988,13,False,GBP,16/05/2001,209652,358
62847821,16,True,GBP,20/04/2011,5557974,4539
36733763,6,False,GBP,21/02/2021,319853,78581
14990146,23,True,GBP,12/12/2015,865231,3808
88369149,8,True,GBP,06/11/2021,7808261,58042
14825381,2,True,GBP,28/11/2003,603324,307
52278746,5,True,GBP,18/05/2000,347384,002
34725978,12,False,GBP,02/12/2006,448553,8055
30343061,17,False,GBP,06/11/2007,228533,076
36354230,27,True,GBP,17/09/2005,2492271,34664
52714523,6,False,GBP,28/03/2002,371867,20792
95838013,13,False,GBP,27/02/2006,314551,78224
41763355,13,True,GBP,08/02/2020,1538516,50506
27696262,23,True,GBP,09/04/2001,166399,2872
44109550,19,True,GBP,24/02/2000,816139,3933
83534527,8,False,GBP,04/07/2013,957742,4521
77256558,16,True,GBP,12/10/2017,1976684,6720
54232421,15,True,GBP,10/12/2001,010316,290
74270078,27,True,GBP,21/09/2005,010575,4579
41276893,1,False,GBP,10/12/2015,004548,5054
73084480,8,True,GBP,11/01/2010,856194,906
33496497,5,False,GBP,01/08/2011,2289339,942
11546912,7,True,GBP,25/09/2017,725541,12107
00477691,7,False,GBP,29/10/2001,385172,5969
93540926,20,False,GBP,21/12/2005,327602,3719
27984142,5,False,GBP,29/05/2001,270248,198
01228242,6,False,GBP,05/01/2015,728037,213
51089068,18,True,GBP,17/01/2000,778016,6395
47487561,1,True,GBP,01/01/2008,687395,084
11940842,2,True,GBP,09/03/2001,576285,041
75144855,8,True,GBP,24/08/2019,2874703,529
22391457,6,True,GBP,06/06/2003,66862376,795
28822258,8,True,GBP,23/08/2017,631926,72831
19786866,26,True,GBP,20/11/2004,716321,491
95465470,9,False,GBP,20/01/2006,8872079,875
42170920,21,True,GBP,07/02/2007,206692,523
24016264,17,False,GBP,22/01/2020,77496371,792
98009439,25,True,GBP,13/08/2009,8771377,078
81292706,2,False,GBP,10/09/2004,492668,520
94135670,7,False,GBP,27/09/2009,957589,28200
33725549,23,False,GBP,18/02/2019,419127,244
28223657,27,False,GBP,01/07/2019,707606,0569
54625014,20,True,GBP,26/07/2002,765579,017
60437706,2,False,GBP,28/07/2003,80259561,431
05276936,15,False,GBP,15/02/2014,3223674,735
65224957,25,True,GBP,28/03/2017,7803531,560
97742310,18,False,GBP,09/04/2013,4196044,239
45242918,20,False,GBP,30/07/2016,601893,16570
24336882,2,True,GBP,13/06/2007,757407,190
01355028,2,True,GBP,09/09/2004,418697,29375
19807647,28,True,GBP,18/04/2020,75277614,716
50252807,1,True,GBP,19/01/2008,471941,510
59779547,16,True,GBP,03/04/2014,983926,7761
38983765,5,False,GBP,29/05/2011,3329391,946
83601834,5,True,GBP,25/06/2017,065001,0362
26902654,14,False,GBP,06/05/2018,744275,53621
88758832,27,False,GBP,01/05/2001,11269257,892
60527342,13,True,GBP,01/08/2021,67041291,311
63573938,3,False,GBP,18/12/2017,65838729,446
68048708,25,True,GBP,05/02/2005,399645,583
27920922,18,True,GBP,18/07/2012,762676,2948
88886538,27,False,GBP,05/12/2015,58746503,30634
42309058,8,False,GBP,30/10/2017,928453,02994
84686346,17,True,GBP,27/10/2006,59639388,18339
13288902,13,True,GBP,21/01/2002,50501998,342
93924484,7,False,GBP,04/08/2007,968272,535
17372136,9,True,GBP,06/09/2008,818937,73655
59944412,12,False,GBP,26/03/2009,058101,538
67377629,11,False,GBP,29/05/2021,8021002,253
37732703,26,False,GBP,23/03/2015,742128,06204
71599466,15,False,GBP,20/03/2011,84001438,2754
50072825,1,False,GBP,06/05/2017,630320,946
64137611,9,False,GBP,10/02/2022,157970,463
55661470,18,False,GBP,08/06/2010,9145256,22832
58011095,25,True,GBP,13/02/2002,471309,76057
57693902,2,False,GBP,28/05/2014,664223,32023
97847857,24,False,GBP,03/05/2020,639792,375
92178083,24,True,GBP,22/03/2012,35199561,005
41222763,25,True,GBP,31/08/2011,557188,5190
23521615,12,False,GBP,28/04/2022,112098,1036
89788510,8,False,GBP,24/02/2000,8706935,3229
81314061,17,False,GBP,02/06/2021,02433284,490
71915576,17,True,GBP,11/12/2010,74821183,00011
45629523,12,True,GBP,22/07/2016,01293126,022
52976126,10,False,GBP,29/08/2008,56210333,783
68797059,5,True,GBP,01/08/2012,4453497,634
74829095,24,False,GBP,27/02/2016,2499339,70469
04438709,21,True,GBP,26/05/2015,821927,49243
85316120,27,False,GBP,03/12/2002,790035,83804
94648943,21,True,GBP,27/05/2004,571934,88701
88287283,7,False,GBP,09/12/2013,4703577,052
17868570,4,False,GBP,19/02/2013,5450350,496
35053489,10,True,GBP,19/12/2017,581502,5015
06450260,10,False,GBP,29/01/2003,276839,812
91020344,23,False,GBP,11/09/2013,333444,691
64132389,6,False,GBP,27/07/2019,925894,194
04058500,17,True,GBP,19/06/2012,775962,22938
49827643,11,True,GBP,31/10/2011,05799484,5408
77900045,21,False,GBP,18/04/2021,3215496,835
42507068,2,True,GBP,29/06/2008,0818777,054
55088461,5,True,GBP,06/04/2021,879345,2149
00720474,6,True,GBP,31/08/2016,0107451,376
04997217,27,False,GBP,15/10/2006,99471275,360
12983560,15,True,GBP,11/09/2020,396829,146
81117203,24,False,GBP,24/03/2000,1618989,773
39102872,20,True,GBP,19/12/2008,4958608,7719
19506983,25,True,GBP,09/07/2002,786724,491
66803296,9,True,GBP,29/04/2000,4041696,251
19140271,28,False,GBP,06/04/2022,0313551,60947
34794595,20,False,GBP,25/07/2005,000052,346
86863085,7,False,GBP,10/09/2011,670877,04641
67478838,21,False,GBP,30/10/2018,44827589,739
51542068,21,True,GBP,16/01/2011,763836,6065
78627623,25,True,GBP,01/04/2009,620341,871
76467866,23,False,GBP,13/05/2000,4336453,436
18065733,15,False,GBP,29/12/2015,38663302,2260
88063149,17,False,GBP,08/06/2007,2082905,731
43673980,28,True,GBP,12/01/2006,448475,30438
86808829,1,True,GBP,06/09/2016,592350,522
80345966,19,True,GBP,09/07/2012,813544,50366
95504446,28,False,GBP,29/09/2006,9759166,53055
20485320,10,False,GBP,25/05/2005,79387619,419
66454802,3,True,GBP,12/01/2022,02014228,871
64814470,9,True,GBP,21/01/2008,312458,11729
95190474,25,True,GBP,19/11/2010,02335889,302
83006393,5,True,GBP,19/07/2018,801253,581
81204942,6,False,GBP,24/08/2006,919937,853
86853872,4,True,GBP,03/10/2006,421435,449
41816832,18,False,GBP,18/11/2012,2323747,0518
62290866,25,False,GBP,08/06/2020,18756074,4729
90633899,18,False,GBP,14/09/2000,04230786,94965
29161180,8,False,GBP,22/09/2007,92922168,86324
71503442,8,False,GBP,05/02/2011,241070,25025
88430780,28,True,GBP,17/12/2000,967337,587
01758491,10,True,GBP,12/07/2001,63134076,2697
92030175,22,False,GBP,28/06/2013,692341,202
56187373,13,False,GBP,01/12/2008,039042,016
08057015,15,False,GBP,02/07/2008,9607384,4299
13890472,26,False,GBP,01/09/2011,05258944,6717
09441834,19,True,GBP,22/08/2005,86196831,12544
17279800,28,True,GBP,06/09/2013,017381,692
87601888,2,True,GBP,12/12/2004,730164,33316
99029200,14,False,GBP,19/07/2014,56578830,617
57344326,20,True,GBP,01/08/2011,525763,249
62154292,7,False,GBP,30/06/2016,4817858,852
00729042,23,False,GBP,11/02/2017,13066200,093
74636983,18,False,GBP,19/06/2010,44342521,8537
49867077,12,True,GBP,15/02/2006,2869222,053
20562582,19,False,GBP,11/08/2016,80759798,474
61225216,26,True,GBP,16/03/2010,62334411,3971
73326887,27,False,GBP,29/03/2018,371409,376
44402496,10,True,GBP,26/04/2002,31825514,700
92962812,2,True,GBP,06/10/2005,177886,1546
25997384,24,False,GBP,06/12/2018,315222,3127
90366710,3,True,GBP,02/11/2002,78189181,19491
93272064,9,False,GBP,29/02/2000,401035,22604
45363215,19,False,GBP,12/10/2005,755651,762
17785841,3,True,GBP,01/11/2008,7707289,753
72483581,17,False,GBP,28/11/2011,1874249,79821
94960059,17,True,GBP,09/05/2012,1890843,9934
72240142,10,False,GBP,09/03/2010,632802,24782
58599006,14,True,GBP,04/02/2003,9334719,032
90741944,8,False,GBP,24/08/2019,284796,48893
18349751,24,False,GBP,16/04/2001,356714,692
97772815,10,False,GBP,07/11/2002,5241476,367
91836492,21,False,GBP,16/09/2011,277458,279
99258496,10,False,GBP,05/02/2001,403460,482
36782254,16,True,GBP,23/09/2000,3310680,875
67827485,22,False,GBP,14/05/2011,729320,961
04654030,4,False,GBP,20/09/2018,69212929,2810
47423674,15,False,GBP,05/08/2014,232758,57896
55648182,8,True,GBP,16/08/2013,39333355,43208
89734245,28,False,GBP,18/10/2002,333035,994
42417500,15,False,GBP,25/08/2001,938224,475
43548242,26,True,GBP,29/09/2014,65566556,65014
55011347,16,True,GBP,14/03/2008,8065336,0561
01518112,1,True,GBP,30/01/2021,904386,109
02908027,5,False,GBP,28/07/2019,89851822,00864
36324133,21,False,GBP,30/04/2002,902812,480
55229646,6,False,GBP,27/06/2008,250245,4662
54499417,20,True,GBP,02/03/2005,952011,92758
98050322,2,False,GBP,15/03/2016,125954,394
44767924,26,False,GBP,24/12/2014,0317934,12884
48131035,26,True,GBP,26/05/2020,22578750,94523
21006584,18,False,GBP,09/08/2011,488774,44002
91356389,10,False,GBP,04/08/2015,1959299,212
51039609,2,False,GBP,30/08/2019,101600,6831
46657960,20,True,GBP,20/12/2011,529281,24974
23224256,26,False,GBP,28/12/2003,574009,13093
92159755,5,False,GBP,02/04/2021,3670578,78911
09585515,20,True,GBP,11/09/2013,465642,705
74655300,16,False,GBP,28/12/2015,38319485,4202
15066232,17,True,GBP,30/01/2016,2713621,198
89978227,24,True,GBP,27/08/2006,775356,446
10394267,16,True,GBP,28/12/2013,057135,873
65328293,18,True,GBP,31/03/2017,961927,80507
21897350,12,True,GBP,06/07/2001,622716,039
31507755,20,False,GBP,31/12/2008,270465,0163
68235392,1,True,GBP,13/10/2007,5519530,95279
56835059,1,True,GBP,23/01/2021,163702,3798
22473569,2,True,GBP,19/08/2018,664913,708
10750818,19,False,GBP,19/03/2020,3489926,28129
40911125,9,True,GBP,28/09/2011,78522976,274
06028198,23,False,GBP,03/04/2005,05859461,1854
47087682,27,False,GBP,05/10/2010,55179377,87642
64019014,7,True,GBP,10/08/2006,45656498,954
52924196,16,False,GBP,12/03/2008,46337422,46286
13774498,24,True,GBP,17/11/2012,3623950,129
96164828,8,False,GBP,17/06/2013,265442,8507
73221821,13,False,GBP,01/12/2018,664369,426
49453062,28,True,GBP,08/08/2020,19190332,7362
08660588,24,True,GBP,04/09/2020,44805232,959
16122038,17,False,GBP,17/10/2009,517603,996
17156879,28,True,GBP,22/03/2018,036665,5819
98901316,13,False,GBP,03/02/2016,43157625,278
18241564,17,False,GBP,21/06/2001,1634346,634
38238832,7,True,GBP,27/11/2001,333390,367
70637742,15,True,GBP,31/12/2002,48129756,26747
73403375,4,False,GBP,18/12/2007,07571592,71530
31271117,5,True,GBP,13/01/2011,899119,4941
29131179,18,True,GBP,19/12/2017,322872,5826
21841868,19,False,GBP,03/08/2013,14034592,7630
29182498,23,True,GBP,12/11/2009,12173441,4308
57725962,19,True,GBP,07/02/2009,87255359,4905
65356020,24,True,GBP,11/05/2013,3108679,0443
63624076,28,True,GBP,16/12/2003,667507,0321
67606859,7,False,GBP,04/05/2014,758173,93328
94530681,15,True,GBP,15/08/2012,15196799,153
23960337,20,False,GBP,25/08/2015,088101,517
58933421,3,True,GBP,05/03/2005,73120930,468
15099180,20,True,GBP,03/07/2003,4159552,78248
42570163,3,True,GBP,07/03/2016,462226,322
18853997,13,True,GBP,08/04/2009,3210154,096
81135819,21,True,GBP,01/04/2005,664944,74469
88040698,15,False,GBP,16/04/2012,81970405,959
17848893,19,True,GBP,01/01/2012,012463,53002
62328743,7,False,GBP,27/05/2009,0996341,235
39103885,18,True,GBP,10/01/2010,318939,161
29707313,13,False,GBP,11/03/2008,81804549,910
72585859,16,False,GBP,12/07/2021,807643,896
55442718,6,True,GBP,18/10/2004,56984796,172
27650872,26,True,GBP,07/09/2018,7132948,30365
45427708,9,True,GBP,18/04/2017,74659138,966
51670896,24,True,GBP,08/07/2003,4559754,456
34301437,23,True,GBP,19/12/2001,84025505,69113
01906789,13,True,GBP,27/10/2006,145612,438
17828951,1,True,GBP,28/11/2018,625753,2357
16092901,21,True,GBP,20/11/2005,94891186,2809
37214562,26,True,GBP,20/09/2018,587356,0449
86546922,5,True,GBP,08/08/2016,095222,568
51152572,22,False,GBP,25/09/2013,51160064,928
24435437,7,False,GBP,09/03/2004,700561,51080
10628152,19,False,GBP,24/03/2009,6654939,46003
89203178,27,False,GBP,23/03/2009,85980759,187
74348434,28,False,GBP,18/08/2000,04596668,081
77892549,1,False,GBP,14/04/2015,92084087,966
14390908,5,True,GBP,31/12/2008,992584,4800
55323692,3,False,GBP,13/12/2014,179735,252
67103340,14,False,GBP,08/02/2021,135778,6446
69314949,21,False,GBP,16/11/2016,014876,7584
89449710,9,False,GBP,02/08/2015,080286,821
25955435,21,False,GBP,22/04/2000,566628,6952
43352723,8,False,GBP,16/05/2002,107779,758
06224366,9,True,GBP,03/12/2013,08818720,60960
47029045,9,False,GBP,13/05/2021,8571377,87690
23444616,28,True,GBP,04/12/2011,214666,92942
20542542,20,False,GBP,03/12/2008,937334,75367
00474209,28,False,GBP,03/04/2002,894585,91733
70317724,12,True,GBP,14/02/2002,211172,803
53395711,14,False,GBP,05/11/2002,189831,175
15645791,26,False,GBP,20/12/2007,5199043,588
98851922,22,False,GBP,18/05/2011,150289,801
06446884,27,False,GBP,24/03/2016,0256086,433
86950059,19,True,GBP,12/09/2020,179265,727
89976891,11,True,GBP,30/01/2005,064948,381
90238466,10,False,GBP,31/01/2012,9415855,236
48658819,27,False,GBP,03/06/2002,35964586,9669
20276213,19,False,GBP,15/05/2010,2156194,2587
46606757,26,True,GBP,06/10/2014,389750,385
98785670,14,True,GBP,11/01/2022,621192,220
88442426,9,True,GBP,20/04/2020,137408,649
30706943,19,False,GBP,19/01/2011,559912,302
34002662,6,False,GBP,01/07/2020,653912,274
49825689,28,False,GBP,13/05/2003,587367,18998
56763760,22,True,GBP,03/10/2013,2800581,737
06796848,2,True,GBP,06/11/2019,662197,714
83643202,26,True,GBP,05/05/2009,3762140,750
73539470,25,True,GBP,26/07/2000,6226098,7856
37106058,15,True,GBP,19/10/2003,828201,804
14102253,2,False,GBP,26/10/2002,09461289,73982
44735682,5,True,GBP,18/04/2010,877011,507
54392537,15,False,GBP,10/05/2016,975492,957
56174935,17,True,GBP,14/07/2014,235148,409
85665906,6,True,GBP,02/08/2021,26150397,6544
10512009,19,False,GBP,15/02/2013,774136,175
28711033,20,False,GBP,25/10/2003,745104,32792
88023357,3,True,GBP,14/07/2002,9463403,41152
98125836,22,False,GBP,26/10/2004,508649,246
67955585,10,True,GBP,26/07/2015,085629,2656
95277127,22,True,GBP,31/12/2016,0509368,3318
78254911,10,False,GBP,08/11/2010,037194,022
10242225,3,True,GBP,17/05/2019,5601994,904
62406766,9,False,GBP,09/01/2005,6965527,376
30520109,11,True,GBP,27/05/2011,64945330,7723
11412215,28,True,GBP,28/03/2006,48658983,761
98719033,1,False,GBP,08/11/2011,300609,159
66448244,24,True,GBP,12/02/2019,65012101,3900
81052906,10,True,GBP,12/09/2018,62595686,27819
47739056,17,False,GBP,14/09/2001,736779,901
20673568,4,True,GBP,20/02/2000,51922198,133
12427464,20,False,GBP,09/04/2002,272472,2480
71622039,24,False,GBP,02/11/2002,8722412,8421
55408434,20,True,GBP,05/02/2006,050778,42022
99827760,7,True,GBP,06/08/2003,734984,00694
50579959,19,True,GBP,19/11/2004,743542,18165
78642989,23,False,GBP,26/09/2017,609071,485
96252581,19,True,GBP,09/04/2010,57825222,529
96528797,26,True,GBP,04/02/2001,51444975,646
93803125,15,False,GBP,06/01/2013,902023,8395
77648251,14,False,GBP,29/09/2001,34862531,780
86728369,24,False,GBP,13/11/2011,641790,944
42643678,22,False,GBP,19/02/2020,753315,892
62604115,14,False,GBP,02/01/2012,522426,1151
06433693,11,False,GBP,17/12/2016,898230,448
90435084,19,False,GBP,30/05/2010,900816,977
72038830,28,False,GBP,30/01/2013,071298,7520
29575638,19,True,GBP,03/09/2021,492306,3067
83280872,22,True,GBP,24/04/2014,577752,375
91253081,20,False,GBP,17/12/2003,097326,35497
94744691,23,True,GBP,01/05/2012,091755,9433
69027815,2,True,GBP,17/03/2007,0385789,0728
44613993,4,False,GBP,30/04/2012,3025875,022
66305138,27,False,GBP,26/10/2013,34184580,680
49844150,25,True,GBP,02/10/2000,943211,0814
31284020,24,True,GBP,15/01/2008,13188924,7547
56095895,21,False,GBP,24/03/2019,806802,160
19050711,7,True,GBP,27/02/2000,141363,998
50626230,13,False,GBP,15/06/2006,481977,799
24017368,27,True,GBP,02/09/2012,602871,714
18571978,10,False,GBP,26/12/2010,385399,59876
67684749,14,False,GBP,03/05/2008,822617,27033
51363690,6,False,GBP,01/04/2016,9727330,7164
63147846,10,False,GBP,21/11/2002,55497487,375
59552759,9,True,GBP,02/06/2017,885420,0099
15898380,13,False,GBP,22/11/2002,19414729,8761
05068302,1,False,GBP,04/07/2000,7017623,6332
76369990,6,True,GBP,25/03/2009,90944620,808
44206371,20,True,GBP,23/06/2007,3519230,3891
80697004,3,False,GBP,17/09/2013,896229,6586
13576445,24,False,GBP,03/01/2014,8765021,2753
80006161,21,True,GBP,27/10/2009,682541,1117
77738328,10,False,GBP,02/02/2017,75823998,024
53750579,1,False,GBP,26/06/2004,629466,246
79477172,17,True,GBP,21/06/2000,30688217,205
44954503,26,False,GBP,07/08/2004,425699,5309
31697606,22,False,GBP,24/08/2015,043904,02791
62608427,3,True,GBP,05/10/2007,3813255,329
50784128,13,False,GBP,24/08/2006,284541,743
29473232,3,False,GBP,24/01/2019,69374760,871
01385927,5,False,GBP,07/05/2009,165469,742
68377827,16,False,GBP,09/12/2016,94767618,2918
48056054,9,True,GBP,15/01/2009,595339,153
82516546,3,True,GBP,28/03/2011,52258602,0565
33435411,15,True,GBP,18/03/2022,83678885,7864
02440697,23,False,GBP,05/05/2009,202110,491
49910222,26,False,GBP,11/09/2017,946723,252
35349640,16,True,GBP,25/05/2007,34944158,9419
72378676,22,True,GBP,04/10/2011,216370,228
68262409,24,False,GBP,12/11/2007,934809,6995
87721997,23,False,GBP,24/04/2007,329186,8671
86769439,3,False,GBP,30/06/2014,721797,117
41367297,18,True,GBP,25/07/2006,220010,334
93563580,7,False,GBP,27/12/2004,4469228,321
52335142,26,True,GBP,03/06/2019,923149,397
30912024,12,False,GBP,10/04/2021,556358,380
17067702,10,True,GBP,13/02/2009,0325500,1110
20354458,6,False,GBP,26/10/2002,247603,16217
28351753,23,False,GBP,11/10/2010,016271,25892
15252488,4,True,GBP,07/06/2008,600411,908
97260843,22,True,GBP,19/09/2008,14302708,59784
82344009,12,True,GBP,04/08/2019,5461582,4566
90612971,21,True,GBP,11/12/2017,631778,877
71904560,24,True,GBP,26/07/2007,492395,775
57441903,12,True,GBP,16/07/2015,54736351,613
96974683,10,True,GBP,02/09/2003,284657,2310
59374137,25,True,GBP,15/07/2005,77227282,221
65163048,22,False,GBP,09/08/2018,103404,102
04249128,11,False,GBP,20/09/2004,845771,807
60751242,23,False,GBP,08/09/2000,015657,986
51780631,12,True,GBP,25/06/2008,27364292,388
96260257,27,False,GBP,19/06/2002,614984,268
07817546,1,True,GBP,25/08/2015,1065123,176
61793193,17,True,GBP,09/07/2005,366612,908
77671868,8,True,GBP,08/09/2015,331160,3254
74980880,16,False,GBP,22/11/2010,46377267,329
82635009,21,False,GBP,26/02/2008,15351697,1761
08915898,14,False,GBP,09/10/2014,7387573,494
52900334,6,False,GBP,26/05/2018,100463,419
28321099,1,True,GBP,16/11/2019,53271780,6544
38848369,4,False,GBP,12/04/2000,0860234,355
51564779,24,True,GBP,20/10/2010,2100812,26220
15525339,18,False,GBP,02/02/2005,383530,351
23472229,23,False,GBP,24/11/2013,655444,12118
12525083,17,True,GBP,03/04/2001,4671591,033
53658385,24,True,GBP,14/11/2005,77983969,8310
56149055,27,False,GBP,19/10/2000,05405277,48325
88952003,21,False,GBP,30/03/2007,292824,63256
97176429,23,False,GBP,01/09/2015,989649,01554
15506123,17,True,GBP,18/08/2014,470899,1635
54293516,7,True,GBP,14/12/2020,8069201,682
63368797,15,True,GBP,13/04/2020,72477015,220
66255468,23,False,GBP,12/08/2020,436944,8687
04429082,3,False,GBP,27/01/2006,1546252,928
84425482,26,False,GBP,11/02/2012,314075,941
09307596,12,False,GBP,29/06/2012,5448409,645
39910017,26,False,GBP,28/08/2015,219376,917
65686163,9,True,GBP,20/01/2000,770033,2598
49393598,19,True,GBP,02/05/2002,281536,762
83477173,6,True,GBP,16/02/2018,064009,038
47661174,5,True,GBP,10/08/2011,25223137,1214
80012401,17,False,GBP,01/04/2003,33088621,889
42232941,2,False,GBP,07/03/2011,8582419,53930
67462365,6,False,GBP,30/05/2017,9787950,829
69104832,13,True,GBP,23/10/2001,406492,8724
90541624,19,False,GBP,15/07/2012,471263,940
75572407,16,True,GBP,30/01/2009,7989295,391
12432019,18,False,GBP,11/06/2014,139235,37873
67922104,19,True,GBP,01/10/2009,380586,242
12518037,3,False,GBP,26/09/2001,718259,06548
54987469,2,True,GBP,23/04/2010,5906231,0120
10528259,15,False,GBP,02/12/2010,56042784,49003
84551362,11,False,GBP,10/06/2003,967097,5003
30390527,22,False,GBP,10/06/2008,013737,00279
76060798,16,True,GBP,10/11/2007,61249884,783
69820370,25,True,GBP,13/01/2009,1757832,171
81963785,2,True,GBP,08/12/2003,6724024,3778
17417328,25,True,GBP,25/07/2014,31513430,331
03247761,6,True,GBP,10/11/2000,89967579,718
99091739,5,True,GBP,01/01/2017,618203,7992
33295074,10,False,GBP,14/10/2003,068220,5534
50784785,2,False,GBP,15/02/2001,038120,680
60234150,1,True,GBP,08/04/2005,685729,965
29593631,27,True,GBP,27/10/2003,13602184,3560
13357750,24,True,GBP,09/04/2008,3297856,8944
54190093,4,True,GBP,10/01/2005,411586,9830
49957394,24,False,GBP,12/12/2006,33528959,4187
38383473,11,False,GBP,15/02/2016,412917,115
45238098,12,False,GBP,25/03/2010,98079862,84764
71084615,2,False,GBP,15/11/2011,7963102,377
50082752,18,True,GBP,13/04/2000,74793227,7945
99904605,2,False,GBP,25/11/2002,169084,9951
32466446,25,True,GBP,25/04/2018,530237,958
38903902,15,False,GBP,30/10/2006,8389014,41650
00849871,27,False,GBP,06/02/2006,705753,854
31509367,24,True,GBP,04/05/2015,270837,492
85399875,4,True,GBP,07/08/2009,254276,9859
96543118,14,False,GBP,27/08/2019,81626286,26669
48393668,20,True,GBP,14/06/2014,90000155,9541
97563362,7,False,GBP,04/06/2015,892673,200
52982996,18,True,GBP,02/01/2018,341197,473
99223244,14,False,GBP,08/08/2011,80635113,21315
37673313,25,True,GBP,06/01/2015,9548508,760
43082196,3,False,GBP,25/06/2009,861808,68563
06824485,16,False,GBP,08/08/2012,523765,32765
27190059,24,True,GBP,15/02/2007,398501,934
24097933,12,True,GBP,09/06/2014,279154,886
91791435,26,True,GBP,08/03/2021,598481,013
98988739,10,False,GBP,23/04/2011,292866,0378
41900827,24,False,GBP,14/10/2017,2705354,280
09458015,7,False,GBP,18/07/2013,814192,282
94871576,14,True,GBP,22/08/2019,04754444,18812
33343053,1,False,GBP,18/01/2016,06398270,6920
69970679,5,False,GBP,30/04/2018,144013,46709
05101519,25,False,GBP,12/07/2003,796738,61848
48421248,21,True,GBP,08/12/2001,821822,183
82391096,28,False,GBP,04/10/2008,627688,187
91211656,5,False,GBP,19/03/2004,31549005,488
73737606,12,True,GBP,03/01/2010,90547402,2426
36400473,9,False,GBP,01/07/2013,095222,271
01807569,15,False,GBP,12/12/2014,0788969,969
94600585,12,True,GBP,05/04/2020,875509,687
18384513,19,False,GBP,28/10/2019,857029,553
76516056,22,False,GBP,20/04/2008,3169460,6679
21062680,4,True,GBP,21/10/2006,240412,495
18662750,14,True,GBP,15/07/2002,56850048,928
09661540,2,True,GBP,11/02/2000,267969,75320
80500506,15,False,GBP,01/05/2000,20483685,53730
61882314,10,False,GBP,09/12/2007,757423,310
01159202,23,False,GBP,18/09/2007,220975,914
96241800,11,False,GBP,08/12/2019,0785939,823
19793082,21,True,GBP,06/02/2004,105938,3083
24940648,13,False,GBP,11/10/2017,096070,06113
35736520,24,False,GBP,21/04/2006,9587946,35606
06047447,7,True,GBP,25/06/2012,945450,005
94669594,14,False,GBP,27/04/2004,775948,51721
00935670,16,True,GBP,27/04/2010,51764718,51774
16100993,3,False,GBP,30/11/2015,124023,891
20912153,19,True,GBP,01/11/2007,381133,38628
74267347,27,True,GBP,14/09/2015,717710,21155
60926871,24,False,GBP,29/05/2015,8631045,219
85405452,5,False,GBP,20/09/2017,181887,70497
52526954,17,True,GBP,26/06/2012,8533273,07429
42294510,2,False,GBP,20/01/2004,06927093,2609
89890502,17,False,GBP,22/12/2007,5264680,5595
66750927,23,True,GBP,30/12/2009,18205147,02796
53782574,22,True,GBP,23/07/2016,2669498,7906
60334752,18,False,GBP,26/01/2001,88370635,899
59731880,20,True,GBP,03/11/2002,524058,2426
23926953,6,True,GBP,23/04/2015,2964596,73181
50881727,26,True,GBP,15/10/2020,667406,01493
41880267,8,False,GBP,01/01/2001,367454,8294
67976548,25,True,GBP,17/03/2005,6534706,643
67816191,1,False,GBP,08/10/2005,4342628,552
04941914,7,True,GBP,31/01/2013,8979827,81216
58681774,4,True,GBP,28/02/2002,640005,09163
14806356,22,True,GBP,21/05/2014,4803090,085
77517119,21,False,GBP,08/07/2001,901450,9670
77377418,2,False,GBP,18/12/2018,693691,4359
77524126,28,True,GBP,22/10/2003,298949,29339
79924321,15,False,GBP,14/01/2017,148297,9406
98591682,5,False,GBP,27/02/2021,206763,059
34386221,12,False,GBP,12/04/2009,71026629,55421
53460611,21,True,GBP,15/02/2021,08820143,69237
53580020,8,True,GBP,16/09/2016,3206048,096
43871725,4,True,GBP,01/02/2005,648344,45657
22701152,1,True,GBP,11/09/2006,060666,668
60427561,19,True,GBP,01/05/2012,551032,50040
21259538,6,True,GBP,29/01/2008,747936,1341
37742043,4,True,GBP,14/04/2009,427174,3632
55379914,10,True,GBP,14/01/2013,86829733,12045
72214976,28,True,GBP,01/01/2001,164996,146
75770029,19,True,GBP,11/11/2008,61467145,70874
34158851,28,True,GBP,20/06/2016,8400449,395
11586244,21,True,GBP,18/03/2015,319945,466
15398004,1,False,GBP,30/12/2014,86444088,321
29167388,17,True,GBP,29/01/2021,759858,445
77692699,18,True,GBP,28/12/2015,148906,115
96240954,21,True,GBP,22/03/2007,315493,652
63364225,24,True,GBP,07/08/2012,385056,977
24912746,8,False,GBP,27/12/2014,144348,23840
25323576,1,True,GBP,25/05/2019,2688385,903
39815859,17,True,GBP,13/03/2002,4129580,879
18445086,15,True,GBP,10/11/2009,25441146,973
88629693,9,False,GBP,12/03/2017,958741,354
86052601,9,True,GBP,01/09/2013,76473200,3887
67892734,16,True,GBP,12/11/2004,9940032,48401
92779263,25,True,GBP,02/08/2005,23166497,904
67632917,17,True,GBP,02/12/2004,694628,2668
25794194,5,True,GBP,25/09/2001,285559,95989
92781940,16,False,GBP,24/12/2018,776538,1691
49623211,11,True,GBP,06/05/2005,05328219,72185
59831244,6,False,GBP,06/05/2001,753906,208
37007514,18,True,GBP,14/06/2009,63555536,581
23541264,2,False,GBP,20/11/2003,609433,7094
34190705,20,False,GBP,15/08/2008,895736,3848
06387338,28,False,GBP,06/02/2018,056077,71000
01760924,13,True,GBP,28/01/2017,336400,027
39798286,5,False,GBP,16/07/2016,9265674,623
93144645,17,True,GBP,26/04/2016,693968,245
45920985,14,True,GBP,30/11/2010,846740,11370
67576015,11,False,GBP,26/04/2012,478980,867
65487171,23,False,GBP,15/11/2014,347587,1055
75184874,21,True,GBP,28/09/2016,231391,0272
78599552,28,True,GBP,18/06/2016,409204,7431
90807216,16,False,GBP,08/01/2007,11898504,945
59236794,19,False,GBP,03/09/2007,4284527,312
87399201,2,True,GBP,11/10/2000,722187,78551
21474813,25,False,GBP,13/07/2003,4761893,140
43428221,12,False,GBP,24/06/2019,82396007,029
28889559,14,True,GBP,24/09/2003,2934266,0375
45835168,17,True,GBP,18/03/2009,355957,511
45726154,3,True,GBP,08/05/2004,477349,65456
25230797,9,True,GBP,24/02/2022,209283,60348
69880505,10,True,GBP,26/09/2020,369824,620
88155768,18,True,GBP,30/05/2002,967389,302
04551616,19,False,GBP,20/05/2005,468762,682
53902309,12,True,GBP,13/12/2000,4234206,703
39097333,25,True,GBP,28/07/2019,721646,32554
71184634,24,False,GBP,29/12/2004,219902,23368
52071869,10,False,GBP,02/01/2019,200900,3013
23681731,14,False,GBP,11/11/2009,807563,302
67646010,18,False,GBP,27/02/2020,8147918,9737
02661233,22,True,GBP,17/12/2017,111463,3979
31960833,6,True,GBP,21/03/2006,27054843,6033
06689606,27,True,GBP,11/04/2009,950807,852
09832848,27,False,GBP,17/03/2004,244932,811
94389658,28,True,GBP,19/01/2010,4057371,338
11993136,19,False,GBP,03/01/2022,66867454,23455
47461563,3,False,GBP,07/08/2009,704184,83481
94862596,6,True,GBP,07/10/2015,58944627,1947
54996269,1,True,GBP,31/05/2009,50002084,703
65475286,2,False,GBP,20/01/2005,335417,05497
80090305,9,True,GBP,05/11/2010,048358,968
63366357,10,False,GBP,28/04/2019,25239258,859
57471769,1,False,GBP,01/09/2005,85844624,376
23171754,7,True,GBP,23/04/2019,750713,5190
16320539,11,False,GBP,28/12/2004,126933,7188
48421607,14,True,GBP,25/04/2012,7068613,1812
10791427,26,True,GBP,08/04/2003,929311,2113
67974816,5,True,GBP,16/04/2012,666912,94154
64842963,3,True,GBP,02/12/2007,159492,6389
90952774,9,False,GBP,18/02/2000,05446969,5292
87365710,25,False,GBP,11/09/2018,922540,56796
52300035,14,False,GBP,09/01/2003,336745,634
35971546,23,False,GBP,05/06/2004,2227342,54594
44764233,11,False,GBP,11/05/2017,242804,486
79914537,4,True,GBP,23/07/2007,9187656,060
28814572,15,False,GBP,13/03/2010,0603249,551
46502895,4,True,GBP,05/06/2013,836110,3794
40157518,27,True,GBP,07/11/2008,50010789,3042
99030972,8,True,GBP,20/04/2004,784094,444
83231209,26,False,GBP,07/06/2021,72105486,400
01562652,10,True,GBP,30/03/2004,061254,4408
49030703,5,False,GBP,01/02/2013,9641941,504
58864017,24,False,GBP,23/02/2013,014297,7481
90679517,10,True,GBP,27/02/2004,818355,497
97411750,9,False,GBP,06/11/2021,800878,928
54696229,6,True,GBP,22/02/2015,055395,203
20455933,12,False,GBP,07/06/2007,57063480,5778
40553281,24,True,GBP,24/02/2003,193474,969
95212116,9,True,GBP,12/02/2007,556679,5236
92850427,21,True,GBP,26/09/2015,763823,489
00535050,7,True,GBP,03/10/2017,638081,696
89706039,19,True,GBP,26/05/2011,7341744,16769
91438851,25,False,GBP,27/02/2007,441394,0750
54141112,13,True,GBP,03/07/2016,7905642,712
37815419,20,True,GBP,10/05/2020,6059246,024
34935622,22,True,GBP,06/03/2010,292218,14354
68351536,3,False,GBP,28/02/2011,0327330,339
47871971,8,False,GBP,03/05/2015,3365567,4886
45332094,22,True,GBP,27/09/2018,384727,766
28001381,1,True,GBP,30/12/2016,48064835,812
13618473,8,True,GBP,26/08/2012,488111,948
75251192,9,False,GBP,29/10/2007,87156023,343
70924447,11,False,GBP,28/01/2003,001363,0546
40782865,20,True,GBP,05/11/2013,309383,036
71482087,16,True,GBP,12/07/2012,173507,748
78358588,13,True,GBP,21/01/2007,825227,994
86996191,19,False,GBP,04/12/2006,5975924,9734
22729181,21,False,GBP,10/06/2003,989289,754
07734441,16,False,GBP,29/08/2021,6063498,504
48138510,22,True,GBP,17/11/2003,94151488,627
77327445,12,True,GBP,31/08/2020,901294,43229
75093153,8,True,GBP,23/02/2005,489931,52184
59675085,16,False,GBP,28/09/2014,68071756,04958
60742099,16,False,GBP,01/04/2013,523895,3953
61184562,19,True,GBP,12/09/2004,73227769,001
58981562,21,False,GBP,11/06/2003,120632,552
74655146,20,True,GBP,26/08/2021,4912327,763
84395000,28,True,GBP,21/08/2020,5141178,331
07940789,14,False,GBP,29/04/2007,66030547,0243
31355201,22,False,GBP,18/02/2019,084502,811
33715293,3,False,GBP,04/05/2008,34137683,8082
87838179,10,True,GBP,15/05/2008,860812,685
71131254,17,False,GBP,04/07/2002,388947,405
63654650,8,False,GBP,05/08/2003,228783,41573
66426333,7,False,GBP,11/11/2004,617066,191
22256593,17,True,GBP,05/04/2019,004684,861
12902418,23,False,GBP,08/01/2001,100225,57000
87751464,24,True,GBP,15/10/2007,260522,8386
42634183,19,False,GBP,31/07/2015,451284,8679
53775409,16,True,GBP,24/09/2016,438807,59069
37634918,1,False,GBP,30/05/2003,1933241,764
26110100,20,True,GBP,23/11/2000,44156395,818
06416909,26,False,GBP,04/02/2014,906095,86857
89858999,23,False,GBP,31/05/2014,097153,50611
94094109,9,True,GBP,30/06/2006,6279070,7705
35163391,18,True,GBP,16/10/2014,834333,574
11759241,1,True,GBP,17/01/2018,3303867,57698
37440832,19,False,GBP,12/04/2001,8372584,43536
74617557,13,True,GBP,09/05/2014,5147974,896
60858602,21,True,GBP,29/12/2004,566934,5518
55530775,23,True,GBP,29/06/2020,075801,74314
30825917,8,True,GBP,13/12/2008,424272,234
86315737,5,True,GBP,18/01/2017,379394,65483
24259873,17,False,GBP,16/12/2012,6902712,5675
17792000,12,True,GBP,16/05/2005,39991452,744
14930761,20,False,GBP,12/04/2016,782662,133
52503744,13,True,GBP,16/03/2004,31662629,824
10462021,9,False,GBP,07/11/2003,916767,3533
84883848,9,True,GBP,01/10/2017,364439,335
06360242,20,True,GBP,12/05/2001,89269871,9803
09718078,4,True,GBP,28/02/2016,229505,72838
00394357,22,False,GBP,27/02/2002,932739,680
84622232,3,False,GBP,22/10/2004,28502578,536
69705247,3,True,GBP,28/06/2005,643556,59771
66452113,25,True,GBP,22/03/2000,79267010,061
61257921,7,True,GBP,20/03/2022,457975,471
61484220,1,True,GBP,17/06/2007,529450,063
05254137,19,True,GBP,18/06/2017,859669,110
24276781,16,True,GBP,01/11/2017,2207913,772
56942952,2,True,GBP,02/12/2021,59817964,33330
24525565,4,True,GBP,11/09/2010,796080,643
96781938,18,True,GBP,02/05/2020,2698920,6057
90833355,19,True,GBP,17/11/2009,82142039,72747
46504049,15,False,GBP,23/12/2009,92835616,422
45088017,15,False,GBP,25/09/2002,1273401,830
94120512,24,False,GBP,06/10/2005,99985190,7992
70163398,23,False,GBP,08/02/2003,323925,4762
64369995,7,True,GBP,18/12/2002,085726,83901
42396682,4,True,GBP,20/01/2001,817700,268
52261168,13,True,GBP,21/08/2008,052601,810
11653234,5,False,GBP,15/04/2010,135150,15103
06380035,18,True,GBP,11/05/2014,5950016,257
82162440,25,False,GBP,26/12/2000,043877,486
39302596,1,True,GBP,21/01/2009,028548,3011
08020752,4,False,GBP,28/10/2020,9340009,729
45020647,14,False,GBP,30/10/2004,9288765,581
41989601,2,False,GBP,19/09/2003,62393457,823
19114478,18,True,GBP,02/04/2000,0043852,391
62307381,8,True,GBP,01/09/2013,8743034,936
50359650,26,False,GBP,24/06/2010,16868307,1265
53387958,25,True,GBP,04/09/2003,3522391,72409
95289685,12,False,GBP,20/04/2017,34972052,88493
27027912,25,False,GBP,02/01/2012,12170995,62218
07756339,26,True,GBP,09/10/2006,14291863,79016
62565413,24,True,GBP,03/07/2018,6659342,353
30359716,20,True,GBP,08/01/2018,44330207,2560
98036767,17,False,GBP,01/04/2013,6106513,885
97940509,9,True,GBP,29/04/2013,83969960,670
32030694,4,False,GBP,18/07/2001,44586007,289
55313114,10,False,GBP,28/11/2020,9517890,578
88621695,28,False,GBP,20/04/2020,726339,572
09384394,3,True,GBP,01/09/2005,934524,83652
30484540,26,False,GBP,16/12/2015,033220,496
12212002,18,False,GBP,17/05/2009,5856654,125
89011515,23,False,GBP,12/04/2005,1504671,230
26877253,13,True,GBP,13/08/2005,31451960,420
52368269,14,False,GBP,25/08/2014,973268,753
74909932,11,True,GBP,17/08/2011,101754,70097
31597407,24,False,GBP,01/08/2019,5656767,6460
79977801,24,False,GBP,02/04/2016,915712,445
68043249,22,False,GBP,28/04/2016,1406320,493
48415615,2,True,GBP,21/09/2005,866533,458
46692826,10,True,GBP,06/07/2007,907915,82763
16675370,15,True,GBP,01/06/2015,208715,013
03348968,12,True,GBP,12/02/2020,978873,142
63702916,21,False,GBP,24/04/2022,688219,612
62756244,1,False,GBP,18/10/2000,089162,507
16440998,4,True,GBP,14/11/2014,3217135,196
26678744,18,True,GBP,11/03/2007,81825637,06704
06827922,16,False,GBP,21/09/2001,895149,6808
99662799,25,False,GBP,27/03/2010,617909,7404
52422779,2,False,GBP,17/01/2005,419107,367
74767844,10,True,GBP,26/06/2010,6586661,909
35381444,15,True,GBP,04/09/2001,917996,168
08355441,11,True,GBP,17/09/2011,523278,968
56588209,21,False,GBP,29/12/2008,821058,563
86030810,1,True,GBP,15/10/2020,2185981,613
11699804,11,False,GBP,18/09/2009,5180936,51398
07257166,9,False,GBP,08/02/2006,303315,8213
75099884,21,True,GBP,07/10/2004,782260,6454
87670700,8,False,GBP,07/07/2013,8249249,144
55136339,24,False,GBP,11/07/2010,7519189,1705
49537316,10,True,GBP,28/08/2005,890155,55972
30466687,10,True,GBP,27/12/2003,164757,370
79597249,4,False,GBP,11/10/2019,563909,5852
81632398,15,False,GBP,20/03/2009,0599128,938
51770749,9,True,GBP,29/01/2021,7801283,97157
80914754,9,True,GBP,23/12/2021,7812900,14655
09934583,21,False,GBP,02/06/2000,924386,0820
24208415,15,False,GBP,18/07/2006,1954491,680
79648769,12,False,GBP,12/01/2002,7824732,01909
84753287,28,False,GBP,21/02/2005,12134342,843
44148598,15,True,GBP,09/07/2011,0047366,8291
29181309,21,False,GBP,15/10/2020,29405417,1291
34710885,8,True,GBP,27/04/2005,960823,318
12174925,13,True,GBP,24/11/2002,951366,385
16270052,28,True,GBP,12/08/2001,701144,9103
32477777,10,True,GBP,11/11/2002,886228,410
61342511,26,False,GBP,11/01/2015,552216,714
01764958,6,True,GBP,21/09/2003,2508668,259
66379141,12,False,GBP,30/09/2010,8083112,443
48213492,15,True,GBP,09/12/2010,854282,241
84200874,26,True,GBP,12/01/2003,7364153,24306
98574702,23,True,GBP,12/04/2008,7662386,041
87173270,7,False,GBP,06/03/2007,7987177,974
49144560,18,True,GBP,22/09/2016,586984,1504
04584233,12,False,GBP,12/08/2007,00425804,017
40901081,24,True,GBP,05/01/2009,27393496,5627
10979525,27,False,GBP,07/12/2013,6299861,030
71667398,17,False,GBP,29/08/2017,4106525,630
54752304,11,False,GBP,07/11/2014,57589506,288
33183473,11,False,GBP,28/04/2001,383577,514
25940230,6,True,GBP,24/08/2003,803831,445
08065719,5,False,GBP,14/05/2021,0764995,7613
83822904,16,True,GBP,22/04/2009,564261,628
48042449,6,False,GBP,08/07/2001,83305972,244
95638084,7,False,GBP,18/04/2022,856814,425
44200247,17,False,GBP,10/11/2006,390211,5614
80352644,15,False,GBP,02/03/2011,29522494,467
78845307,3,True,GBP,29/06/2003,09629140,674
87714256,2,True,GBP,28/12/2001,4959669,5370
25871292,13,False,GBP,27/11/2007,4921304,782
37198638,1,False,GBP,20/04/2002,69809556,343
99152110,14,False,GBP,08/11/2004,3562273,10800
30879979,11,False,GBP,22/03/2000,635050,872
41105237,17,True,GBP,10/06/2009,63517258,436
85959505,20,True,GBP,19/02/2009,613556,157
32223069,17,False,GBP,13/03/2012,102392,252
87070668,3,False,GBP,30/01/2016,70965355,37213
96098930,17,True,GBP,01/02/2011,38246808,343
29211240,6,False,GBP,10/09/2002,085167,517
38906866,24,True,GBP,04/06/2020,235079,7894
18408750,27,True,GBP,22/07/2014,34022208,68260
45173591,10,True,GBP,07/05/2017,267979,48938
08665812,7,True,GBP,04/07/2001,127129,050
44401042,17,False,GBP,22/08/2001,486713,87359
80195987,1,True,GBP,14/06/2001,1407817,35278
52075901,26,False,GBP,24/12/2020,984796,817
89050992,4,True,GBP,26/09/2003,32812113,1754
79389130,22,True,GBP,17/06/2017,15695157,315
70908502,28,False,GBP,18/05/2003,39928167,511
84376079,21,False,GBP,09/12/2010,020047,7914
52954010,27,True,GBP,17/08/2013,0380665,64059
93610336,15,False,GBP,02/06/2011,516396,565
74308134,22,False,GBP,25/05/2002,4687071,29875
32567330,21,False,GBP,09/11/2020,005697,91639
03830293,3,False,GBP,20/10/2014,576473,237
31821353,9,True,GBP,06/05/2017,095497,037
07643075,6,True,GBP,19/06/2019,39368511,67532
74912135,14,False,GBP,11/05/2015,9011396,431
73713488,20,True,GBP,06/05/2017,250462,656
18513624,23,False,GBP,09/04/2004,9807136,8386
70320160,22,False,GBP,01/12/2019,7741577,928
75171070,23,True,GBP,14/11/2014,319721,898
10927242,28,False,GBP,12/02/2021,7717815,00086
66990758,13,True,GBP,31/01/2009,74381299,12979
30196952,28,False,GBP,03/07/2003,7346587,021
76852944,19,False,GBP,13/01/2017,558030,128
52319130,20,False,GBP,19/04/2008,378847,9725
53397872,21,True,GBP,21/12/2002,220171,0406
00452336,22,True,GBP,27/11/2016,81738388,587
00193590,4,False,GBP,24/03/2019,402568,884
84545842,3,True,GBP,10/01/2008,681277,82319
69593204,8,False,GBP,14/05/2017,699022,827
10105731,20,True,GBP,07/03/2014,697313,760
91749485,4,True,GBP,04/04/2003,5809324,714
95961634,25,False,GBP,07/03/2010,60711398,763
44542689,25,True,GBP,26/04/2015,680184,992
79527203,26,True,GBP,24/08/2018,247794,6547
30810182,11,False,GBP,02/03/2004,976582,1337
63369267,19,False,GBP,05/04/2013,4350544,1435
88567464,15,False,GBP,15/12/2007,316673,1175
50615769,20,False,GBP,30/11/2001,864499,948
08724767,25,False,GBP,06/02/2003,225585,2947
85557855,9,True,GBP,05/12/2021,26137178,4646
34739765,1,True,GBP,20/02/2008,932456,9426
01316506,10,False,GBP,24/07/2014,9567904,417
19322549,15,False,GBP,17/02/2009,01935333,8272
02765107,14,True,GBP,29/08/2016,36422281,3789
38233311,9,True,GBP,19/07/2017,952870,984
47726430,27,True,GBP,09/01/2011,221598,5204
97735027,8,False,GBP,04/11/2002,0850500,858
87637471,15,False,GBP,08/09/2014,5560174,34216
76662637,15,False,GBP,25/05/2003,416752,099
59768110,6,False,GBP,06/05/2020,2625482,55420
81436891,28,True,GBP,12/10/2019,694092,865
62877571,14,True,GBP,27/09/2016,50823879,771
63612866,24,True,GBP,27/10/2018,432348,577
86485759,24,False,GBP,02/10/2014,360228,513
37628298,15,False,GBP,23/08/2010,820098,894
68018952,23,False,GBP,21/08/2015,63508183,6442
71800779,14,False,GBP,13/11/2013,38756181,88765
59806048,15,True,GBP,26/12/2008,0009089,740
73730729,17,False,GBP,03/12/2011,700892,306
06594577,18,False,GBP,30/06/2011,474005,299
10371374,16,False,GBP,20/05/2005,56879596,854
98238013,21,False,GBP,18/12/2017,93040043,13101
76834337,21,True,GBP,21/04/2006,35646678,7169
44966267,10,True,GBP,14/09/2000,101025,484
84219056,3,False,GBP,30/05/2013,943294,853
46705771,2,False,GBP,16/06/2005,23535256,94137
87558180,8,False,GBP,13/02/2010,7013757,68321
91555653,12,False,GBP,12/02/2000,983739,578
31035240,26,False,GBP,15/11/2010,748835,1997
82570563,20,True,GBP,16/09/2019,42323803,608
25720033,19,True,GBP,20/05/2018,2344919,74892
50077259,10,True,GBP,10/08/2021,379180,199
96081064,27,False,GBP,25/11/2001,5397722,7123
62950818,9,True,GBP,28/08/2000,33038031,4423
25499303,17,True,GBP,06/10/2009,729630,6960
00099384,19,True,GBP,03/11/2004,87449217,32307
67259263,9,True,GBP,19/10/2002,48889595,655
91639911,16,False,GBP,12/03/2020,32613297,208
11629156,27,False,GBP,24/01/2021,828162,244
52276551,25,False,GBP,09/09/2006,565654,2083
32559370,20,True,GBP,13/03/2017,939560,7033
20936242,5,True,GBP,16/05/2011,926525,6923
04677678,1,False,GBP,26/12/2004,90428891,69279
66306279,10,True,GBP,20/06/2011,38988005,3868
90408022,12,True,GBP,09/03/2002,290270,030
04062594,6,False,GBP,07/09/2010,715589,838
05916744,21,False,GBP,13/08/2006,550880,170
37250934,12,False,GBP,18/04/2018,381653,244
93235392,6,True,GBP,20/06/2019,5545395,9010
99240900,6,False,GBP,21/11/2004,226399,6942
99064504,15,True,GBP,30/04/2017,07500585,246
86444065,2,True,GBP,03/03/2000,3350591,391
09973558,27,True,GBP,04/11/2016,68660727,36879
42259856,26,False,GBP,05/08/2015,4176320,942
19684064,12,False,GBP,28/09/2016,906241,17261
32544303,17,False,GBP,06/09/2000,89839627,147
88849579,9,False,GBP,11/06/2005,81246990,668
80639241,2,False,GBP,18/01/2001,20903546,8694
19161927,13,True,GBP,23/10/2002,2891218,255
34664126,16,False,GBP,05/09/2002,58682331,6662
00652998,23,True,GBP,05/03/2015,52700217,963
69847682,7,True,GBP,02/12/2019,118162,196
36416524,13,True,GBP,24/04/2016,9905718,31049
62236090,16,True,GBP,27/11/2001,95373659,54876
14152698,4,False,GBP,15/04/2016,22253505,204
99304768,13,True,GBP,29/11/2004,934017,674
69032926,6,False,GBP,18/01/2010,682474,383
10288073,20,False,GBP,16/04/2006,3081085,0787
58217877,2,False,GBP,06/08/2016,64790177,2099
79388596,26,False,GBP,24/03/2009,544987,58031
00637642,4,True,GBP,23/11/2013,300371,6670
23870155,1,True,GBP,01/12/2001,54195675,0494
77694708,19,True,GBP,21/07/2004,706890,45418
51632126,20,True,GBP,10/08/2011,20743346,527
34966632,6,True,GBP,03/06/2000,6875932,183
49994502,12,False,GBP,14/09/2011,607316,0070
61483398,12,True,GBP,26/03/2007,82901976,603
67955261,5,False,GBP,18/02/2021,58905816,1929
80710877,26,False,GBP,23/01/2016,6295574,2005
31851885,16,True,GBP,02/07/2001,0475314,264
91334849,24,False,GBP,25/06/2018,862744,13792
66890718,22,True,GBP,20/10/2000,879916,6313
84101124,7,False,GBP,10/05/2002,472186,96322
17311984,3,True,GBP,26/05/2007,086651,168
57970805,26,False,GBP,14/07/2009,766257,0846
08348273,28,True,GBP,26/09/2016,956379,773
41866776,12,False,GBP,06/05/2020,2020980,1178
01267324,23,True,GBP,24/06/2007,857691,3389
87136702,4,True,GBP,12/02/2018,303375,296
35079239,16,False,GBP,26/10/2001,492176,933
75824566,9,False,GBP,09/01/2007,46663985,75887
58798462,13,False,GBP,16/11/2008,02196856,4630
13296598,15,False,GBP,02/09/2010,3165582,9397
81948617,1,True,GBP,21/07/2004,133993,242
18848414,23,False,GBP,12/03/2017,94420230,07748
77612362,6,True,GBP,12/04/2022,51005000,801
14467979,21,False,GBP,11/09/2018,8413125,258
18402098,12,True,GBP,09/10/2005,1964156,42524
16936965,7,False,GBP,05/02/2015,175323,67279
97310169,13,False,GBP,22/01/2010,65104886,190
89494536,16,False,GBP,11/03/2001,473610,619
16801713,9,False,GBP,20/12/2012,225343,41491
65787994,10,False,GBP,01/10/2005,795084,179
41919940,7,False,GBP,10/09/2004,9616044,724
59720849,14,True,GBP,15/03/2003,722253,72804
10672232,4,True,GBP,11/11/2007,219078,8408
19104699,3,True,GBP,25/08/2020,4699916,81986
87869791,25,False,GBP,20/12/2007,9022079,9383
37009944,2,True,GBP,24/01/2000,7552529,0747
17478884,11,True,GBP,20/03/2017,673863,853
40985961,16,True,GBP,11/06/2014,071960,83338
40939603,12,True,GBP,16/01/2013,713705,13415
19008822,4,True,GBP,05/05/2004,24784424,76387
55772280,17,False,GBP,13/11/2008,377080,537
48946965,22,False,GBP,02/06/2018,261509,6547
99787937,5,True,GBP,08/11/2009,10978787,619
26530409,4,False,GBP,05/12/2013,722693,963
49241848,8,True,GBP,04/02/2020,8906666,513
86158042,12,True,GBP,19/05/2008,399212,51428
12423936,12,True,GBP,19/01/2000,81006168,258
43407843,22,True,GBP,19/11/2018,4757872,32236
48041521,5,False,GBP,08/01/2006,448878,7730
22561742,10,False,GBP,21/09/2020,9022932,7774
98569379,11,False,GBP,07/05/2016,93760087,3001
26492841,2,False,GBP,20/07/2010,17738093,4864
53677850,15,True,GBP,24/06/2012,268421,211
87963328,27,True,GBP,12/02/2019,4156358,070
83731300,14,False,GBP,27/03/2005,846473,59557
70318102,16,False,GBP,08/10/2002,097322,4087
69652994,10,False,GBP,25/07/2012,114742,10918
02537383,2,False,GBP,17/03/2010,471608,4859
75269868,22,True,GBP,19/04/2008,420795,806
94230922,4,False,GBP,01/02/2003,7475217,6561
88410384,9,True,GBP,24/05/2020,7682014,193
85344221,22,False,GBP,19/07/2014,4547037,4656
36935526,20,False,GBP,22/06/2009,589900,090
91891846,27,False,GBP,21/12/2000,343356,94647
67048040,11,True,GBP,02/10/2005,023666,254
21443278,9,True,GBP,26/06/2010,564763,37790
65971659,6,False,GBP,06/06/2014,47152980,331
68409443,6,False,GBP,28/09/2016,063463,84991
33965285,24,True,GBP,23/01/2016,342635,3819
73071013,13,False,GBP,14/11/2005,330100,756
95154844,1,True,GBP,06/11/2007,6419807,501
85317974,19,True,GBP,16/09/2008,275768,956
94964314,7,False,GBP,08/06/2018,871516,132
54471126,7,True,GBP,05/08/2015,84936733,678
75602609,10,True,GBP,11/03/2004,9662063,907
43982979,15,True,GBP,22/03/2012,5092386,6328
99596227,4,False,GBP,18/12/2007,39054072,722
74909751,6,False,GBP,04/08/2019,04150252,10241
66848554,22,False,GBP,16/02/2014,56574972,667
67321839,27,False,GBP,31/07/2009,7414413,00673
27069201,12,False,GBP,28/11/2002,1805362,021
64508115,15,False,GBP,08/07/2016,59752780,8241
99425306,10,True,GBP,12/08/2003,8020060,010
61050243,10,False,GBP,03/02/2003,5772400,297
59098493,5,True,GBP,16/02/2004,8017012,3823
07171259,19,False,GBP,09/04/2002,043196,540
56593385,7,True,GBP,02/04/2020,664023,694
60274467,17,False,GBP,17/01/2019,3243229,949
37612368,18,True,GBP,23/11/2004,0200873,974
41426746,23,True,GBP,16/05/2020,22615711,9406
14473270,16,False,GBP,30/10/2020,618352,5094
23420482,26,False,GBP,28/03/2008,775771,499
26931887,27,True,GBP,20/02/2009,71515041,047
36952977,20,True,GBP,20/05/2002,3317293,682
05974083,14,False,GBP,10/05/2009,31973577,6702
15988913,1,False,GBP,30/06/2003,29152717,75263
51420994,25,False,GBP,08/03/2015,53815387,159
33096002,7,True,GBP,02/08/2021,010041,17847
64522500,4,False,GBP,09/01/2007,263235,0849
93649093,22,True,GBP,07/01/2019,95980024,662
99612040,15,False,GBP,19/02/2011,1458308,7973
38497706,5,False,GBP,18/08/2004,775923,9626
23934044,12,True,GBP,06/12/2003,531670,653
85404959,25,False,GBP,07/05/2014,19320076,47810
01726422,7,True,GBP,20/03/2022,58521278,091
85833984,26,False,GBP,15/11/2020,916477,288
58514922,22,False,GBP,27/01/2021,312858,65658
56306577,15,True,GBP,08/09/2007,212208,6298
33493348,8,False,GBP,06/10/2008,966854,248
95829629,1,False,GBP,10/07/2000,7486484,870
33148653,13,False,GBP,29/05/2012,7309179,1254
69294952,23,True,GBP,29/03/2007,043392,0038
34675779,20,False,GBP,26/09/2001,200829,040
57232330,25,True,GBP,28/09/2011,6938061,960
35332684,13,False,GBP,03/03/2013,091684,28023
38809999,21,False,GBP,02/03/2000,7229646,22321
43581894,25,False,GBP,05/09/2020,25692634,038
42245329,9,True,GBP,27/06/2014,7895574,77836
45374457,3,False,GBP,14/09/2009,353831,41506
