CustomerID,CollateralID,Guarantor,BeneficiaryCustomerID
8640,97796116,26773,9186
572310,56845049,68782,3644
5872,60392499,3131,3314
875874,70348756,9409,1254
9021,05174737,608249,9746
8640,90324645,3350,1608
8266,32556393,90314,09386
9337,19228173,1549,8031
5842,90564773,6515,363455
7626,75763354,836935,7534
476899,14699912,49527,7743
6902,73300990,548355,59826
9507,44590238,16835,2889
1136,16446473,9256,6655
2446,02128676,83990,0119
5872,61960307,0395,2027
61476,16935838,028139,262698
0714,23393697,1190,1431
8284,75143091,456917,66098
72053,72593225,6277,8806
1399,44032610,55067,1399
3214,83966009,10539,890375
33171,57769775,56912,7603
9209,95413529,6124,867488
5576,88031390,489961,72441
1212,83740627,2957,87140
5877,31777460,0602,39952
5576,66048834,78197,786311
3997,11568515,1970,681799
8662,76719602,6551,37320
4381,01627302,851579,49404
8058,74301687,34086,527581
6692,99297687,4302,2135
4699,15807311,813025,838223
4381,49137258,7194,95175
0381,70433028,2668,109483
5707,98376445,1752,7043
6832,10385346,3777,68054
9113,96638025,2069,6551
61059,88789755,596770,33694
18909,10815001,21461,0509
9784,26697620,60865,67199
61059,85738395,0946,5884
344375,35410447,7918,657128
689835,33775917,20849,4284
61059,70151038,9212,2423
7523,35253183,8729,66878
7002,57034524,46875,0954
6403,56408711,0941,5144
88988,36729947,06206,9255
1922,13884612,963199,3260
015577,90888379,4089,27011
7002,39652790,19737,005073
2845,67437642,336867,4161
6596,27813607,42404,48552
5064,66099784,7714,5064
395034,39706029,9223,723117
476119,64870399,31023,3069
059229,26650086,2320,7710
9197,27178709,4946,006719
15879,68968505,486497,36336
1031,80428387,8443,234947
1917,69595650,0362,756919
11129,23258269,444451,5685
4085,57105627,046507,98967
6438,08491503,109489,85539
8365,39416854,05299,2238
19180,54063943,5004,3072
11129,62737647,81700,287113
801142,90498361,5818,69851
10601,09089979,57956,4852
4694,54306854,3665,2576
7538,01340804,8052,33384
839895,92495650,7382,1385
29227,83555600,965726,6677
084455,76680063,7719,2906
5045,44133727,3081,17018
62009,22054179,03959,4935
7545,70673611,6089,4165
7538,24851514,08917,6260
7730,14591908,17694,9994
621082,33465259,99598,6186
7433,49661651,0783,9695
7538,15366900,3296,5361
960573,62477580,2536,84871
9066,55934040,1037,1090
3558,06650195,80090,37616
31722,52458060,21418,1878
13604,91410440,1770,111779
12893,95250235,4617,03944
0827,42151733,8246,173223
3558,43271215,4883,4574
69838,72420425,399513,40056
4415,23317567,2326,3530
46485,86909364,4373,34444
04992,71278551,76667,04992
9462,75876172,57428,7305
3984,66975006,06741,9353
36782,78466859,8710,87818
03651,57354273,29962,0333
323980,55963337,4352,147907
89677,44373722,2126,1913
3786,83999268,1367,9209
75628,21764040,901897,6816
8152,27629375,18527,3532
323980,71043762,71280,2391
5484,73059622,30122,9019
926286,50313332,1595,41499
6516,53677049,553870,298652
4029,43161558,2707,215448
52954,04485507,41153,6793
330455,17297851,3358,38243
0193,70032263,296798,03717
33569,26801106,16381,7402
4208,70354699,0031,4953
5742,17579091,3283,81200
6516,63067406,4230,6367
6568,31365883,1806,6673
2048,21126080,0425,7783
2076,69336218,62566,938188
3917,99725933,935798,5832
36810,80046985,40354,3208
82749,33500514,1260,11140
6194,45641656,7908,070385
3821,53062853,32172,429874
588917,27858938,009969,7759
3917,31227079,069091,276626
70584,02857312,0566,733484
0197,39001913,6467,3742
35308,33585374,69584,02683
31380,68303896,0322,871326
8148,11648468,2984,69825
994696,26321987,32438,367912
0987,60820165,976642,56448
298008,76719772,89124,7446
8148,23801201,5688,4499
3564,23491392,946132,28633
94852,82081630,24023,2850
5845,30424683,5012,8286
8148,14261048,2972,1215
8686,66065017,002632,2203
8148,41502529,5440,8931
28960,85737270,9793,28960
887948,91594877,8283,4600
825230,78548647,9847,5203
7563,43631378,733440,078202
649727,12157012,7717,7561
79311,77067331,4617,9855
887948,58667496,938485,109531
569369,54886244,7548,246309
57443,39390576,3117,4963
473095,92531053,587074,3862
33102,35418795,1713,826769
9288,23282913,4673,740566
9966,65844330,8040,5178
6685,42134965,8793,8216
6727,44691597,1970,611244
4007,13147731,1690,5436
63056,79497105,661575,2077
9104,75911770,546831,393236
2016,57748004,283127,726243
23427,86121688,720055,86047
362621,16268038,4959,258438
6685,17237993,151086,9015
6727,55341203,8822,8622
4007,49165436,6830,1873
97330,35107246,6576,430644
89557,70007061,6163,08419
6007,47322729,8145,6007
4830,53693992,6678,5264
54357,42125482,8155,8582
6853,13692177,817381,72369
1774,15466513,369581,303884
62369,79819728,396253,72116
3833,27994326,99142,072105
4728,08174679,6328,5248
19179,56457918,897225,6115
3748,32891856,9340,7278
62369,49297075,9713,4988
204259,10196584,0179,7207
9723,27802351,5544,8766
9352,44539313,53002,4919
800313,34456046,43453,6315
8452,82993193,0392,2284
5193,79157066,2971,7144
9723,77816282,07433,0417
2710,29827151,1422,67184
3411,56420237,048145,54441
1433,93033509,0158,7442
3126,77822592,25017,61959
309048,00686641,20498,3791
75983,09392109,661307,2941
5049,39074021,700707,287342
1433,29595112,819167,85128
9811,79435013,0107,99439
347571,94103895,80606,0450
60608,48904418,773857,98779
57861,75230815,706175,843789
99393,57292557,09540,36168
113660,85044582,3315,047926
7895,01073642,5228,0669
0104,98875221,4240,6803
3470,13042466,644566,2271
30291,25966198,1614,1748
5474,42446605,231524,907929
4886,33156029,8194,9995
0279,58206618,11559,98158
2864,19515626,5835,0361
681166,14544711,4754,90491
92867,08281586,7998,8148
0104,39264053,717262,837493
2068,98964276,387560,98765
2321,70642325,65722,0743
20838,62812914,480441,20838
5095,08069501,238576,020971
25369,77670360,1012,590819
264638,57243221,57778,6518
6812,28934796,0536,60002
0706,54702192,046296,00959
2753,74035964,518580,47661
25238,20091488,4146,0922
523491,77415255,10635,5916
9593,68376998,25043,9329
9951,14970403,2459,2114
8180,99949512,6616,744843
9017,76791768,037550,9836
43126,23959490,1206,6325
015032,94098780,27984,833330
8219,39168176,803743,7198
5165,35061270,44325,271808
330711,66274241,5900,751425
5439,33140378,8949,6706
264638,65106468,00493,4425
6812,49755073,25365,5395
0706,19836427,95959,912981
2753,87035006,949001,793983
25238,56260650,53552,6692
523491,89281260,2647,522814
6726,37650501,6441,12853
2955,47455766,6810,07713
9083,30469404,1837,27567
6887,87443494,94089,363695
375384,79907856,1528,4071
7600,84451153,31230,7600
0846,24046807,569935,91541
4255,44769511,280159,9695
1322,45875471,4270,28981
159572,74856528,124755,1664
019138,93792190,8580,3007
162093,41520632,2786,8727
38301,82939330,357047,3470
7897,11949582,08151,1516
9133,13891454,20921,103866
8961,83150414,9408,631501
877441,03576822,48280,981940
21118,59071845,0737,217271
9690,01210772,966425,359004
8822,09349820,64317,036448
9133,26318634,22514,8721
9848,42820556,8412,2866
6682,16970126,4009,4688
6487,05784672,97381,361329
2131,08144993,4281,84864
449550,48181578,6508,089034
2647,85460937,764271,7127
6633,92145723,09093,4667
2131,21953080,37532,8102
08305,08243793,9616,797235
0069,13628998,51486,21646
239035,47184808,042491,9887
5417,73588073,822335,7350
46116,18898707,615310,1209
75006,60999407,03314,6240
99281,12597264,263171,9322
683749,46686653,326624,1266
463624,25529844,7485,4703
79211,35894875,2850,9534
46116,10240114,01016,75331
99210,84763121,1221,3707
3575,06433105,40219,0989
1039,37225579,787257,089594
306668,90908468,938896,2341
8260,23658937,38060,88422
0380,75652815,3968,0380
3868,62074756,1582,5141
4649,09423423,1562,2202
0237,52888594,4810,16878
6199,27275890,9097,1882
9918,88121677,2499,904507
1254,08429956,7932,47484
1295,36633477,5213,7002
0591,67779459,4291,281962
88021,23990028,8057,364007
14425,01297693,26727,3761
8092,37592848,4028,2793
936755,55501333,322053,0434
06319,49597978,8936,3244
096495,30585413,4933,6586
9791,86714466,063200,0729
7818,46770937,905689,155261
1803,06637320,275262,1711
65750,29957095,8205,6065
096495,62143743,729374,80309
5621,23494799,09459,36348
3086,27664118,9188,058906
94113,29135936,8938,388161
1930,48854293,879767,6718
11031,01358894,6160,11031
1635,64075505,6440,5668
8632,16293079,0105,429753
9031,70389278,577900,0237
9412,91513221,8447,25773
00175,99373484,4576,594973
858232,45772914,8634,891656
980047,59932356,24554,09223
9191,93828500,715798,445158
4646,17824124,60722,88456
4774,20902026,1574,5524
808113,78053641,44359,0755
096495,16810650,7452,03132
5621,66807644,6618,176415
3086,34223280,5771,15150
94113,00280694,5563,6091
1930,05645761,9562,87226
11031,36571256,6838,531006
804694,61154766,45116,2942
0425,30448592,086877,05044
84226,89060687,4327,75076
6057,15046845,3657,80297
94420,81517919,5448,2000
7724,10445081,0971,847194
229528,09862248,4446,337288
58933,55097008,02997,7444
455330,52288512,205321,263444
43099,48955416,3340,756777
46339,59113414,8078,964561
4626,21237712,069676,5765
84068,86145432,8174,2274
708527,18573232,5883,5899
56968,01602577,865553,7490
9838,51695761,5829,69204
160115,94194244,6483,5771
6918,15496546,601045,5470
8639,08350611,78015,6586
9915,85716222,24535,73743
386307,22512260,61369,48018
375293,33305554,412312,6300
6057,74375464,801250,4971
94420,66224812,43083,824709
7724,54099941,8835,6317
229528,57779139,7309,984056
58933,81950517,02504,202235
455330,24796829,774767,11235
43099,87459632,89055,312646
46339,89124030,4591,232712
4626,48456932,820754,4125
84068,45531138,566905,1497
708527,13421727,5374,0244
56968,94421882,05502,49446
9838,98808248,14328,261859
160115,94935046,59497,7408
6918,46915109,43889,754907
2207,29205084,0805,814709
481025,03657190,0276,1465
4758,86039814,1284,2792
72691,36563311,421537,9808
9772,19843140,0620,9772
3239,32930034,7127,58835
73403,81588401,97296,2790
031702,37507146,40420,89058
8851,41396473,5295,114281
8238,88515685,8059,96840
968923,06673274,455883,797844
889167,41667003,3730,44493
5333,02844636,85401,7551
8238,34352038,534748,421052
8685,62485743,26287,485850
8233,57314990,86433,2371
4096,88088133,580762,6776
2323,16829659,65387,9053
57864,42004252,6490,294340
24317,10372908,3382,3292
18770,65963327,8351,3371
2323,91311519,575948,7419
570085,62649352,6292,5095
0931,80215742,91290,3910
2533,93023079,449653,2324
9934,04964077,354324,42936
69006,77777143,254691,2596
0996,54084704,793569,1279
493959,65475199,4913,18482
7331,57201860,9362,626550
4392,74833153,890398,9594
6925,13163859,3350,8046
69006,45540260,3724,91126
8241,63507639,05568,5136
8599,55416392,47607,8599
1154,52452778,435676,1561
88320,32449834,97777,7730
5497,27516446,6882,2333
0387,21408820,1933,6217
702150,81137616,8563,2064
7394,07257477,346841,6642
169338,82967190,955919,3145
93460,09067952,85296,8989
1077,07154866,66207,0394
098355,04300425,07149,748805
63783,05799656,9422,9661
5906,08972196,882351,210055
6748,59286074,4841,57001
5591,36461712,81386,0546
570019,26018365,85413,98847
4969,39481521,26539,3005
17408,40383967,41927,26806
86545,86339858,580599,22863
77993,04991504,813514,049796
7259,20330733,238635,669130
0387,37241800,332292,84740
702150,81258250,3937,1964
7394,64896103,590955,3670
169338,68401255,06989,0291
93460,94193301,284084,4401
1077,25349289,653152,9880
098355,83343594,7814,3181
63783,56308395,669099,684006
5906,62865707,3949,2011
6748,93463069,7730,9725
5591,58832044,380068,4544
73776,68270381,9452,623520
8373,04171517,255879,3227
6778,38114549,4728,45820
49749,99977821,8562,7140
8621,83395147,06438,31770
1192,06913028,816982,3163
5796,12807498,913967,4076
633442,28058188,0166,160595
77373,90700380,8472,45380
1390,17455587,0881,0751
49283,61992717,9874,28989
9081,78695565,319402,6937
647656,26000075,357835,3638
56595,40240860,1633,223414
4289,35559370,39174,738530
77373,87100286,5518,8886
194961,66211925,90116,2323
337430,48444756,290305,0885
186964,35290908,9926,80682
53621,74434144,325907,2702
78025,06844225,957241,8522
8955,38541312,974184,110501
80007,44757092,15264,3349
76673,65239254,85027,79571
66559,93444473,6269,3282
60998,22872480,9646,4431
8844,08743937,8371,855087
4326,34106573,9412,11892
7636,92495206,6164,9329
8844,07899277,1550,1727
433646,24832806,44062,7990
226970,16692176,49169,51760
741949,55802267,48201,741949
00402,88844926,1049,120326
92133,69904217,0401,6057
828131,48015741,8049,91661
27638,05284978,97742,195504
2488,79697992,3405,7688
284057,90182019,41659,2859
744432,95766043,30232,2557
674014,21748860,7667,3306
807208,97324721,47251,482941
6870,55183229,186927,79568
2939,04496583,4796,7177
0630,60541620,6398,712972
09437,13858914,94372,0198
7737,03376717,1036,3257
1505,67437212,762378,0804
1035,75631055,3426,9274
4427,04339034,98423,36302
384428,37620014,2154,9499
9359,09498686,60528,17221
945047,68501228,653998,47794
10010,69751363,2184,106610
828131,36112497,1613,483647
27638,15141242,4474,20749
2488,64066741,36782,4187
284057,66145211,71937,1224
744432,73618208,1696,4372
674014,49928355,387762,088746
807208,72922449,3388,83180
6870,16613079,94774,093387
531786,68372428,7311,2142
6854,16323285,82998,17309
65244,22884497,915713,8801
1629,48461285,9806,1087
28409,02498141,8007,44850
26097,30898102,3344,37729
7145,89976233,88521,09415
0072,38486295,4467,97314
9359,84869037,2607,889361
945047,39993376,9532,1287
10010,92366054,4495,62183
828131,11965134,465644,85239
27638,30223712,1415,98274
2488,85058525,8898,917364
9025,62432725,7087,2137
914816,92876844,2788,914816
2011,49471772,75579,059054
53914,06885125,26548,393259
2875,66617037,7904,45915
92911,72480019,703664,618262
9047,70370147,8089,815911
6166,80015297,0828,59169
513824,22470793,5257,6344
564623,35170013,1637,422415
3471,17670052,5500,66935
4076,59052727,7194,4960
8037,79006385,1290,4988
93236,62422898,725274,96626
53914,55808500,930591,648619
2875,97029178,08979,97535
92911,96412968,583660,3588
9047,62049349,972304,17716
6166,99135861,7033,60460
513824,19475361,05602,56229
564623,86301505,1974,5693
3471,95712060,25327,7561
730868,34876606,366699,9898
6530,83212956,132914,72157
36431,49263001,4417,84153
28022,27082101,729755,61843
882998,13232850,958607,50695
0934,18283182,9239,778145
7614,24580978,068853,13059
5908,85416173,1423,1956
8206,17831806,106914,3171
044951,57193550,965006,8430
20416,24129759,5177,3122
899637,41862538,44615,3030
49350,74996714,5573,1285
5109,80350016,35661,7443
6266,35152343,403818,806199
3811,97507078,8157,86546
539963,80304495,0856,3785
5604,12791419,1496,8492
70787,90329752,65619,687281
4471,98524583,91293,068509
580347,49845448,4973,1647
3476,56048298,110591,83740
59227,32443271,9456,69497
0510,16953811,023538,32309
8622,66594454,20432,40787
19608,28443666,01965,644771
48015,50839571,7189,7214
418409,69845217,9632,2832
2797,99880024,22274,931625
5296,93844158,7853,89681
3623,91709101,54427,988508
09561,71233807,5155,59760
605322,11668318,681058,6750
17234,98977332,3460,343664
7086,75960166,4264,2468
0170,54610591,10132,65595
5148,33552485,25923,174740
769163,36374483,231260,253973
563644,53377981,281614,4521
21841,87359718,9575,113978
5973,63765198,77038,634420
0179,60335256,2202,94257
0170,66837398,26931,001076
621496,54880516,0938,67950
5077,06528179,673091,9844
537894,26864776,6076,9229
0433,40530227,7236,9816
1611,71130811,0740,0133
621488,61207983,9696,9056
89723,25398754,1115,250327
5109,50971855,3090,3915
327789,07962421,4076,136931
5736,77948841,93472,8789
2395,52337386,8753,90909
1866,69675634,75024,4902
7237,31382938,6105,1791
462935,04112187,5051,462935
6978,50620425,766886,880708
687775,14162296,86129,5652
2188,58745906,36897,703552
57061,49447868,850384,750065
3472,79398420,60496,497151
993903,04961039,327296,654224
540884,65908006,4088,343862
64573,71377444,21663,8412
3472,62517277,89067,61441
29376,72897539,776494,779579
9951,35070489,6505,204793
765472,80359685,9440,702455
2211,10342171,35349,18661
79557,42797011,5394,5435
9093,04846271,86469,237687
824647,20158609,4990,664454
33911,91302055,988704,63631
0844,08166401,8110,305497
6565,97150665,219393,8589
5539,04201558,8854,7186
4958,67897903,6823,9260
01625,37766232,595491,820723
512918,07631424,6864,5573
392900,78211212,4372,44228
1583,10932326,1668,755942
013718,51206406,6296,30382
8601,74354957,1517,4342
1555,92423082,62379,9523
7887,16461763,6583,8561
429032,18699720,9414,18701
5450,01625353,89402,066156
455817,07721435,5791,293117
6301,57552641,611857,43055
117165,84090800,2245,02429
9084,21199658,7503,1884
141741,16724201,1363,050703
51965,58241589,46976,1128
06121,53997432,2513,253731
9028,47807191,4780,065431
5087,00335597,6627,57977
1583,45338009,441691,20218
013718,34983818,4397,94895
8601,61348311,1669,0120
1555,70876080,60153,30853
7887,99695060,94636,986096
429032,93937817,28884,80298
5450,78541074,961989,69327
85087,72892995,5805,9966
46523,67040407,191840,765306
87122,36085668,30802,13153
40848,83992991,73998,347956
191779,91086976,133693,0196
411600,61729899,0071,8636
76574,80987912,8729,0007
737124,43986527,4466,6456
7457,34001308,311976,9442
59132,26031501,16191,821131
79984,55169582,2850,835946
1755,57898961,3983,3286
6630,20835408,0301,7127
3063,17490213,4058,492737
8530,87413144,480184,049255
4414,27390944,083570,84216
92878,98679109,0724,301693
036976,28597433,521702,608337
2560,26367789,5390,431618
5221,48395664,331374,40592
50193,14822628,531478,576900
3210,84691738,5732,0738
815409,28196946,4081,483522
26889,67334119,923816,67134
892792,81827421,91345,3424
0718,92818408,1131,8594
47192,36892847,5851,527428
8993,36568875,7523,4440
211832,52809665,05029,59651
33401,57183263,59840,718464
1883,24179963,36881,123217
0458,96936827,2756,5322
6794,95486029,0693,038900
8871,92061708,5155,565542
3283,39370349,1051,11218
6058,30504223,98138,1185
78139,27515535,7871,4267
55763,19074356,158215,977196
3950,45121566,5636,826893
6260,45643104,5601,89240
540686,17927694,6418,2633
373458,33699363,785653,71797
8707,37430119,7335,8781
9483,46058057,771504,21285
87122,09310007,570344,18082
300238,77766302,39512,25767
715233,53298010,8527,9793
5140,63876522,2961,4638
45494,36011472,69090,585950
5605,14171398,868533,643280
5524,09278590,74461,8765
049279,39743584,972144,2994
016318,68631086,9733,6529
56778,64186408,8409,74858
2108,19372742,5625,2663
343754,17302516,15668,188143
82271,91455593,3534,4289
132038,26897340,9776,7065
3617,58709724,714770,1954
3333,33530609,780415,767493
368347,07321623,9971,1882
4908,75936977,9855,68520
1548,05156147,6782,84673
225899,90851428,5494,671344
79580,38430172,9667,4773
76619,45201102,12751,413587
0796,33046338,18579,222192
255416,15146259,3610,9443
844029,66373370,92100,493228
92921,30626661,23864,9579
75511,11529010,73332,2437
79474,19334363,6180,1177
12096,43318705,542828,0814
0949,48816681,914417,8920
844029,11920238,9521,94938
956302,57648909,5938,67814
37808,19799248,3738,053652
734765,03675988,7953,734765
76726,84012450,6775,053261
4893,75585165,98258,2048
76841,81783346,0282,28655
0519,29074118,739027,2387
6351,41179899,744007,69402
0072,58185252,6016,418459
8308,83970415,3773,4012
7568,07230745,72227,3698
0856,66790854,9243,8597
343049,99889159,973296,145053
3799,56748444,4930,6041
679879,15671755,59571,325125
5054,74264196,1613,9135
3040,80594913,075921,7322
981445,29220608,11177,1398
507329,02224840,771571,6373
01256,52766877,7699,4120
47277,62328723,4834,03072
7493,26532848,1619,507780
346250,87366926,3211,134506
5120,33935830,964341,0332
06931,04156563,6550,696039
1955,18678366,47858,3104
93769,98714833,32865,0183
592756,84367036,39738,68611
6185,51833322,6041,80293
655197,84046031,33151,8855
32425,44190434,064284,25507
22222,39877685,67999,334862
47934,75066201,227430,583315
94911,29058226,63994,188342
155780,08609057,6502,399772
26055,31224580,818890,0204
2586,33846268,45753,3892
86720,01932676,3301,7244
3076,78230363,2946,1020
8394,63421622,0554,539256
034419,88539920,3918,28565
7636,95159474,4063,4914
2380,25247053,6510,2547
651783,37750654,931714,406023
9167,54574032,87299,9166
36734,76942390,922888,070605
5436,42914919,365026,54099
1769,12598219,842940,36920
60023,95504247,88827,45869
7626,72693061,140395,9556
009531,06531338,4962,850106
14690,27386258,4229,21805
98386,24435388,556146,1555
02530,85543172,67089,3302
2992,58363915,23123,39454
8612,71046001,3486,42974
79543,27798625,0434,8167
520685,38179383,2620,537835
92025,32081156,828878,76435
9315,51756982,09472,493251
2514,22624453,9346,94389
7013,05076729,0096,8848
8318,91375254,08773,2443
702689,75746342,220455,457172
12324,24094073,1000,2414
8948,66260689,97076,28724
3172,64770560,0784,4811
143053,04800677,2577,2600
8867,37613881,80947,5888
1430,60194167,221881,1430
759230,08877469,2913,9587
7077,45758383,71541,156232
33736,71659592,0208,685647
6007,62689274,3567,16192
34925,88573482,66254,58341
5606,80389526,9343,2587
281103,46251601,182780,4442
8308,43710644,9757,8257
7568,36948199,1577,80245
0856,72383298,8018,3919
343049,94528395,291110,1294
3799,24316049,1269,64372
679879,08529795,6887,1116
5054,92748786,151889,927066
3040,12754783,996885,23521
981445,57877863,1383,444715
507329,85909271,211682,684292
01256,11065126,632591,059769
47277,90654995,32715,26879
7493,21328988,475110,014518
346250,79497660,79460,4048
5120,26930141,8102,41060
06931,82587098,826134,97217
1955,51390076,189441,0281
93769,20147839,929335,2746
753575,97840313,4522,037612
63584,01832741,8777,5138
32893,16585268,4532,2017
9282,69480074,003496,7995
5099,81207897,44988,9259
7002,62536870,9422,46372
9369,59284495,7998,20446
7493,11999881,65301,590269
21742,45209959,5420,356005
8005,10265044,062101,900346
1290,80042293,449256,3893
54876,86880949,798699,0367
5802,43707977,557744,7697
817926,08166482,62102,11358
17962,22628319,417944,49635
382765,41981850,3031,204641
14919,94690281,32634,52975
4571,85816891,977114,7531
382765,86771622,64706,17749
033632,87012229,1173,695575
84275,85927368,86450,4162
2481,19689598,64036,48488
5727,54225303,58280,5383
2359,53844474,52471,380031
8829,95359397,10703,6224
498290,03666849,469085,60357
205065,37446742,4176,23715
9639,39394433,2954,9480
7060,71152059,8314,383885
8302,20296639,52643,2911
3725,56904170,038740,88827
7549,52602767,0510,671759
873811,41977871,2437,00837
837755,54368055,5630,46579
652649,07684284,57211,3254
75543,01693437,053222,8492
740633,36489521,4815,85740
5670,62681093,5427,6172
6790,97278361,1528,921425
666068,96190602,264163,6554
8789,25738494,8368,23490
67997,01221766,55352,8065
2871,98907852,550338,93141
80378,22290073,49782,5033
730897,57347079,51663,483711
7704,02943069,228002,403236
288545,88025469,8265,10679
2046,26661424,6103,94151
8999,22703960,8799,54306
48705,89418029,1073,1185
80008,73469821,413475,5467
0875,27794776,670660,979965
4948,13081818,82746,97695
20993,39882898,14841,6671
28949,57729255,7120,5535
7060,02222266,6195,4294
8302,71448210,6574,366353
3725,27480235,495543,215757
7549,96485349,4560,0840
873811,57286787,17042,4354
837755,48392439,6605,81203
652649,18521693,6417,2885
75543,88719882,168527,0124
740633,43022301,8593,8394
5670,49048660,636090,89249
6790,87960147,4082,565872
666068,49031627,24795,423044
8789,09127947,315140,6620
2167,07795749,31560,2800
42019,24124356,958977,664495
669432,50181854,09673,5952
48693,60534094,3166,368074
2510,89276695,2873,990645
35246,76639836,61133,463050
59288,25402634,3261,683492
589718,39721980,83982,6529
9088,42167643,5785,0176
136114,16216886,3611,29162
1830,97555935,28387,103319
499284,98620869,39794,3730
9236,43227393,5290,906930
2987,72478338,2563,0256
24989,33704661,47697,49980
8569,87165439,3104,0759
3761,28279814,6191,37033
7782,41797851,863567,886024
8389,21516900,374312,931967
5475,15885428,97490,5797
9016,93795829,102557,293278
176861,72272509,6724,55722
8833,88358928,1032,266401
7329,06457802,9430,410838
411494,79957709,212984,0939
10377,56062394,97072,654835
152782,69051171,05976,998266
2250,92649724,14955,4654
8829,04117369,51360,24512
2023,60538188,106776,693408
5342,79153242,6212,40000
682783,06452296,7950,1400
3567,18317851,44638,32869
87528,98875537,28136,9690
197697,80905784,4751,6535
411962,11837191,581993,5589
175718,17701544,45008,30380
656059,75297204,74703,82736
8011,27054831,0750,111450
539672,39477958,7498,3673
9925,55550347,7406,7915
91497,92779381,7247,2073
2643,99705620,7257,9666
2562,05624241,4978,37754
24989,45158293,417328,5321
8004,85886424,55622,31321
069599,08545646,3604,50986
497599,82499043,6633,71973
91346,35034528,18048,8698
2493,47652836,2988,15705
14773,00344470,239288,6669
90623,03323547,74242,676828
78827,05043585,51349,666230
9925,85614669,34139,9925
5991,42519928,7555,2046
6955,44729937,01253,3925
689836,44321765,8602,033340
4574,30799109,43438,9066
5947,82807649,3818,36440
5165,88981630,902946,459241
5268,80289984,01013,73026
45463,13536854,8667,0663
431885,56556644,3413,63475
9169,82348314,633802,1757
1012,63756232,24302,9968
4671,90820978,14567,0835
6239,07813814,0405,89588
70861,04257779,823246,6096
9173,79218307,2135,40498
60814,80619990,318017,7900
94833,38151670,0635,32202
103808,53840895,41113,7297
59498,44772311,4644,50919
3171,08404790,6233,54064
913713,04109138,716423,6378
820919,55141979,862605,55914
9489,05649206,086398,79198
421508,60002776,941711,2958
8264,34004889,7199,2117
28127,94184316,525660,499829
7003,36630517,10484,429260
1227,45303835,1795,343933
8927,26862306,0161,6056
8053,42946571,583848,187260
68321,25164534,7047,4483
19363,82948171,8614,73777
097782,97674163,126031,1435
2510,42494569,5471,88875
27089,43423499,04939,8736
0650,06332508,8045,10804
9504,90353971,9450,29069
3161,01944673,2050,14642
1271,46364897,8286,1704
27236,63742988,8410,6156
889912,62847821,4712,7471
74735,36733763,790315,2563
3876,14990146,4129,8018
2943,88369149,8672,4288
6883,14825381,45604,2396
2394,52278746,6241,8459
3100,34725978,0851,409430
090350,30343061,8937,05275
07782,36354230,2473,7008
99099,52714523,352438,486531
9526,95838013,55330,8563
1315,41763355,3715,99368
9562,27696262,6124,4415
02206,44109550,2179,0973
1592,83534527,061539,41080
41758,77256558,856541,8929
4389,54232421,2886,53517
125077,74270078,47178,3288
55145,41276893,89463,8915
92609,73084480,1155,406321
577453,33496497,773597,99444
8704,11546912,41654,0974
4935,00477691,21243,561880
726498,93540926,6758,81560
3331,27984142,81237,903086
37849,01228242,489177,19641
0437,51089068,3756,883405
4971,47487561,73180,3157
598824,11940842,248110,91988
7481,75144855,258052,6616
2734,22391457,0876,9719
6752,28822258,62027,779215
12401,19786866,8976,7954
7850,95465470,98492,6646
2429,42170920,35490,908497
940973,24016264,5293,96993
0945,98009439,0438,2184
14878,81292706,2630,9001
12866,94135670,8515,2440
3724,33725549,9203,2191
57502,28223657,9346,830925
2177,54625014,417772,75535
9541,60437706,96711,3090
579113,05276936,3557,1384
5605,65224957,30630,8624
83938,97742310,28930,6343
00406,45242918,7749,6224
1980,24336882,96700,479925
26045,01355028,38146,8817
1963,19807647,73469,4318
72035,50252807,5402,3080
938506,59779547,0741,72771
41377,38983765,9473,5958
118385,83601834,4157,276608
246945,26902654,2385,87006
1779,88758832,13225,1460
0613,60527342,141103,4181
1236,63573938,758149,91065
8738,68048708,5520,385803
979776,27920922,2013,12373
8112,88886538,55480,3563
43704,42309058,8269,5058
595708,84686346,139664,1256
1839,13288902,23573,0822
5548,93924484,2696,624758
527369,17372136,5520,55114
74013,59944412,85566,9899
7451,67377629,9291,49955
953395,37732703,66415,9809
21898,71599466,9480,8687
0899,50072825,1598,84031
645614,64137611,2916,93882
12516,55661470,608628,6842
5896,58011095,0478,8430
429761,57693902,0231,26377
6607,97847857,3963,83436
57217,92178083,72358,0114
1183,41222763,3493,8373
78594,23521615,3431,8419
0032,89788510,5344,9786
53495,81314061,0263,5047
172055,71915576,213491,4539
830481,45629523,16370,941983
56216,52976126,1570,58011
8887,68797059,642471,747504
7273,74829095,9055,45009
4077,04438709,725260,366317
6297,85316120,56819,574760
3514,94648943,5418,9238
0193,88287283,406658,2426
776195,17868570,8860,11214
4470,35053489,670558,142773
3943,06450260,31774,652903
278785,91020344,5397,382442
6550,64132389,966387,76281
936806,04058500,9764,7048
1898,49827643,3290,4586
4292,77900045,168488,14043
9358,42507068,1469,6603
94177,55088461,491359,536197
236774,00720474,2564,1861
0955,04997217,4912,4669
2717,12983560,618553,0035
828644,81117203,0714,70295
8649,39102872,93319,7538
64273,19506983,34573,644504
35332,66803296,900469,3063
5323,19140271,4777,68840
2177,34794595,785431,1514
9541,86863085,405668,8590
579113,67478838,0019,1315
5605,51542068,865684,7417
83938,78627623,5979,75807
85446,76467866,99540,93132
1852,18065733,9512,0718
1062,88063149,3554,4230
94748,43673980,455131,537555
76346,86808829,6649,709088
1327,80345966,99695,2412
5919,95504446,5440,6705
9810,20485320,5295,98951
17272,66454802,4840,5240
6000,64814470,7122,4748
7160,95190474,597812,5447
8532,83006393,228962,4601
8301,81204942,221087,4838
40645,86853872,1425,9564
1079,41816832,4418,543184
566056,62290866,0473,363514
1025,90633899,32310,171164
2737,29161180,08365,260857
6077,71503442,7437,281411
48604,88430780,3004,0261
4940,01758491,5434,9713
629542,92030175,95929,1398
790084,56187373,1297,0887
04547,08057015,618580,0031
910070,13890472,7595,37752
6018,09441834,757378,91760
6791,17279800,2832,0528
4876,87601888,6878,40839
8878,99029200,732125,42130
691802,57344326,614128,072652
694981,62154292,4200,8447
8386,00729042,10158,47064
1739,74636983,97994,9766
42550,49867077,9218,87180
1732,20562582,68432,62826
5172,61225216,913970,2383
04366,73326887,6942,9575
9507,44402496,254723,403610
6714,92962812,370916,4567
3091,25997384,460965,977134
50034,90366710,765944,902217
2369,93272064,26860,150690
4267,45363215,04190,309599
17284,17785841,7767,020719
18470,72483581,6883,3824
978671,94960059,7506,392789
5903,72240142,89634,74495
97792,58599006,6118,8575
5387,90741944,49807,0512
7830,18349751,09551,1606
4497,97772815,18168,58742
265367,91836492,627050,3085
7833,99258496,3762,937192
32924,36782254,1485,8997
1144,67827485,3950,758558
075960,04654030,118701,0206
1979,47423674,4099,153098
9360,55648182,7698,3563
6527,89734245,1232,432745
2065,42417500,86619,5940
114082,43548242,553578,8797
344481,55011347,54574,5629
6808,01518112,4123,40103
29427,02908027,308752,46124
723723,36324133,4396,2672
01280,55229646,07237,8879
3537,54499417,8107,17787
6672,98050322,0553,87572
4932,44767924,766670,9028
8865,48131035,6244,3323
2177,21006584,0777,6660
9541,91356389,3769,2588
579113,51039609,836573,0087
5605,46657960,8348,7151
83938,23224256,821184,818241
8878,92159755,839577,09637
6672,09585515,55721,0943
881660,74655300,8760,36397
3607,15066232,884387,174080
87618,89978227,844421,2088
2102,10394267,1518,33581
90036,65328293,3595,47078
7296,21897350,2450,2751
80113,31507755,6456,71698
1906,68235392,00654,35944
981017,56835059,996809,7223
84096,22473569,730594,3915
9019,10750818,71636,730191
314412,40911125,5098,696558
9380,06028198,1635,568652
194477,47087682,32293,86600
8334,64019014,677328,484121
660901,52924196,80142,9535
94516,13774498,7167,3665
5338,96164828,1924,2018
1771,73221821,1891,8300
7206,49453062,0505,21505
0668,08660588,31329,17816
99047,16122038,55821,5588
5702,17156879,36640,7171
186605,98901316,2569,8830
2581,18241564,70300,2195
6416,38238832,6770,6630
2552,70637742,7177,214273
79129,73403375,0973,5767
54723,31271117,11351,4399
4484,29131179,95156,5235
470059,21841868,39956,3159
8215,29182498,47510,34293
184742,57725962,79804,9803
40825,65356020,0646,8715
8183,63624076,640848,6460
318204,67606859,7964,54419
35073,94530681,324350,9632
3516,23960337,9687,66561
92253,58933421,1737,755381
51712,15099180,94085,4514
4541,42570163,089243,3727
89568,18853997,575437,45703
0057,81135819,4254,123388
069762,88040698,2101,86988
0597,17848893,23451,6851
572443,62328743,81190,91149
148489,39103885,31955,244800
533841,29707313,00951,5080
49797,72585859,9852,275314
2042,55442718,4115,599598
46268,27650872,6357,2842
387410,45427708,339881,2243
08142,51670896,7424,9446
0557,34301437,18407,452176
67202,01906789,695846,816886
5769,17828951,882828,76473
662633,16092901,7054,23774
09554,37214562,4157,7044
7158,86546922,748601,87854
1138,51152572,236153,7838
0167,24435437,766099,0930
726091,10628152,167959,55970
61564,89203178,409267,4556
8809,74348434,51160,0256
0954,77892549,6494,1802
99768,14390908,26825,9695
65288,55323692,2495,514114
4763,67103340,6180,569307
05458,69314949,18581,8072
787303,89449710,5657,29168
0326,25955435,5415,19015
184742,43352723,18700,780939
87874,06224366,749349,141434
1652,47029045,8820,6057
7111,23444616,6039,5896
7855,20542542,2287,505378
537402,00474209,9256,570289
6887,70317724,562772,930071
4640,53395711,91342,742497
99593,15645791,457605,32967
5885,98851922,2633,973746
1419,06446884,06348,58988
288381,86950059,9535,74285
6773,89976891,90747,666159
4426,90238466,16489,1369
161723,48658819,284433,8549
456602,20276213,649211,09108
6667,46606757,540690,1799
1329,98785670,8229,095680
34620,88442426,816259,00173
97446,30706943,7675,3668
491897,34002662,450896,324254
1773,49825689,7336,0429
333496,56763760,532633,24386
5876,06796848,6089,5293
849414,83643202,0139,2206
0189,73539470,0723,9744
4686,37106058,039781,3935
827233,14102253,6365,7486
86206,44735682,2508,279920
440210,54392537,23626,40673
4401,56174935,2532,3301
2777,85665906,94986,4012
9370,10512009,534873,880720
563310,28711033,7133,7823
086565,88023357,8013,7635
5543,98125836,589335,06307
0700,67955585,0383,729448
7024,95277127,6107,0055
7163,78254911,308120,3134
9464,10242225,5896,04997
66002,62406766,6901,7896
1076,30520109,5353,099649
2940,11412215,5676,82826
9571,98719033,5040,51600
7983,66448244,02425,8728
14297,81052906,87489,9046
9560,47739056,87491,6635
093987,20673568,631983,80036
456248,12427464,50247,0807
1552,71622039,6910,0290
541962,55408434,8201,4796
43138,99827760,8123,022772
78108,50579959,9773,4278
174042,78642989,858495,3904
5228,96252581,270216,062904
3377,96528797,7219,5820
71997,93803125,530526,9639
893136,77648251,286623,8129
3754,86728369,066105,9466
0981,42643678,826641,5719
718170,62604115,802105,9842
459741,06433693,682090,417182
6945,90435084,52271,99924
457641,72038830,62157,8442
506192,29575638,65022,85559
9522,83280872,498496,8994
221651,91253081,65712,215241
45741,94744691,4020,17757
65812,69027815,171915,3938
36643,44613993,5127,84100
5235,66305138,16820,52813
6504,49844150,375222,206657
91403,31284020,5906,631730
34669,56095895,782604,12320
9682,19050711,55078,113502
9464,50626230,3543,694485
38493,24017368,556667,4394
3007,18571978,4241,6454
7921,67684749,19332,99477
37515,51363690,757835,757031
23100,63147846,37486,4182
253443,59552759,612063,681358
9097,15898380,80825,3735
611446,05068302,9597,3119
5506,76369990,5157,0864
593708,44206371,0170,6718
8645,80697004,7921,5019
5862,13576445,786936,650455
35363,80006161,5783,886081
11733,77738328,2898,760481
8074,53750579,963397,162704
3810,79477172,7013,2883
111994,44954503,0302,8630
1586,31697606,28263,28665
70155,62608427,74235,8806
3512,50784128,0778,6855
138685,29473232,6317,022735
76349,01385927,205287,9628
095298,68377827,7637,2123
125642,48056054,548829,769073
584980,82516546,75980,89590
8648,33435411,9125,5812
30213,02440697,3417,56659
15961,49910222,37765,4093
1680,35349640,5041,05406
5887,72378676,68729,27594
633492,68262409,4353,00165
9924,87721997,4749,20130
0635,86769439,8819,4741
8301,41367297,25064,3812
170867,93563580,66672,07776
0869,52335142,455160,89856
252832,30912024,992491,41281
448319,17067702,0502,70379
0954,20354458,3123,858499
30283,28351753,24531,699912
1663,15252488,57902,2699
958053,97260843,3309,958053
0766,82344009,8744,71483
768747,90612971,28227,1661
451984,71904560,972501,20860
30213,57441903,292004,5617
15961,96974683,1216,76424
1680,59374137,807970,427456
5887,65163048,5093,40614
633492,04249128,1040,132574
9924,60751242,07087,163309
0635,51780631,1265,6031
8301,96260257,4647,4735
170867,07817546,6672,5740
548492,61793193,710509,102196
841197,77671868,1575,9925
3123,74980880,2837,5282
48496,82635009,9685,5547
30213,08915898,2875,54039
15961,52900334,720775,1477
1680,28321099,359813,3850
5887,38848369,020746,0044
633492,51564779,8211,0754
9924,15525339,9900,92656
0635,23472229,1490,3672
8301,12525083,24755,910235
170867,53658385,18662,6924
783128,56149055,70247,1348
76962,88952003,3645,1501
5860,97176429,680305,5607
49996,15506123,056004,85408
50597,54293516,4679,6264
02111,63368797,73078,02111
5729,66255468,868258,489427
55956,04429082,5162,293654
5033,84425482,8457,52315
0736,09307596,9755,4393
6709,39910017,356479,41459
82642,65686163,38682,7812
72619,49393598,84882,2998
1701,83477173,2616,67699
8341,47661174,33080,9253
36470,80012401,283243,077133
0408,42232941,4850,063070
5471,67462365,16032,4114
161069,69104832,020095,2091
55737,90541624,87808,1396
2287,75572407,23195,5554
4287,12432019,3556,445037
797347,67922104,40653,282780
1803,12518037,2309,7720
98371,54987469,48214,0986
761299,10528259,263233,2237
4666,84551362,0881,75745
434339,30390527,96289,4553
4586,76060798,47393,44152
00299,69820370,4314,3479
9039,81963785,1257,6259
318332,17417328,42779,69628
4332,03247761,8937,0282
95651,99091739,497041,1540
4244,33295074,63294,7491
03551,50784785,409836,5100
7454,60234150,9575,32385
9648,29593631,847711,09472
340403,13357750,075563,6563
111397,54190093,25234,4191
803396,49957394,22324,63925
3987,38383473,65273,4163
55737,45238098,166453,59887
2287,71084615,734421,7213
4287,50082752,6901,4535
797347,99904605,6813,57480
1803,32466446,9191,2278
98371,38903902,35574,18992
761299,00849871,66525,3477
4666,31509367,139268,6938
434339,85399875,51397,0820
1669,96543118,543865,306535
03427,48393668,932915,94937
3356,97563362,99845,639337
632371,52982996,2946,71124
4970,99223244,613035,6468
87288,37673313,2919,5291
6630,43082196,3159,3806
0501,06824485,3498,7580
9736,27190059,655749,3976
3254,24097933,16060,0384
812950,91791435,1123,279868
593011,98988739,27731,32129
4809,41900827,968509,31988
2448,09458015,7809,7931
8244,94871576,431080,1488
34509,33343053,0616,8221
43309,69970679,0234,9930
280090,05101519,7863,8553
7905,48421248,15606,221965
1763,82391096,807365,054068
482940,91211656,1502,152034
41481,73737606,126892,324621
83305,36400473,975041,97792
0638,01807569,9965,9289
2841,94600585,66596,67598
4303,18384513,6739,9928
4384,76516056,24120,71588
82582,21062680,7051,560132
8668,18662750,2275,823908
0161,09661540,46688,4159
3500,80500506,589546,977931
79869,61882314,34287,2861
9959,01159202,2644,45063
44622,96241800,785120,43956
90829,19793082,91641,395077
2147,24940648,297064,35977
7513,35736520,30804,9342
7223,06047447,28567,7330
6757,94669594,51543,7215
805566,00935670,825027,52482
03893,16100993,2512,491257
7954,20912153,148576,3826
7751,74267347,58355,673508
4431,60926871,351688,5949
417598,85405452,12591,18142
3424,52526954,416402,815618
81706,42294510,5112,714694
3718,89890502,83838,5512
2035,66750927,3368,72105
957085,53782574,7598,95179
1482,60334752,34112,774997
2170,59731880,2676,54230
3645,23926953,2126,67699
3727,50881727,6608,79139
1794,41880267,6403,4528
26836,67976548,3739,1680
5719,67816191,83053,020911
532785,04941914,555316,053546
3786,58681774,3825,893433
0277,14806356,3294,47350
76837,77517119,977506,512928
4711,77377418,887732,8802
29436,77524126,6667,72949
748831,79924321,4786,01233
8619,98591682,3630,415834
843886,34386221,76932,405620
3581,53460611,7411,7516
8284,53580020,676233,2879
158244,43871725,27689,9556
6603,22701152,0128,356903
390804,60427561,7889,62196
8580,21259538,670175,1886
6630,37742043,81178,9274
713464,55379914,3186,514530
0761,72214976,901119,3326
999594,75770029,5296,275373
8892,34158851,8712,281091
4552,11586244,0113,9372
66727,15398004,1498,0549
7460,29167388,0513,618732
96336,77692699,439495,68432
7184,96240954,725415,685160
506493,63364225,7155,81304
9223,24912746,6446,6100
7205,25323576,9388,50249
025789,39815859,286092,84926
2421,18445086,292744,85196
8504,88629693,276267,7991
670645,86052601,818421,698393
74214,67892734,5598,56383
533828,92779263,89798,5374
54607,67632917,1939,6091
82546,25794194,35803,502130
0613,92781940,93853,465587
739000,49623211,60042,94640
6920,59831244,16558,252763
307868,37007514,632623,7858
9481,23541264,865456,4261
96420,34190705,234547,56996
8809,06387338,9669,1015
0206,01760924,3466,5266
97076,39798286,2374,6443
473169,93144645,1566,6785
655200,45920985,3209,430920
579450,67576015,081997,22471
2916,65487171,0404,5555
5915,75184874,7348,0445
2077,78599552,16094,69671
64432,90807216,8567,7971
805083,59236794,04499,749386
454485,87399201,5281,386684
422531,21474813,89505,437837
5731,43428221,04016,1304
06264,28889559,6182,84434
652683,45835168,8848,21069
6002,45726154,3106,7357
73424,25230797,2002,732348
186139,69880505,2682,360135
6157,88155768,199140,461671
9941,04551616,4849,4451
2954,53902309,9623,4258
060176,39097333,9761,015538
5263,71184634,5324,799986
4583,52071869,6435,9179
7000,23681731,5833,6914
2250,67646010,413366,568566
3872,02661233,5190,1054
2428,31960833,163015,0447
689686,06689606,8501,4804
22193,09832848,08356,070287
1278,94389658,8316,5633
79014,11993136,0344,8148
459374,47461563,1615,1465
180999,94862596,7700,580098
37371,54996269,665368,898821
986503,65475286,848247,97026
7269,80090305,559555,8219
917025,63366357,2991,0661
525497,57471769,19783,2773
40164,23171754,06190,7865
91735,16320539,10696,0608
61510,48421607,7171,74782
19593,10791427,6068,0746
81909,67974816,030437,88608
532583,64842963,4567,099158
8688,90952774,8639,490836
2880,87365710,1775,98270
6017,52300035,6075,3414
1960,35971546,37481,83173
92150,44764233,787712,60305
005327,79914537,4189,776321
2899,28814572,299860,9522
6170,46502895,45850,162721
6630,40157518,78340,2294
2954,99030972,1282,18264
1505,83231209,1131,9098
40719,01562652,3641,0353
8916,49030703,6277,43632
596647,58864017,871997,107248
9567,90679517,60375,8465
80492,97411750,118971,4500
5138,54696229,668825,6288
198986,20455933,355691,96238
2232,40553281,6093,7366
5644,95212116,641292,2868
7566,92850427,33549,92922
5808,00535050,441721,952882
1141,89706039,374190,9819
0629,91438851,2404,490172
3137,54141112,5202,957948
479712,37815419,87725,0006
1830,34935622,364635,7515
41702,68351536,44733,0411
59146,47871971,801392,86989
8291,45332094,15785,203586
6051,28001381,069521,241632
058978,13618473,2108,783134
3570,75251192,45223,5260
355643,70924447,080498,9645
3964,40782865,695542,567154
9749,71482087,4121,9591
3609,78358588,386541,4969
7429,86996191,7214,60821
9952,22729181,3797,3643
146289,07734441,3056,4484
5592,48138510,85867,0048
4607,77327445,640206,6494
6863,75093153,1684,1654
575880,59675085,1868,7751
3616,60742099,6825,195603
1060,61184562,9468,710542
7074,58981562,6254,35088
5362,74655146,27103,08331
25758,84395000,9306,99662
443481,07940789,653038,699166
293108,31355201,5053,5387
8566,33715293,53904,2393
3766,87838179,1231,4855
959377,71131254,8259,74226
0384,63654650,1097,47370
7541,66426333,627707,52712
61295,22256593,4126,212115
65091,12902418,9639,14651
58883,87751464,9581,0933
7698,42634183,55228,9090
25549,53775409,4366,93399
279800,37634918,87542,965683
4709,26110100,4522,576510
541157,06416909,22478,4990
30181,89858999,7566,91445
295298,94094109,0217,5629
1332,35163391,6450,54814
1256,11759241,47297,5315
86156,37440832,23802,86222
2279,74617557,0192,6821
1613,60858602,925996,5681
9749,55530775,2980,4294
56638,30825917,035325,5141
5975,86315737,3611,77744
637813,24259873,35650,0525
06098,17792000,604757,94560
1037,14930761,0030,5282
1499,52503744,43964,7079
5039,10462021,6675,6655
98583,84883848,4930,21972
2518,06360242,9418,5966
124162,09718078,5673,26323
4536,00394357,872707,9398
9174,84622232,68637,399003
9715,69705247,3367,147310
9823,66452113,40313,741046
8185,61257921,7274,035778
401654,61484220,20556,7932
2183,05254137,1564,6185
80738,24276781,0839,7880
6223,56942952,48343,24195
7444,24525565,4123,0101
672709,96781938,01325,4101
521838,90833355,42960,51980
3567,46504049,38581,96302
6714,45088017,1346,86653
8810,94120512,8877,22652
7639,70163398,735999,7888
690644,64369995,594309,8813
28491,42396682,70687,500950
1193,52261168,7197,3420
9142,11653234,045366,364447
467120,06380035,3765,9679
6908,82162440,3146,038629
0850,39302596,86594,8231
1271,08020752,82333,7172
2650,45020647,77327,30690
911632,41989601,92374,7802
822781,19114478,718001,0191
5297,62307381,636575,77192
8107,50359650,80582,0941
9422,53387958,7189,5308
25940,95289685,7612,0713
7272,27027912,83312,69964
1811,07756339,394011,326983
3556,62565413,0136,9674
93034,30359716,2136,337468
165599,98036767,34223,5842
2464,97940509,34377,39442
4148,32030694,13252,6069
733293,55313114,0605,791480
4462,88621695,156371,7315
6391,09384394,20083,6846
6187,30484540,6652,0741
973910,12212002,738661,1887
279767,89011515,371616,2916
7763,26877253,85486,8239
3332,52368269,86791,4087
7279,74909932,3858,65540
0907,31597407,2090,9336
8051,79977801,50633,81378
7272,68043249,85097,387637
682750,48415615,6819,7025
299964,46692826,8505,89038
5560,16675370,1746,5184
8805,03348968,1791,325315
0146,63702916,2035,778145
3577,62756244,8993,5515
47821,16440998,399874,8960
5185,26678744,75548,0388
3902,06827922,4469,8655
236942,99662799,1525,1468
6851,52422779,5679,608001
1063,74767844,8261,2092
4602,35381444,400094,992513
5094,08355441,18092,2535
57652,56588209,793283,33264
2253,86030810,41014,926869
94602,11699804,0758,7338
7773,07257166,795521,3828
5648,75099884,63985,786239
77472,87670700,7267,274483
5568,55136339,9419,008683
4999,49537316,15348,0474
5431,30466687,9277,3412
0503,79597249,8358,364591
2627,81632398,1011,503971
5697,51770749,8619,18467
9583,80914754,2061,446942
967619,09934583,243908,02135
2468,24208415,4884,063513
46176,79648769,26018,7524
8805,84753287,4914,2594
6680,44148598,8886,0974
3143,29181309,00485,5055
9926,34710885,94436,3588
66313,12174925,188343,4321
355801,16270052,7069,27576
7094,32477777,2951,632347
760608,61342511,7234,3788
3995,01764958,9705,2079
6078,66379141,168731,924499
4781,48213492,8350,12993
2619,84200874,780051,4590
8803,98574702,029068,231030
8881,87173270,9661,0097
6750,49144560,4950,52050
67079,04584233,669680,299201
5229,40901081,24413,64675
3571,10979525,78342,8203
215211,71667398,26531,54515
5568,54752304,719990,2976
4999,33183473,0582,8036
5431,25940230,6534,5433
0503,08065719,3706,1197
2627,83822904,9882,6324
5697,48042449,3928,69961
9583,95638084,8879,1201
967619,44200247,26564,70654
2468,80352644,101047,6696
72045,78845307,3960,72913
05623,87714256,1287,030372
6951,25871292,7449,0736
1711,37198638,043185,8369
89432,99152110,91540,6722
882481,30879979,2355,285583
109389,41105237,0389,81334
8200,85959505,54418,342655
0298,32223069,6439,066744
54942,87070668,7666,9559
0021,96098930,19967,641345
2848,29211240,12430,947150
4561,38906866,0475,3486
62683,18408750,50815,810703
64593,45173591,4319,5288
8946,08665812,2879,721555
635492,44401042,0617,5405
4461,80195987,0691,13746
59140,52075901,4502,5789
0756,89050992,2303,1520
7015,79389130,75875,3763
9364,70908502,8852,52489
6031,84376079,2380,205234
1291,52954010,2020,4866
3718,93610336,66062,76037
2047,74308134,2929,425197
61589,32567330,4374,5231
46381,03830293,11172,43436
7681,31821353,4546,1538
725092,07643075,24379,3284
34878,74912135,282224,664078
1475,73713488,5217,608425
54825,18513624,2511,80482
4606,70320160,44671,8593
680263,75171070,000445,763866
5791,10927242,1634,38389
3718,66990758,4265,0875
4094,30196952,1808,4549
75570,76852944,0464,701821
77142,52319130,2718,4790
97620,53397872,38382,37474
0447,00452336,1079,5555
4133,00193590,56088,314930
66155,84545842,3978,063537
1479,69593204,4682,503336
343020,10105731,190084,2582
0336,91749485,410361,2340
2474,95961634,429000,3144
3718,44542689,6855,7035
3075,79527203,608292,3242
2594,30810182,343569,7169
202883,63369267,16471,7281
30288,88567464,2156,258297
1805,50615769,01708,9523
2749,08724767,40808,489771
7205,85557855,500161,1747
2102,34739765,85461,7094
4371,01316506,52286,393862
4905,19322549,09949,321557
0388,02765107,9339,622747
36636,38233311,2042,0295
3227,47726430,201025,847069
1826,97735027,5248,7636
137869,87637471,0439,137869
0251,76662637,16729,112836
196463,59768110,629394,148592
4659,81436891,3610,9807
49062,62877571,8752,67814
64686,63612866,1780,3427
6320,86485759,8805,017766
829189,37628298,64567,45444
931285,68018952,325372,5094
1448,71800779,0272,1448
97465,59806048,0620,47369
2528,73730729,7692,13965
529834,06594577,8935,1984
169531,10371374,9715,950841
3535,98238013,4157,058108
79520,76834337,617003,886726
8308,44966267,1285,0901
64366,84219056,044065,6708
044116,46705771,067521,2759
86046,87558180,01446,734755
4928,91555653,8858,445569
62183,31035240,028360,128705
3265,82570563,2566,100344
08182,25720033,9308,672773
0812,50077259,3390,840321
8004,96081064,91807,6657
13292,62950818,0377,172686
87648,25499303,1653,7092
8527,00099384,676936,0945
7375,67259263,782707,7346
97837,91639911,8007,80064
782556,11629156,388424,065737
960953,52276551,694404,76255
775692,32559370,8739,846910
4645,20936242,11698,213688
209040,04677678,113899,616255
7982,66306279,140995,5324
6726,90408022,56763,089257
5766,04062594,76892,165413
644078,05916744,2217,0298
189985,37250934,13872,99879
21129,93235392,1160,417247
26593,99240900,339301,7345
2445,99064504,37543,3301
2741,86444065,6291,495832
123041,09973558,5723,4074
66031,42259856,0781,7607
536618,19684064,55748,90781
6082,32544303,01317,07196
69743,88849579,542137,0316
52044,80639241,49490,70028
5790,19161927,070831,225052
010584,34664126,94227,2418
90366,00652998,46266,0519
43746,69847682,1313,854370
017720,36416524,116441,3545
68855,62236090,402210,1646
0812,14152698,9725,2976
8004,99304768,8600,06974
13292,69032926,207754,042904
87648,10288073,34228,1425
8527,58217877,12073,83380
7375,79388596,8276,6173
97837,00637642,47852,53043
4293,23870155,204255,03334
66853,77694708,035990,756302
009576,51632126,8463,666895
1150,34966632,155220,93690
2045,49994502,5916,2650
33417,61483398,98207,3961
1250,67955261,550276,8323
01149,80710877,23615,5647
7212,31851885,07289,140869
38856,91334849,6522,98564
9222,66890718,545134,609670
3256,84101124,841951,676831
9186,17311984,7479,2149
271049,57970805,07364,70539
3285,08348273,813825,17795
39685,41866776,39724,734401
643833,01267324,613140,02819
32173,87136702,4504,443559
7569,35079239,93814,0625
5912,75824566,2220,4228
740033,58798462,581141,4452
02809,13296598,32765,3343
4983,81948617,775676,821328
2243,18848414,444102,6290
1847,77612362,0092,2280
1134,14467979,16835,6469
720306,18402098,6662,7077
3159,16936965,56551,813399
21629,97310169,659368,399438
102312,89494536,112558,7448
7279,16801713,0113,8121
5782,65787994,9744,7342
7672,41919940,96591,7300
4806,59720849,7084,41766
3872,10672232,1626,72768
878179,19104699,80625,0492
695316,87869791,04323,398193
9957,37009944,117858,9768
5850,17478884,7547,958467
1305,40985961,340107,3739
63267,40939603,6970,098951
352940,19008822,6171,00780
65700,55772280,5414,4530
90273,48946965,03282,9549
2637,99787937,30513,52783
92879,26530409,079628,80658
9213,49241848,546487,98283
0002,86158042,17900,7584
8850,12423936,77492,7259
965994,43407843,0641,55441
0428,48041521,5689,4127
7840,22561742,32687,695567
357265,98569379,1056,3352
990428,26492841,763500,43878
0741,53677850,770987,8386
76506,87963328,18981,20089
2491,83731300,508535,6156
0010,70318102,714673,827868
375161,69652994,97764,758406
16281,02537383,61453,702225
303296,75269868,517835,374667
71325,94230922,843465,76867
427596,88410384,1057,53641
5482,85344221,359079,3265
61749,36935526,2421,5779
9812,91891846,89178,4503
2774,67048040,097721,69228
64090,21443278,53171,98967
5850,65971659,2141,8885
555645,68409443,60369,365356
65717,33965285,4820,308835
3929,73071013,50604,736273
56779,95154844,75213,49515
417815,85317974,296924,0502
74186,94964314,0327,7889
5523,54471126,95628,571007
55362,75602609,365020,214044
4940,43982979,2742,6271
75469,99596227,1748,55135
148540,74909751,1859,55247
0814,66848554,211708,719472
179536,67321839,42233,4065
411933,27069201,025012,2505
48143,64508115,6447,9114
340250,99425306,2926,6128
12250,61050243,8766,34169
92887,59098493,7710,234669
579894,07171259,02473,6715
514483,56593385,75724,3263
363227,60274467,1054,3988
4954,37612368,42005,46807
0648,41426746,8295,71242
90860,14473270,49138,493091
3586,23420482,2233,471519
38665,26931887,5802,7764
6490,36952977,4147,6183
15695,05974083,2363,90028
09365,15988913,49542,48835
367268,51420994,9132,7499
11131,33096002,33048,390219
16329,64522500,3242,6801
032326,93649093,94513,13714
2187,99612040,751013,9999
74993,38497706,9417,09216
1064,23934044,131150,81863
1736,85404959,3972,0352
9315,01726422,6691,74307
6641,85833984,1368,6641
583786,58514922,69926,8323
75144,56306577,245769,9335
71829,33493348,0981,540832
9372,95829629,8431,5760
2327,33148653,4166,0225
6666,69294952,7689,2039
848848,34675779,188527,6320
30085,57232330,43219,078116
5160,35332684,835146,85136
486325,38809999,89913,1282
47875,43581894,1566,5524
96528,42245329,0218,3325
47875,45374457,781282,2234
