FacilityID,CollateralID,FacilityCollateralAllocationValue,FacilityCollateralAllocationCurrency
9324,97796116,04046601,GBP
2442,56845049,79407402,GBP
7181,60392499,20429560,GBP
5563,70348756,55863481,GBP
3735,05174737,57802652,GBP
7762,90324645,33728331,GBP
9409,32556393,99858343,GBP
1724,19228173,88892308,GBP
9889,90564773,17299993,GBP
4566,75763354,43937382,GBP
2508,14699912,72041514,GBP
2205,73300990,16838844,GBP
9613,44590238,43991237,GBP
8753,16446473,08158259,GBP
6063,02128676,84739806,GBP
5637,61960307,20814906,GBP
5718,16935838,57035293,GBP
4389,23393697,97370924,GBP
9957,75143091,76166501,GBP
6415,72593225,57616816,GBP
6731,44032610,93451004,GBP
6199,83966009,74122293,GBP
5306,57769775,56846331,GBP
6021,95413529,06409961,GBP
7505,88031390,00510949,GBP
1487,83740627,32522117,GBP
0783,31777460,01612381,GBP
9053,66048834,86210609,GBP
2933,11568515,26817958,GBP
5030,76719602,17083885,GBP
7282,01627302,24291593,GBP
1133,74301687,72453845,GBP
2533,99297687,88345219,GBP
9086,15807311,43868177,GBP
0832,49137258,36682128,GBP
4571,70433028,87021622,GBP
3313,98376445,16543673,GBP
3436,10385346,29480340,GBP
2289,96638025,04044644,GBP
6573,88789755,54585718,GBP
9973,10815001,68365757,GBP
8078,26697620,69519112,GBP
5572,85738395,20717698,GBP
4228,35410447,33471990,GBP
9370,33775917,40934484,GBP
1508,70151038,17744467,GBP
4305,35253183,20471483,GBP
4425,57034524,18896557,GBP
7009,56408711,14083254,GBP
2804,36729947,26291204,GBP
7631,13884612,71611458,GBP
7661,90888379,93241704,GBP
7613,39652790,38024381,GBP
3367,67437642,37145131,GBP
0070,27813607,47787467,GBP
3183,66099784,27428357,GBP
7783,39706029,84487819,GBP
6261,64870399,44606776,GBP
6061,26650086,85440248,GBP
5061,27178709,28780430,GBP
8170,68968505,62472069,GBP
4833,80428387,60894149,GBP
2860,69595650,28191244,GBP
7033,23258269,13952746,GBP
7931,57105627,24916971,GBP
3665,08491503,45732785,GBP
8820,39416854,83353987,GBP
7898,54063943,30467377,GBP
0441,62737647,77558662,GBP
4918,90498361,88944970,GBP
2927,09089979,64158655,GBP
0009,54306854,63723811,GBP
8441,01340804,64769942,GBP
4255,92495650,15881019,GBP
7192,83555600,53620301,GBP
1616,76680063,80523848,GBP
4124,44133727,30231492,GBP
1212,22054179,17906050,GBP
5961,70673611,61347032,GBP
7978,24851514,84073549,GBP
5155,14591908,14323517,GBP
1913,33465259,91332680,GBP
6150,49661651,21668817,GBP
1867,15366900,60896154,GBP
2028,62477580,42113742,GBP
5038,55934040,01387147,GBP
5392,06650195,70224033,GBP
0467,52458060,62625420,GBP
9696,91410440,01402403,GBP
7760,95250235,24765587,GBP
1494,42151733,34989876,GBP
1746,43271215,92919860,GBP
7101,72420425,43156627,GBP
0135,23317567,32860765,GBP
6347,86909364,65559013,GBP
6787,71278551,97839915,GBP
1705,75876172,02735737,GBP
0720,66975006,96203177,GBP
3177,78466859,16819865,GBP
2911,57354273,71304551,GBP
1093,55963337,74527780,GBP
2234,44373722,51208265,GBP
1895,83999268,40804834,GBP
6572,21764040,83892934,GBP
4334,27629375,95339503,GBP
8306,71043762,23865685,GBP
0480,73059622,38977371,GBP
0274,50313332,04445490,GBP
9483,53677049,82944715,GBP
5665,43161558,84445975,GBP
6080,04485507,05612990,GBP
5526,17297851,22116349,GBP
2495,70032263,12772336,GBP
0668,26801106,96138775,GBP
0676,70354699,08168006,GBP
5127,17579091,00795914,GBP
5616,63067406,61676392,GBP
8466,31365883,97465504,GBP
8357,21126080,29050617,GBP
5146,69336218,22295539,GBP
3006,99725933,30201071,GBP
5654,80046985,47843883,GBP
6239,33500514,20901356,GBP
3999,45641656,22408556,GBP
1764,53062853,97308353,GBP
0562,27858938,33442118,GBP
4856,31227079,40968702,GBP
4141,02857312,43061909,GBP
1406,39001913,83734913,GBP
1993,33585374,52418244,GBP
7452,68303896,89979680,GBP
0150,11648468,68243668,GBP
8997,26321987,19316298,GBP
3114,60820165,93535674,GBP
2059,76719772,19384731,GBP
3171,23801201,97527883,GBP
2605,23491392,25767855,GBP
7257,82081630,88652509,GBP
6846,30424683,08217015,GBP
1096,14261048,37142118,GBP
9767,66065017,40484551,GBP
0346,41502529,64667704,GBP
4392,85737270,27771505,GBP
7567,91594877,77767574,GBP
4322,78548647,80038854,GBP
6385,43631378,82677862,GBP
5210,12157012,03518371,GBP
9779,77067331,69725825,GBP
2197,58667496,50303978,GBP
6352,54886244,82208597,GBP
7785,39390576,54220347,GBP
4293,92531053,02627477,GBP
6897,35418795,10535168,GBP
0781,23282913,46700367,GBP
1170,65844330,70555405,GBP
2361,42134965,44288255,GBP
0477,44691597,96583773,GBP
1105,13147731,70196587,GBP
7144,79497105,56195171,GBP
8844,75911770,08715852,GBP
3708,57748004,05756256,GBP
0046,86121688,12240625,GBP
9065,16268038,44796288,GBP
0599,17237993,19697846,GBP
1846,55341203,70487245,GBP
0135,49165436,36712436,GBP
4056,35107246,10394309,GBP
6841,70007061,40335443,GBP
0192,47322729,06941084,GBP
4975,53693992,35435286,GBP
2452,42125482,90320545,GBP
2678,13692177,05077202,GBP
1673,15466513,90884994,GBP
7846,79819728,07078685,GBP
6020,27994326,92863608,GBP
3771,08174679,16326824,GBP
1684,56457918,05214663,GBP
0936,32891856,42103737,GBP
3657,49297075,59952486,GBP
4639,10196584,92030722,GBP
6134,27802351,53074848,GBP
5796,44539313,49177414,GBP
6529,34456046,71936770,GBP
3434,82993193,58011632,GBP
0630,79157066,75445951,GBP
5765,77816282,57222218,GBP
5063,29827151,26895052,GBP
7696,56420237,81077373,GBP
3679,93033509,49464949,GBP
0534,77822592,02283633,GBP
5697,00686641,85108383,GBP
7121,09392109,10769595,GBP
1568,39074021,18324119,GBP
5244,29595112,23903740,GBP
7175,79435013,51633000,GBP
8509,94103895,95123830,GBP
3375,48904418,63959528,GBP
7919,75230815,74291660,GBP
7400,57292557,16943309,GBP
1421,85044582,70593951,GBP
3995,01073642,63420154,GBP
7674,98875221,49147223,GBP
9213,13042466,78215799,GBP
0523,25966198,69020426,GBP
6736,42446605,70192810,GBP
5421,33156029,17042474,GBP
8825,58206618,29095585,GBP
6312,19515626,23660112,GBP
8984,14544711,88889347,GBP
6706,08281586,96445247,GBP
2996,39264053,25893934,GBP
5841,98964276,67836791,GBP
6518,70642325,71598492,GBP
5076,62812914,71532489,GBP
2373,08069501,87331661,GBP
7005,77670360,19904277,GBP
8228,57243221,83760425,GBP
1167,28934796,87397721,GBP
5697,54702192,28056836,GBP
0166,74035964,30254315,GBP
8255,20091488,91067357,GBP
7893,77415255,25583582,GBP
1679,68376998,37536638,GBP
5602,14970403,15993149,GBP
6916,99949512,85468168,GBP
8406,76791768,84268929,GBP
5423,23959490,78866058,GBP
8194,94098780,81666129,GBP
4797,39168176,37459827,GBP
3366,35061270,32958986,GBP
0996,66274241,00160875,GBP
3310,33140378,31699927,GBP
4381,65106468,79545719,GBP
2617,49755073,09335579,GBP
7379,19836427,86713692,GBP
6529,87035006,62710525,GBP
8747,56260650,90954048,GBP
7513,89281260,65503453,GBP
1896,37650501,02486479,GBP
5300,47455766,17639864,GBP
5977,30469404,15425875,GBP
1990,87443494,90189541,GBP
7359,79907856,71681089,GBP
6952,84451153,56574143,GBP
5898,24046807,23561028,GBP
8814,44769511,71180127,GBP
0397,45875471,71941581,GBP
2019,74856528,94283031,GBP
7194,93792190,85691903,GBP
4768,41520632,99298314,GBP
6954,82939330,89301680,GBP
6216,11949582,30422780,GBP
8885,13891454,83195340,GBP
2148,83150414,69195674,GBP
5019,03576822,22724656,GBP
9595,59071845,71529616,GBP
0871,01210772,85526603,GBP
9110,09349820,80412570,GBP
1433,26318634,39870437,GBP
9367,42820556,53644131,GBP
2909,16970126,60700332,GBP
1955,05784672,45503512,GBP
1264,08144993,28301497,GBP
3661,48181578,15543348,GBP
6451,85460937,89981946,GBP
6321,92145723,44467406,GBP
4444,21953080,63417235,GBP
0772,08243793,97419496,GBP
4469,13628998,23837572,GBP
8962,47184808,12955774,GBP
5840,73588073,84019114,GBP
2616,18898707,65613346,GBP
4182,60999407,47898964,GBP
1709,12597264,69982359,GBP
4811,46686653,02045331,GBP
9931,25529844,86841710,GBP
4191,35894875,15449366,GBP
5464,10240114,04684107,GBP
2886,84763121,06239155,GBP
7631,06433105,76465337,GBP
8353,37225579,51369997,GBP
8740,90908468,45697041,GBP
8660,23658937,90840051,GBP
0498,75652815,07711594,GBP
7615,62074756,48813465,GBP
6913,09423423,99488093,GBP
6566,52888594,28462472,GBP
6380,27275890,37013170,GBP
8530,88121677,73494518,GBP
8522,08429956,99109274,GBP
5846,36633477,44743327,GBP
7743,67779459,47322897,GBP
0219,23990028,02584946,GBP
2869,01297693,73104454,GBP
6313,37592848,28565124,GBP
9110,55501333,25630197,GBP
6776,49597978,02830151,GBP
3573,30585413,29736144,GBP
6051,86714466,71113863,GBP
7117,46770937,16530926,GBP
8869,06637320,83944937,GBP
0734,29957095,75721883,GBP
5229,62143743,51435490,GBP
0748,23494799,86267158,GBP
5232,27664118,86391347,GBP
9711,29135936,50412608,GBP
2237,48854293,89378598,GBP
7342,01358894,68225895,GBP
5400,64075505,97928117,GBP
0342,16293079,57553192,GBP
6280,70389278,55294074,GBP
9381,91513221,14340670,GBP
0806,99373484,61010250,GBP
9139,45772914,69128717,GBP
0862,59932356,30051390,GBP
8631,93828500,97956598,GBP
6163,17824124,32589865,GBP
2634,20902026,07296285,GBP
5270,78053641,94854562,GBP
3934,16810650,88559503,GBP
6062,66807644,93016895,GBP
3961,34223280,64385027,GBP
0467,00280694,05549851,GBP
8630,05645761,14074945,GBP
7036,36571256,07647672,GBP
0539,61154766,84779150,GBP
7518,30448592,46763336,GBP
5357,89060687,30983194,GBP
4695,15046845,00622852,GBP
7952,81517919,60002646,GBP
4923,10445081,07260019,GBP
5102,09862248,14654775,GBP
4063,55097008,40868181,GBP
4255,52288512,50312474,GBP
1360,48955416,90407765,GBP
0836,59113414,99577801,GBP
6999,21237712,28015842,GBP
8429,86145432,08121106,GBP
6260,18573232,40957667,GBP
0415,01602577,40858479,GBP
3914,51695761,09647974,GBP
9166,94194244,16158462,GBP
6987,15496546,69325820,GBP
4209,08350611,43174225,GBP
8196,85716222,29514843,GBP
0065,22512260,37826914,GBP
0899,33305554,90409390,GBP
9447,74375464,54079542,GBP
9201,66224812,97359214,GBP
9277,54099941,08336515,GBP
6833,57779139,42810715,GBP
1332,81950517,36814760,GBP
1017,24796829,82835735,GBP
2360,87459632,57191794,GBP
7817,89124030,76878198,GBP
8039,48456932,30080773,GBP
4431,45531138,48917565,GBP
7684,13421727,56304548,GBP
5770,94421882,10295776,GBP
6177,98808248,41556582,GBP
5982,94935046,35345735,GBP
3202,46915109,46082432,GBP
1297,29205084,28675993,GBP
8739,03657190,84345023,GBP
4231,86039814,36349572,GBP
4333,36563311,42402539,GBP
7183,19843140,47744949,GBP
3486,32930034,00319034,GBP
3835,81588401,68559370,GBP
5732,37507146,08843428,GBP
4730,41396473,08266903,GBP
3337,88515685,88524817,GBP
7415,06673274,94621434,GBP
3477,41667003,49638149,GBP
5273,02844636,81468864,GBP
8831,34352038,61917925,GBP
2015,62485743,04111449,GBP
1230,57314990,32306348,GBP
8384,88088133,57095394,GBP
3059,16829659,02396519,GBP
4918,42004252,96361780,GBP
9494,10372908,84710740,GBP
6189,65963327,15811195,GBP
4506,91311519,82863669,GBP
8302,62649352,57172913,GBP
3882,80215742,53664744,GBP
9859,93023079,70751159,GBP
6689,04964077,06859968,GBP
9551,77777143,60183485,GBP
6718,54084704,37421498,GBP
5190,65475199,36294850,GBP
4082,57201860,56283280,GBP
5191,74833153,71117552,GBP
0121,13163859,46542361,GBP
9597,45540260,22895710,GBP
4752,63507639,97659501,GBP
1546,55416392,94367092,GBP
8806,52452778,07895732,GBP
2008,32449834,23764236,GBP
3602,27516446,02073842,GBP
7261,21408820,52780787,GBP
0311,81137616,69453205,GBP
3167,07257477,70801926,GBP
5801,82967190,99679843,GBP
7759,09067952,80209228,GBP
3406,07154866,37100617,GBP
9924,04300425,21886802,GBP
3611,05799656,68248956,GBP
6269,08972196,13789907,GBP
6133,59286074,23436814,GBP
4708,36461712,38439385,GBP
9853,26018365,94991341,GBP
1442,39481521,29502637,GBP
6737,40383967,13877688,GBP
4632,86339858,05345400,GBP
2563,04991504,57948274,GBP
3283,20330733,48315704,GBP
0121,37241800,98544378,GBP
3780,81258250,09966836,GBP
7702,64896103,91957938,GBP
2085,68401255,08161158,GBP
1602,94193301,86698159,GBP
8014,25349289,65014090,GBP
7246,83343594,01117135,GBP
1910,56308395,45470433,GBP
5202,62865707,54835195,GBP
6608,93463069,47483488,GBP
9911,58832044,20182660,GBP
2785,68270381,00915616,GBP
3950,04171517,43068941,GBP
0206,38114549,62685495,GBP
8743,99977821,67329157,GBP
8854,83395147,99138747,GBP
4019,06913028,62574259,GBP
9770,12807498,25591491,GBP
7182,28058188,93545625,GBP
2987,90700380,15532888,GBP
9979,17455587,91137377,GBP
2608,61992717,69112510,GBP
5781,78695565,59455350,GBP
9217,26000075,28608894,GBP
3394,40240860,15977597,GBP
9176,35559370,69139591,GBP
3812,87100286,11499153,GBP
6464,66211925,74343251,GBP
0116,48444756,94495059,GBP
1137,35290908,74169415,GBP
4882,74434144,52967884,GBP
4592,06844225,79942419,GBP
3182,38541312,78972334,GBP
1064,44757092,85757001,GBP
7940,65239254,17474795,GBP
1963,93444473,88706672,GBP
5903,22872480,03632101,GBP
6430,08743937,06886205,GBP
7107,34106573,92117091,GBP
1662,92495206,52657802,GBP
6832,07899277,26753008,GBP
3222,24832806,85919037,GBP
0214,16692176,30603448,GBP
2254,55802267,39609469,GBP
1254,88844926,59927126,GBP
1936,69904217,54760190,GBP
9088,48015741,30595583,GBP
8953,05284978,82396630,GBP
9336,79697992,35129848,GBP
7052,90182019,36419882,GBP
3323,95766043,61220343,GBP
4165,21748860,21737809,GBP
9575,97324721,58386939,GBP
5942,55183229,89985512,GBP
1276,04496583,41225814,GBP
9952,60541620,31063036,GBP
1347,13858914,16774091,GBP
9371,03376717,29369681,GBP
5517,67437212,36057021,GBP
3704,75631055,19191532,GBP
0895,04339034,17364532,GBP
3135,37620014,65597166,GBP
1271,09498686,97274481,GBP
1140,68501228,96608602,GBP
4970,69751363,10934239,GBP
9692,36112497,82393587,GBP
6696,15141242,97561715,GBP
5927,64066741,24379996,GBP
5519,66145211,34587780,GBP
1839,73618208,94455781,GBP
8443,49928355,36742437,GBP
5523,72922449,24901152,GBP
7689,16613079,78972017,GBP
2654,68372428,94686912,GBP
2950,16323285,99235431,GBP
6230,22884497,01112314,GBP
5701,48461285,67785878,GBP
7679,02498141,94915717,GBP
0696,30898102,06160508,GBP
7209,89976233,75286865,GBP
3163,38486295,39316935,GBP
1911,84869037,22011388,GBP
1875,39993376,74505942,GBP
1309,92366054,81517087,GBP
7470,11965134,49842734,GBP
6825,30223712,24456094,GBP
0875,85058525,69492482,GBP
3518,62432725,21131440,GBP
4350,92876844,13722084,GBP
7236,49471772,14251441,GBP
2603,06885125,05460453,GBP
8935,66617037,41031250,GBP
8776,72480019,89136231,GBP
1666,70370147,54832256,GBP
5620,80015297,04421774,GBP
4691,22470793,63207116,GBP
0409,35170013,84959693,GBP
7005,17670052,66638509,GBP
7726,59052727,03930980,GBP
9388,79006385,13457115,GBP
8368,62422898,37144918,GBP
6299,55808500,25236491,GBP
4047,97029178,43580285,GBP
1352,96412968,12331063,GBP
7390,62049349,40091036,GBP
0897,99135861,84394791,GBP
1129,19475361,56455432,GBP
6252,86301505,45314244,GBP
8759,95712060,60906720,GBP
4955,34876606,81654803,GBP
0241,83212956,59535592,GBP
9471,49263001,83281305,GBP
5144,27082101,51359939,GBP
0233,13232850,16484069,GBP
6924,18283182,83960706,GBP
8471,24580978,09549291,GBP
6492,85416173,85523942,GBP
2788,17831806,07686049,GBP
1642,57193550,54314389,GBP
6629,24129759,10917535,GBP
7015,41862538,08264136,GBP
0386,74996714,25053524,GBP
0802,80350016,70380289,GBP
6235,35152343,26194754,GBP
0785,97507078,87247362,GBP
3207,80304495,34831813,GBP
2587,12791419,16832698,GBP
6531,90329752,28327571,GBP
5095,98524583,82554745,GBP
2979,49845448,06920631,GBP
9361,56048298,31093447,GBP
7318,32443271,06312983,GBP
6296,16953811,40324379,GBP
7497,66594454,67102527,GBP
9052,28443666,30012884,GBP
4286,50839571,18394163,GBP
1561,69845217,17001015,GBP
1825,99880024,63639405,GBP
2026,93844158,99524160,GBP
2080,91709101,19943770,GBP
5960,71233807,84809320,GBP
6993,11668318,19901825,GBP
5501,98977332,05503253,GBP
0866,75960166,30449726,GBP
2866,54610591,46326384,GBP
6446,33552485,49418606,GBP
3936,36374483,29892470,GBP
6492,53377981,15247072,GBP
7708,87359718,77978790,GBP
4655,63765198,10486929,GBP
2594,60335256,12771778,GBP
9025,66837398,05176356,GBP
3606,54880516,64684096,GBP
4253,06528179,41483325,GBP
3925,26864776,85261473,GBP
7797,40530227,54559622,GBP
6885,71130811,74255829,GBP
9447,61207983,67819904,GBP
9477,25398754,44331085,GBP
2039,50971855,15361097,GBP
7634,07962421,39584371,GBP
4135,77948841,31888574,GBP
7069,52337386,10512863,GBP
8908,69675634,33657002,GBP
3231,31382938,31975227,GBP
4933,04112187,45335222,GBP
9167,50620425,81244017,GBP
6082,14162296,39238086,GBP
2094,58745906,03687586,GBP
2099,49447868,12273585,GBP
4784,79398420,68937660,GBP
4973,04961039,20952398,GBP
3440,65908006,77792916,GBP
2860,71377444,91241530,GBP
2786,62517277,35555846,GBP
6335,72897539,56658520,GBP
9959,35070489,09092561,GBP
1462,80359685,33514665,GBP
1978,10342171,36333252,GBP
9503,42797011,90616131,GBP
9440,04846271,85030978,GBP
3941,20158609,30413618,GBP
3787,91302055,41523585,GBP
7109,08166401,25751340,GBP
5127,97150665,33066592,GBP
6059,04201558,07783454,GBP
1441,67897903,30871264,GBP
9079,37766232,54092918,GBP
8879,07631424,14684050,GBP
8427,78211212,25148791,GBP
9936,10932326,49556282,GBP
8872,51206406,12433198,GBP
8491,74354957,74846372,GBP
2127,92423082,79823521,GBP
8131,16461763,38599767,GBP
6151,18699720,74886150,GBP
2983,01625353,96699425,GBP
6015,07721435,57315574,GBP
1836,57552641,47073293,GBP
1921,84090800,34097555,GBP
3814,21199658,65852030,GBP
4772,16724201,99545040,GBP
4018,58241589,93550014,GBP
6902,53997432,56583749,GBP
9144,47807191,31002173,GBP
3344,00335597,22387423,GBP
0732,45338009,81179307,GBP
6533,34983818,59204219,GBP
5696,61348311,79949724,GBP
4822,70876080,26311913,GBP
9315,99695060,98208492,GBP
0854,93937817,59948303,GBP
6030,78541074,83783888,GBP
7237,72892995,94517717,GBP
8671,67040407,03692716,GBP
8194,36085668,15353645,GBP
6061,83992991,27806742,GBP
6519,91086976,21737916,GBP
9034,61729899,91017764,GBP
9371,80987912,08550096,GBP
4500,43986527,36293454,GBP
3844,34001308,05787724,GBP
6201,26031501,56205441,GBP
0526,55169582,80179865,GBP
0491,57898961,71736143,GBP
0406,20835408,43878441,GBP
2548,17490213,23688954,GBP
8309,87413144,54246789,GBP
5395,27390944,62649080,GBP
2472,98679109,55094530,GBP
9423,28597433,23566849,GBP
4162,26367789,63107669,GBP
3327,48395664,76774411,GBP
9834,14822628,15117593,GBP
2101,84691738,61684131,GBP
3160,28196946,57311189,GBP
3474,67334119,46360927,GBP
0383,81827421,10264786,GBP
2376,92818408,10986544,GBP
5242,36892847,19952626,GBP
4503,36568875,74732304,GBP
5933,52809665,14269162,GBP
4189,57183263,21023413,GBP
5266,24179963,05428028,GBP
0675,96936827,82352481,GBP
8074,95486029,12196396,GBP
4674,92061708,70886394,GBP
7609,39370349,86957073,GBP
4707,30504223,14914412,GBP
5636,27515535,90278424,GBP
1537,19074356,48085649,GBP
1606,45121566,36769972,GBP
5553,45643104,53713275,GBP
3392,17927694,44419094,GBP
2813,33699363,77389375,GBP
0034,37430119,43677302,GBP
3978,46058057,44770528,GBP
3488,09310007,80884811,GBP
3779,77766302,19370922,GBP
2997,53298010,88478046,GBP
6000,63876522,72235560,GBP
8579,36011472,86749174,GBP
2547,14171398,89952069,GBP
5703,09278590,73272765,GBP
3680,39743584,79862034,GBP
3515,68631086,78644455,GBP
4851,64186408,88860243,GBP
3534,19372742,08166707,GBP
9420,17302516,35024057,GBP
9476,91455593,84557883,GBP
0478,26897340,14902106,GBP
2268,58709724,47471239,GBP
1910,33530609,75289861,GBP
6100,07321623,62570465,GBP
5470,75936977,32458370,GBP
3659,05156147,98895771,GBP
0457,90851428,45396322,GBP
5775,38430172,42562044,GBP
9931,45201102,97961411,GBP
6310,33046338,65840043,GBP
5869,15146259,94302354,GBP
0487,66373370,16510642,GBP
6198,30626661,72169353,GBP
2924,11529010,24133406,GBP
5003,19334363,55959811,GBP
0072,43318705,01385340,GBP
2096,48816681,50124604,GBP
1531,11920238,51685122,GBP
8467,57648909,05087229,GBP
5677,19799248,59306846,GBP
9591,03675988,37412514,GBP
3995,84012450,27591461,GBP
7826,75585165,76259208,GBP
4890,81783346,38872660,GBP
0802,29074118,21218825,GBP
5942,41179899,10819104,GBP
5707,58185252,08408143,GBP
7705,83970415,28524446,GBP
4472,07230745,74446837,GBP
6191,66790854,74623541,GBP
7491,99889159,16842861,GBP
7824,56748444,78586064,GBP
6453,15671755,38552952,GBP
4201,74264196,70540632,GBP
2159,80594913,74702166,GBP
4714,29220608,47771668,GBP
5530,02224840,13075435,GBP
9359,52766877,56341040,GBP
1037,62328723,37690730,GBP
9992,26532848,69540110,GBP
9419,87366926,85067281,GBP
5712,33935830,05593805,GBP
8962,04156563,94539865,GBP
6583,18678366,11642374,GBP
3317,98714833,07106173,GBP
8133,84367036,91422483,GBP
5542,51833322,95551457,GBP
2140,84046031,80011587,GBP
2475,44190434,64093882,GBP
0850,39877685,96286436,GBP
7914,75066201,98809223,GBP
1530,29058226,32436474,GBP
9120,08609057,29661684,GBP
9255,31224580,13736077,GBP
9976,33846268,64015599,GBP
7820,01932676,28566084,GBP
1820,78230363,60594408,GBP
3083,63421622,49603837,GBP
4176,88539920,15120199,GBP
6422,95159474,85059885,GBP
5020,25247053,37567904,GBP
7393,37750654,91762576,GBP
0343,54574032,50711026,GBP
4654,76942390,36294840,GBP
2634,42914919,74542021,GBP
4059,12598219,32787458,GBP
9678,95504247,82375280,GBP
6301,72693061,83938586,GBP
7501,06531338,23513508,GBP
9641,27386258,40141896,GBP
7754,24435388,29187950,GBP
3139,85543172,97158503,GBP
9460,58363915,71012211,GBP
6816,71046001,70305255,GBP
4823,27798625,12288866,GBP
4479,38179383,27019163,GBP
8499,32081156,87035027,GBP
0889,51756982,11729299,GBP
6350,22624453,70729141,GBP
7605,05076729,43008187,GBP
3344,91375254,63831388,GBP
7129,75746342,89813535,GBP
1975,24094073,04983760,GBP
1450,66260689,05790119,GBP
1084,64770560,82581248,GBP
8558,04800677,27786284,GBP
6863,37613881,10241497,GBP
1755,60194167,49897835,GBP
0385,08877469,10542349,GBP
3180,45758383,13167525,GBP
7428,71659592,06644441,GBP
7086,62689274,12262503,GBP
7975,88573482,24286798,GBP
2574,80389526,41103750,GBP
2195,46251601,58517116,GBP
1554,43710644,74381806,GBP
1129,36948199,67681148,GBP
0555,72383298,06040602,GBP
8081,94528395,67931640,GBP
5616,24316049,31832956,GBP
6717,08529795,56180559,GBP
0624,92748786,72704761,GBP
1172,12754783,17415282,GBP
5063,57877863,33172260,GBP
2162,85909271,32501197,GBP
3848,11065126,61950379,GBP
7298,90654995,59078050,GBP
6064,21328988,65049468,GBP
5313,79497660,00732026,GBP
3729,26930141,35338440,GBP
1158,82587098,38021211,GBP
6936,51390076,80888911,GBP
3340,20147839,79102589,GBP
9537,97840313,15657387,GBP
5777,01832741,69619417,GBP
1028,16585268,84808531,GBP
3624,69480074,59081343,GBP
7267,81207897,16481546,GBP
8403,62536870,27584996,GBP
7974,59284495,81600794,GBP
8386,11999881,30574539,GBP
6787,45209959,98444385,GBP
6342,10265044,14733332,GBP
0599,80042293,24512240,GBP
4369,86880949,53896890,GBP
4615,43707977,17385557,GBP
5773,08166482,22035212,GBP
5137,22628319,91260755,GBP
5828,41981850,31326229,GBP
1865,94690281,69799958,GBP
1248,85816891,30156517,GBP
6361,86771622,51420934,GBP
0200,87012229,70967379,GBP
3992,85927368,32320237,GBP
1207,19689598,59984926,GBP
0735,54225303,62285079,GBP
3643,53844474,82809870,GBP
0590,95359397,85081757,GBP
6999,03666849,80619275,GBP
5820,37446742,22025423,GBP
7372,39394433,00628680,GBP
3380,71152059,28798573,GBP
1446,20296639,90558393,GBP
7946,56904170,61729522,GBP
5330,52602767,80166509,GBP
4482,41977871,26394657,GBP
3081,54368055,87020563,GBP
7591,07684284,80602024,GBP
0538,01693437,48617098,GBP
5141,36489521,92016931,GBP
6415,62681093,59852171,GBP
5624,97278361,18776541,GBP
6194,96190602,15485383,GBP
8165,25738494,56604537,GBP
0017,01221766,26180546,GBP
6082,98907852,81771881,GBP
0032,22290073,74449032,GBP
1078,57347079,52234178,GBP
7406,02943069,49614834,GBP
3421,88025469,21007491,GBP
9024,26661424,25619207,GBP
6091,22703960,06881621,GBP
7856,89418029,78993329,GBP
0799,73469821,09240035,GBP
4410,27794776,93055606,GBP
1198,13081818,69341552,GBP
7319,39882898,32867307,GBP
8676,57729255,09753864,GBP
0693,02222266,71437802,GBP
8403,71448210,65527319,GBP
2083,27480235,12930119,GBP
6340,96485349,82562582,GBP
6076,57286787,20298357,GBP
0582,48392439,10209807,GBP
9771,18521693,16125425,GBP
4726,88719882,29095771,GBP
3233,43022301,62437682,GBP
3842,49048660,57263964,GBP
9102,87960147,37434226,GBP
4145,49031627,77849178,GBP
4972,09127947,55184537,GBP
6688,07795749,76202850,GBP
5726,24124356,65544051,GBP
0514,50181854,26902089,GBP
4095,60534094,58845073,GBP
0636,89276695,78270556,GBP
5487,76639836,78009897,GBP
9083,25402634,56429709,GBP
5931,39721980,08942703,GBP
1997,42167643,46149962,GBP
9895,16216886,80280891,GBP
6022,97555935,18945983,GBP
5073,98620869,17500720,GBP
4768,43227393,23090145,GBP
4917,72478338,97090847,GBP
0893,33704661,86333742,GBP
3540,87165439,68118492,GBP
3058,28279814,19289630,GBP
5711,41797851,38034807,GBP
4521,21516900,02286742,GBP
9068,15885428,94943288,GBP
4577,93795829,32060417,GBP
8258,72272509,44401421,GBP
4357,88358928,36444828,GBP
9406,06457802,25939406,GBP
7699,79957709,13629046,GBP
3328,56062394,54310475,GBP
6693,69051171,26507405,GBP
0182,92649724,74273975,GBP
2019,04117369,76590232,GBP
0641,60538188,98384914,GBP
9799,79153242,53816675,GBP
0941,06452296,68851416,GBP
7630,18317851,46936230,GBP
7886,98875537,79114261,GBP
2196,80905784,39526432,GBP
2111,11837191,53942782,GBP
4235,17701544,13219751,GBP
9819,75297204,90636171,GBP
3027,27054831,02146877,GBP
7198,39477958,13260201,GBP
6810,55550347,62526065,GBP
7741,92779381,06800872,GBP
4948,99705620,18538224,GBP
3671,05624241,47485252,GBP
5477,45158293,93151355,GBP
7944,85886424,94712981,GBP
2561,08545646,86988635,GBP
5967,82499043,98114996,GBP
2009,35034528,20781239,GBP
9229,47652836,06395967,GBP
3259,00344470,94353430,GBP
8867,03323547,93926805,GBP
7505,05043585,55230399,GBP
5180,85614669,35134576,GBP
3036,42519928,68581450,GBP
8871,44729937,68822917,GBP
5953,44321765,85530093,GBP
6963,30799109,99344415,GBP
5873,82807649,94696441,GBP
5587,88981630,57185354,GBP
0316,80289984,13362895,GBP
3528,13536854,89024550,GBP
8459,56556644,24534241,GBP
0968,82348314,88581558,GBP
2303,63756232,37554369,GBP
0992,90820978,42020708,GBP
1341,07813814,33803422,GBP
3501,04257779,75883733,GBP
0656,79218307,11133491,GBP
5496,80619990,20685757,GBP
0459,38151670,48953253,GBP
1517,53840895,67997086,GBP
7125,44772311,33512651,GBP
5808,08404790,82316415,GBP
8024,04109138,79126640,GBP
6849,55141979,87270979,GBP
9245,05649206,79603386,GBP
0511,60002776,22782878,GBP
4284,34004889,30441150,GBP
2415,94184316,19574759,GBP
0944,36630517,03917532,GBP
8136,45303835,78571563,GBP
3587,26862306,32925282,GBP
1532,42946571,09785028,GBP
6202,25164534,62701976,GBP
6502,82948171,69725512,GBP
3238,97674163,51655690,GBP
4371,42494569,71865267,GBP
8249,43423499,84278727,GBP
8350,06332508,94262518,GBP
6417,90353971,02753860,GBP
6557,01944673,30607640,GBP
1341,46364897,92967140,GBP
3405,63742988,67700879,GBP
0369,62847821,50597262,GBP
3017,36733763,06264549,GBP
7953,14990146,86914384,GBP
4040,88369149,09889250,GBP
0993,14825381,09322256,GBP
6827,52278746,59976156,GBP
0192,34725978,41305587,GBP
8016,30343061,93784000,GBP
8965,36354230,66989114,GBP
4804,52714523,54930516,GBP
5865,95838013,04661692,GBP
8274,41763355,04179092,GBP
2779,27696262,75786616,GBP
6778,44109550,04525073,GBP
7416,83534527,90963505,GBP
8544,77256558,40525449,GBP
0441,54232421,80911469,GBP
7640,74270078,82050168,GBP
3541,41276893,75154382,GBP
3746,73084480,89558023,GBP
3791,33496497,36260335,GBP
0149,11546912,30021913,GBP
4766,00477691,15729112,GBP
5202,93540926,21530196,GBP
6726,27984142,58897782,GBP
2217,01228242,88753560,GBP
6617,51089068,57836862,GBP
8476,47487561,78579380,GBP
5846,11940842,21595718,GBP
4894,75144855,39514201,GBP
6530,22391457,51836815,GBP
7618,28822258,20125385,GBP
2096,19786866,19469555,GBP
2540,95465470,64552285,GBP
6062,42170920,08583951,GBP
9658,24016264,16665737,GBP
8241,98009439,76390053,GBP
9095,81292706,98003317,GBP
6799,94135670,14652457,GBP
8000,33725549,16387360,GBP
9004,28223657,76972763,GBP
4414,54625014,23422019,GBP
7090,60437706,72315592,GBP
5112,05276936,94300471,GBP
1173,65224957,23322566,GBP
9690,97742310,55473500,GBP
4194,45242918,33357098,GBP
0638,24336882,57763335,GBP
5785,01355028,29923659,GBP
4034,19807647,09050577,GBP
9717,50252807,08951242,GBP
5690,59779547,74382613,GBP
6006,38983765,37518245,GBP
5852,83601834,58374467,GBP
4843,26902654,65977461,GBP
3661,88758832,36394553,GBP
7673,60527342,98902143,GBP
8915,63573938,08047738,GBP
5393,68048708,33257916,GBP
7599,27920922,31806141,GBP
4519,88886538,86303412,GBP
6052,42309058,34802243,GBP
5909,84686346,42598067,GBP
8416,13288902,73889784,GBP
9289,93924484,96151388,GBP
3302,17372136,66880955,GBP
2155,59944412,36857999,GBP
5059,67377629,41413616,GBP
2825,37732703,38036076,GBP
2996,71599466,62360402,GBP
9548,50072825,75402636,GBP
1048,64137611,90252262,GBP
3441,55661470,30134512,GBP
4305,58011095,38822284,GBP
1222,57693902,00284356,GBP
5044,97847857,55655436,GBP
0295,92178083,34806779,GBP
2312,41222763,46999484,GBP
8545,23521615,54799769,GBP
4985,89788510,43140140,GBP
1094,81314061,21803909,GBP
3435,71915576,15957251,GBP
1649,45629523,70867156,GBP
2090,52976126,30157310,GBP
2358,68797059,67531968,GBP
4841,74829095,99430993,GBP
6181,04438709,40372273,GBP
7424,85316120,37130418,GBP
1078,94648943,57731093,GBP
1578,88287283,77001876,GBP
7423,17868570,43015967,GBP
2403,35053489,74366029,GBP
0246,06450260,38620680,GBP
4450,91020344,61784941,GBP
7592,64132389,10132387,GBP
3723,04058500,42427926,GBP
7217,49827643,86514549,GBP
5775,77900045,25863685,GBP
9789,42507068,67119668,GBP
3511,55088461,90683065,GBP
7104,00720474,50963894,GBP
1511,04997217,87536837,GBP
8458,12983560,84289274,GBP
5879,81117203,76396121,GBP
4058,39102872,94758846,GBP
6474,19506983,41385244,GBP
9468,66803296,14765238,GBP
8795,19140271,85826944,GBP
3933,34794595,52413764,GBP
4637,86863085,38691831,GBP
5356,67478838,35272537,GBP
4199,51542068,54593064,GBP
5162,78627623,45153898,GBP
2717,76467866,85961913,GBP
8345,18065733,22283223,GBP
8391,88063149,41503371,GBP
7258,43673980,03721022,GBP
4925,86808829,91493615,GBP
6049,80345966,46107143,GBP
5775,95504446,05487855,GBP
9704,20485320,52440946,GBP
6488,66454802,87563394,GBP
0418,64814470,82625944,GBP
6592,95190474,78969148,GBP
3833,83006393,64648001,GBP
2821,81204942,07295726,GBP
1368,86853872,19002534,GBP
3696,41816832,51579898,GBP
5076,62290866,36968435,GBP
8795,90633899,04724657,GBP
3769,29161180,55363220,GBP
6269,71503442,18713798,GBP
4844,88430780,06790423,GBP
6227,01758491,69906350,GBP
8678,92030175,63000574,GBP
2894,56187373,91724633,GBP
4838,08057015,05371233,GBP
1239,13890472,62413374,GBP
2389,09441834,72907510,GBP
9708,17279800,08066981,GBP
9169,87601888,60818297,GBP
4064,99029200,76812977,GBP
8889,57344326,42855695,GBP
0854,62154292,10935296,GBP
1078,00729042,62927542,GBP
7157,74636983,86029265,GBP
8313,49867077,23774385,GBP
0884,20562582,90082605,GBP
5951,61225216,22017214,GBP
4089,73326887,96872581,GBP
1409,44402496,43485477,GBP
4848,92962812,96680195,GBP
4517,25997384,87022309,GBP
8177,90366710,08410214,GBP
9164,93272064,84487557,GBP
8782,45363215,29447950,GBP
1339,17785841,18815005,GBP
2165,72483581,14210291,GBP
4141,94960059,38096587,GBP
9803,72240142,03556568,GBP
8904,58599006,82085317,GBP
8888,90741944,64202661,GBP
6164,18349751,51997867,GBP
5616,97772815,32403981,GBP
2236,91836492,43375259,GBP
7753,99258496,15908447,GBP
0615,36782254,21627870,GBP
1676,67827485,40480082,GBP
6138,04654030,94520510,GBP
7893,47423674,05917867,GBP
6914,55648182,91305832,GBP
7651,89734245,06468235,GBP
6928,42417500,22875480,GBP
4958,43548242,01366701,GBP
0310,55011347,46139702,GBP
8427,01518112,18021307,GBP
8014,02908027,96484822,GBP
1790,36324133,18320951,GBP
6333,55229646,47858419,GBP
3935,54499417,67126831,GBP
6997,98050322,40029270,GBP
8297,44767924,35376826,GBP
4272,48131035,97316718,GBP
4576,21006584,17194703,GBP
9020,91356389,07672168,GBP
8520,51039609,19019942,GBP
7698,46657960,03338055,GBP
1559,23224256,58851680,GBP
4477,92159755,61498934,GBP
5659,09585515,91608416,GBP
6511,74655300,29665613,GBP
2113,15066232,75106367,GBP
7671,89978227,91711847,GBP
2215,10394267,04685408,GBP
8775,65328293,74876269,GBP
1879,21897350,36700916,GBP
2126,31507755,82023595,GBP
3832,68235392,67445117,GBP
3471,56835059,45010110,GBP
5781,22473569,02786863,GBP
5405,10750818,94661884,GBP
2160,40911125,77969682,GBP
9415,06028198,84436064,GBP
1260,47087682,09920817,GBP
3301,64019014,81238083,GBP
0111,52924196,11821912,GBP
9240,13774498,91079683,GBP
8427,96164828,92580601,GBP
7269,73221821,95902373,GBP
3920,49453062,59566847,GBP
3045,08660588,94299241,GBP
9857,16122038,25232278,GBP
1002,17156879,47161490,GBP
4426,98901316,43093076,GBP
8602,18241564,07966588,GBP
2576,38238832,10685801,GBP
9422,70637742,22809827,GBP
5625,73403375,08173388,GBP
8564,31271117,15011372,GBP
6358,29131179,74653609,GBP
9348,21841868,31482768,GBP
7076,29182498,81198724,GBP
4065,57725962,16525915,GBP
9938,65356020,66977171,GBP
8653,63624076,67887314,GBP
2930,67606859,91964790,GBP
9255,94530681,39041122,GBP
4135,23960337,39666882,GBP
2539,58933421,52730396,GBP
6738,15099180,79549257,GBP
8706,42570163,15639982,GBP
1117,18853997,36342582,GBP
9367,81135819,02358483,GBP
1715,88040698,61198049,GBP
6446,17848893,37155936,GBP
9881,62328743,31402866,GBP
2793,39103885,53095951,GBP
7536,29707313,47060727,GBP
5184,72585859,20063055,GBP
9743,55442718,93985950,GBP
9542,27650872,59669747,GBP
3669,45427708,16360575,GBP
7019,51670896,21925017,GBP
3542,34301437,00599595,GBP
5320,01906789,77179697,GBP
2704,17828951,65634308,GBP
1502,16092901,95786057,GBP
2895,37214562,61677059,GBP
7529,86546922,17877883,GBP
4893,51152572,02621002,GBP
3181,24435437,57318247,GBP
5206,10628152,99383503,GBP
7591,89203178,66963398,GBP
6011,74348434,79443530,GBP
1304,77892549,07293968,GBP
0406,14390908,93781079,GBP
7947,55323692,13564683,GBP
3808,67103340,05204828,GBP
5502,69314949,68057356,GBP
8032,89449710,26052579,GBP
4949,25955435,26425257,GBP
1622,43352723,50402268,GBP
9727,06224366,26525928,GBP
4196,47029045,80709372,GBP
8932,23444616,30475309,GBP
0844,20542542,08509907,GBP
4634,00474209,23478727,GBP
5496,70317724,21221229,GBP
0652,53395711,59928322,GBP
8240,15645791,10950642,GBP
6165,98851922,47136420,GBP
4782,06446884,60893384,GBP
0128,86950059,57908234,GBP
7995,89976891,92171075,GBP
6983,90238466,48761789,GBP
5262,48658819,80707278,GBP
8720,20276213,68308794,GBP
3969,46606757,07576917,GBP
9336,98785670,38829202,GBP
5974,88442426,35774202,GBP
4243,30706943,04778474,GBP
9866,34002662,33730225,GBP
4257,49825689,21330441,GBP
8315,56763760,45833965,GBP
8220,06796848,87879886,GBP
2434,83643202,82460388,GBP
6476,73539470,03634112,GBP
9511,37106058,40912030,GBP
1728,14102253,48257345,GBP
1433,44735682,51302714,GBP
0511,54392537,47827564,GBP
4957,56174935,79370738,GBP
0043,85665906,11614553,GBP
5194,10512009,32527628,GBP
4629,28711033,26998332,GBP
1280,88023357,74511726,GBP
7929,98125836,55905310,GBP
8183,67955585,76208170,GBP
9610,95277127,64494441,GBP
9612,78254911,05477732,GBP
7337,10242225,21755266,GBP
8531,62406766,68202467,GBP
3874,30520109,77040258,GBP
8606,11412215,68232805,GBP
4481,98719033,74328784,GBP
0319,66448244,86124236,GBP
8036,81052906,62265998,GBP
6399,47739056,88133053,GBP
2919,20673568,68647306,GBP
1378,12427464,14522377,GBP
5402,71622039,27768358,GBP
0172,55408434,99984966,GBP
3533,99827760,11959357,GBP
3634,50579959,28949952,GBP
9252,78642989,34797778,GBP
3548,96252581,56771497,GBP
6799,96528797,35159148,GBP
0069,93803125,76624802,GBP
7735,77648251,87598713,GBP
2629,86728369,81009321,GBP
5499,42643678,23476280,GBP
9898,62604115,77600061,GBP
8155,06433693,96386161,GBP
8312,90435084,65436486,GBP
2057,72038830,20353720,GBP
9568,29575638,93740764,GBP
3083,83280872,65514538,GBP
0271,91253081,16993465,GBP
8674,94744691,97953773,GBP
4819,69027815,59308080,GBP
2106,44613993,82901397,GBP
1848,66305138,57830265,GBP
7740,49844150,18670738,GBP
5674,31284020,10079733,GBP
7190,56095895,77895838,GBP
8489,19050711,22938350,GBP
2133,50626230,00908053,GBP
2110,24017368,77959006,GBP
9902,18571978,86479780,GBP
9573,67684749,57949087,GBP
0979,51363690,00272087,GBP
8032,63147846,50286720,GBP
4243,59552759,74573921,GBP
5153,15898380,43765372,GBP
0997,05068302,18409905,GBP
4478,76369990,12023708,GBP
6493,44206371,76723709,GBP
2417,80697004,06826738,GBP
5091,13576445,96651751,GBP
8967,80006161,70047796,GBP
2742,77738328,01011653,GBP
7047,53750579,13108663,GBP
6020,79477172,35084876,GBP
6598,44954503,70609929,GBP
9045,31697606,83262308,GBP
5540,62608427,46291533,GBP
9113,50784128,89638216,GBP
0204,29473232,51243332,GBP
9552,01385927,17065272,GBP
4734,68377827,49363681,GBP
0431,48056054,36889176,GBP
0663,82516546,11994754,GBP
1547,33435411,95346530,GBP
9264,02440697,56293966,GBP
9497,49910222,52400827,GBP
6920,35349640,22009276,GBP
3268,72378676,93466504,GBP
0982,68262409,97825241,GBP
4558,87721997,32135628,GBP
3999,86769439,62436621,GBP
4251,41367297,32944279,GBP
1251,93563580,02480405,GBP
1001,52335142,83673724,GBP
1122,30912024,60884181,GBP
0331,17067702,24589308,GBP
7521,20354458,23965806,GBP
9055,28351753,14049575,GBP
8764,15252488,36622415,GBP
7003,97260843,97566003,GBP
7381,82344009,18479604,GBP
2833,90612971,14874583,GBP
6365,71904560,35572482,GBP
4219,57441903,51533471,GBP
7527,96974683,59259139,GBP
4540,59374137,95182774,GBP
4191,65163048,89668351,GBP
6590,04249128,79947213,GBP
1246,60751242,78106731,GBP
1093,51780631,84110114,GBP
8556,96260257,24962629,GBP
1503,07817546,38322950,GBP
8680,61793193,19732390,GBP
6139,77671868,68120230,GBP
4614,74980880,28020597,GBP
4878,82635009,69198128,GBP
3277,08915898,14016077,GBP
3776,52900334,65032467,GBP
9561,28321099,82000514,GBP
9409,38848369,99684333,GBP
5251,51564779,15100368,GBP
4582,15525339,02601564,GBP
1531,23472229,13449899,GBP
9308,12525083,20441893,GBP
1749,53658385,23809357,GBP
8511,56149055,20281825,GBP
2512,88952003,57714348,GBP
8965,97176429,14092556,GBP
3162,15506123,99844383,GBP
6482,54293516,81388999,GBP
5514,63368797,16509570,GBP
9202,66255468,31154846,GBP
1095,04429082,31665929,GBP
3379,84425482,49079675,GBP
8870,09307596,06989116,GBP
3199,39910017,54613352,GBP
9915,65686163,33803970,GBP
1898,49393598,59696668,GBP
7046,83477173,93535111,GBP
8285,47661174,02699390,GBP
5332,80012401,20276111,GBP
4429,42232941,92565317,GBP
8152,67462365,93160651,GBP
2474,69104832,30952662,GBP
9722,90541624,11384659,GBP
2554,75572407,58897515,GBP
8481,12432019,58726445,GBP
5104,67922104,94405113,GBP
9228,12518037,19055292,GBP
0520,54987469,06914300,GBP
7318,10528259,68291919,GBP
1023,84551362,50098314,GBP
2660,30390527,93035225,GBP
6688,76060798,12852370,GBP
6805,69820370,35650506,GBP
9678,81963785,96897199,GBP
9469,17417328,61170195,GBP
5557,03247761,92287474,GBP
9993,99091739,59359931,GBP
0136,33295074,26026477,GBP
2131,50784785,75954144,GBP
2310,60234150,37354231,GBP
5840,29593631,10058527,GBP
0020,13357750,67394826,GBP
3534,54190093,82634033,GBP
2766,49957394,05707379,GBP
5216,38383473,92028535,GBP
5265,45238098,10835961,GBP
7896,71084615,70418399,GBP
4693,50082752,22793891,GBP
0219,99904605,55155184,GBP
9711,32466446,73126964,GBP
7177,38903902,78864178,GBP
8721,00849871,07791104,GBP
8160,31509367,67716925,GBP
9197,85399875,88339977,GBP
7409,96543118,97199207,GBP
8475,48393668,36220298,GBP
0866,97563362,35401485,GBP
7796,52982996,98899055,GBP
9694,99223244,69518824,GBP
5022,37673313,38522400,GBP
4427,43082196,60947785,GBP
8183,06824485,21637747,GBP
0857,27190059,98762080,GBP
5671,24097933,68134345,GBP
7113,91791435,76282513,GBP
0784,98988739,36558007,GBP
1358,41900827,23165636,GBP
6634,09458015,84732655,GBP
4246,94871576,03979815,GBP
2166,33343053,21746620,GBP
1294,69970679,15266972,GBP
4556,05101519,59157246,GBP
3867,48421248,51478341,GBP
0885,82391096,58732810,GBP
2071,91211656,11773958,GBP
7281,73737606,33745265,GBP
5201,36400473,02308614,GBP
5739,01807569,00575801,GBP
4001,94600585,36901479,GBP
1263,18384513,60749855,GBP
1306,76516056,94911124,GBP
1231,21062680,61953604,GBP
9583,18662750,44786121,GBP
7759,09661540,92195194,GBP
6854,80500506,44858069,GBP
6087,61882314,00928124,GBP
0463,01159202,00481222,GBP
9955,96241800,00019105,GBP
7432,19793082,04749492,GBP
9226,24940648,10929792,GBP
8311,35736520,75193133,GBP
6285,06047447,16504189,GBP
1469,94669594,78281477,GBP
4838,00935670,31932249,GBP
3068,16100993,18839820,GBP
2957,20912153,59859254,GBP
4605,74267347,42639950,GBP
9011,60926871,42774732,GBP
4323,85405452,41431066,GBP
4180,52526954,60978877,GBP
7235,42294510,31088342,GBP
4300,89890502,71467226,GBP
5572,66750927,95233768,GBP
4918,53782574,28373924,GBP
3191,60334752,26008013,GBP
7800,59731880,09203927,GBP
7748,23926953,45085927,GBP
6204,50881727,21784508,GBP
1031,41880267,16271544,GBP
6590,67976548,40313421,GBP
8878,67816191,82912112,GBP
2381,04941914,18287583,GBP
8969,58681774,61941002,GBP
7412,14806356,10885977,GBP
2841,77517119,46191128,GBP
5420,77377418,97248204,GBP
8122,77524126,41033700,GBP
1064,79924321,94858695,GBP
0992,98591682,45423195,GBP
7576,34386221,33077629,GBP
7824,53460611,27637581,GBP
2435,53580020,24599568,GBP
9070,43871725,31700348,GBP
7672,22701152,17912290,GBP
9114,60427561,08933845,GBP
4880,21259538,85361235,GBP
6657,37742043,27764435,GBP
0692,55379914,74393324,GBP
2715,72214976,90226802,GBP
8420,75770029,45853378,GBP
6093,34158851,58765043,GBP
5574,11586244,31503327,GBP
9510,15398004,98265903,GBP
2271,29167388,61310611,GBP
7083,77692699,97606720,GBP
4753,96240954,68864793,GBP
8046,63364225,48937646,GBP
7132,24912746,64049141,GBP
1242,25323576,00662001,GBP
0502,39815859,69310702,GBP
8806,18445086,46418559,GBP
8948,88629693,30059808,GBP
1517,86052601,86491180,GBP
8516,67892734,02151008,GBP
1684,92779263,72999827,GBP
6002,67632917,66574676,GBP
2250,25794194,63296871,GBP
9485,92781940,70929516,GBP
1972,49623211,22351993,GBP
9486,59831244,46417035,GBP
2530,37007514,58372331,GBP
6623,23541264,75847946,GBP
4029,34190705,42211143,GBP
7772,06387338,79924132,GBP
8198,01760924,39708948,GBP
2504,39798286,87075785,GBP
7340,93144645,18643544,GBP
4751,45920985,96874960,GBP
8838,67576015,42200254,GBP
5965,65487171,85482680,GBP
3595,75184874,79117041,GBP
3508,78599552,15658025,GBP
9106,90807216,95272221,GBP
2349,59236794,73208420,GBP
6503,87399201,53332417,GBP
3774,21474813,55746100,GBP
9849,43428221,98304825,GBP
6143,28889559,01518622,GBP
8372,45835168,64909766,GBP
1803,45726154,08443481,GBP
7264,25230797,70295904,GBP
0969,69880505,59371137,GBP
1959,88155768,82571818,GBP
4616,04551616,57674652,GBP
9882,53902309,26940738,GBP
8000,39097333,20104453,GBP
5787,71184634,42739939,GBP
2377,52071869,45909849,GBP
8211,23681731,37904155,GBP
5468,67646010,08710804,GBP
5044,02661233,31672145,GBP
7263,31960833,72539613,GBP
1835,06689606,13507571,GBP
6708,09832848,16410228,GBP
4332,94389658,83551049,GBP
6049,11993136,82577914,GBP
4811,47461563,91168441,GBP
4726,94862596,09741066,GBP
0509,54996269,91674886,GBP
6357,65475286,80443078,GBP
7272,80090305,81517063,GBP
3742,63366357,86844957,GBP
4515,57471769,01138006,GBP
9941,23171754,06548653,GBP
2112,16320539,61885409,GBP
4125,48421607,33476700,GBP
7644,10791427,53708370,GBP
9252,67974816,19696025,GBP
5014,64842963,56853431,GBP
3156,90952774,69376958,GBP
0286,87365710,97656299,GBP
3571,52300035,75827991,GBP
5276,35971546,15449290,GBP
7023,44764233,12458011,GBP
2318,79914537,46296322,GBP
2095,28814572,42059267,GBP
2300,46502895,17540577,GBP
2863,40157518,62022751,GBP
1058,99030972,33737198,GBP
2528,83231209,54010746,GBP
8704,01562652,93562432,GBP
8295,49030703,58037450,GBP
3745,58864017,99033389,GBP
8686,90679517,90456021,GBP
1508,97411750,74169588,GBP
8307,54696229,32370997,GBP
1975,20455933,30492316,GBP
2059,40553281,43928715,GBP
1905,95212116,10904752,GBP
7281,92850427,82079454,GBP
0676,00535050,28016474,GBP
5998,89706039,46159038,GBP
1544,91438851,97714318,GBP
0907,54141112,56383421,GBP
3859,37815419,15656038,GBP
8951,34935622,67276392,GBP
4353,68351536,20952997,GBP
6469,47871971,09768794,GBP
7557,45332094,09703032,GBP
8688,28001381,88864612,GBP
6215,13618473,22654837,GBP
3573,75251192,27786191,GBP
4175,70924447,96515808,GBP
0321,40782865,29511751,GBP
8646,71482087,74122411,GBP
4580,78358588,48162367,GBP
5130,86996191,58530735,GBP
9342,22729181,53978431,GBP
9360,07734441,34932166,GBP
0970,48138510,15373549,GBP
9238,77327445,87216752,GBP
1827,75093153,74440824,GBP
4925,59675085,88010210,GBP
5022,60742099,18099183,GBP
4437,61184562,98324762,GBP
2056,58981562,85027490,GBP
2677,74655146,36540258,GBP
9014,84395000,13128865,GBP
5507,07940789,52615011,GBP
1198,31355201,51051109,GBP
1560,33715293,81707286,GBP
2277,87838179,13857625,GBP
0277,71131254,44454407,GBP
0521,63654650,05419540,GBP
6505,66426333,20270621,GBP
5921,22256593,72435480,GBP
6573,12902418,73469592,GBP
7896,87751464,81935677,GBP
5974,42634183,79021941,GBP
9821,53775409,31818578,GBP
7096,37634918,48682646,GBP
2787,26110100,14703584,GBP
5272,06416909,12868578,GBP
5421,89858999,01003262,GBP
9631,94094109,19926194,GBP
3482,35163391,25468019,GBP
3944,11759241,83553456,GBP
5286,37440832,12120489,GBP
3091,74617557,41715468,GBP
8599,60858602,20243637,GBP
6782,55530775,05214673,GBP
0637,30825917,43854448,GBP
0998,86315737,33181460,GBP
0546,24259873,48855408,GBP
2817,17792000,66987513,GBP
7609,14930761,37489606,GBP
1858,52503744,14359471,GBP
2359,10462021,67169860,GBP
4451,84883848,37584243,GBP
4421,06360242,72058771,GBP
3200,09718078,41741147,GBP
2378,00394357,30068667,GBP
4678,84622232,49026477,GBP
4309,69705247,52654307,GBP
4280,66452113,99402222,GBP
3409,61257921,00596387,GBP
0696,61484220,98740057,GBP
1223,05254137,64559120,GBP
7225,24276781,94337471,GBP
0165,56942952,66420823,GBP
9516,24525565,61615306,GBP
7010,96781938,50953858,GBP
4678,90833355,22717624,GBP
6061,46504049,80482999,GBP
9492,45088017,53225929,GBP
4291,94120512,37384620,GBP
4535,70163398,13183146,GBP
9639,64369995,92784641,GBP
5286,42396682,90832943,GBP
9971,52261168,93915648,GBP
9885,11653234,54837973,GBP
5197,06380035,00208591,GBP
7252,82162440,11279267,GBP
1845,39302596,00854889,GBP
3336,08020752,23140907,GBP
9036,45020647,55839409,GBP
8964,41989601,11545579,GBP
4864,19114478,27359211,GBP
8584,62307381,75229436,GBP
3148,50359650,71045810,GBP
6352,53387958,78164718,GBP
6132,95289685,27417088,GBP
6849,27027912,27106565,GBP
0323,07756339,06537474,GBP
3955,62565413,90129315,GBP
4499,30359716,93062437,GBP
0566,98036767,88950357,GBP
0470,97940509,83668856,GBP
3456,32030694,87728338,GBP
9311,55313114,29839767,GBP
7367,88621695,52770280,GBP
3155,09384394,01535797,GBP
8989,30484540,05989485,GBP
8492,12212002,17255702,GBP
1166,89011515,08612268,GBP
9586,26877253,62821501,GBP
3432,52368269,98583094,GBP
3461,74909932,89783929,GBP
3857,31597407,86068649,GBP
6644,79977801,07822468,GBP
2912,68043249,44923225,GBP
9645,48415615,62366199,GBP
3067,46692826,06018350,GBP
4273,16675370,43336621,GBP
0813,03348968,31527427,GBP
4562,63702916,14665399,GBP
7872,62756244,73018940,GBP
2867,16440998,42365423,GBP
3359,26678744,70289703,GBP
1255,06827922,66336772,GBP
1622,99662799,98185158,GBP
7600,52422779,09420975,GBP
5846,74767844,85352887,GBP
7503,35381444,73654847,GBP
2897,08355441,69165646,GBP
0257,56588209,26741625,GBP
9117,86030810,50815363,GBP
9640,11699804,05120752,GBP
5437,07257166,64135404,GBP
6047,75099884,82014574,GBP
3238,87670700,16446048,GBP
8952,55136339,00042965,GBP
3248,49537316,65395344,GBP
4734,30466687,26261321,GBP
7995,79597249,86504450,GBP
1344,81632398,41802985,GBP
9376,51770749,76208470,GBP
7838,80914754,34866473,GBP
7431,09934583,43046287,GBP
3768,24208415,16951563,GBP
8872,79648769,93843542,GBP
1233,84753287,66320879,GBP
0623,44148598,27036103,GBP
3769,29181309,21025224,GBP
6422,34710885,93853418,GBP
3344,12174925,33937048,GBP
1155,16270052,37938900,GBP
9641,32477777,51359248,GBP
8403,61342511,21385280,GBP
9930,01764958,34356481,GBP
9292,66379141,77786221,GBP
4099,48213492,02323239,GBP
5028,84200874,94085592,GBP
9648,98574702,91626226,GBP
7425,87173270,35246078,GBP
3786,49144560,11349817,GBP
2082,04584233,86538723,GBP
8507,40901081,86246719,GBP
5052,10979525,44862497,GBP
6676,71667398,46041732,GBP
8017,54752304,64437519,GBP
7425,33183473,64170922,GBP
7975,25940230,29292625,GBP
4177,08065719,18943243,GBP
9687,83822904,28334791,GBP
1361,48042449,18268144,GBP
2736,95638084,79203231,GBP
4432,44200247,84202762,GBP
9312,80352644,63405325,GBP
9435,78845307,18612535,GBP
9804,87714256,95201079,GBP
7152,25871292,25998902,GBP
3765,37198638,90614950,GBP
9421,99152110,72651908,GBP
7272,30879979,55465643,GBP
5110,41105237,70128635,GBP
4250,85959505,70330337,GBP
5445,32223069,55160253,GBP
0641,87070668,21182750,GBP
9386,96098930,71911265,GBP
7674,29211240,39553629,GBP
9245,38906866,40765658,GBP
7208,18408750,76168054,GBP
5896,45173591,73026663,GBP
9734,08665812,55845538,GBP
7474,44401042,02654596,GBP
7642,80195987,57743221,GBP
2964,52075901,90461619,GBP
6579,89050992,64726354,GBP
2923,79389130,93417440,GBP
0726,70908502,73668901,GBP
8444,84376079,35893141,GBP
4994,52954010,63632864,GBP
5318,93610336,18440534,GBP
5887,74308134,18124054,GBP
3479,32567330,32469914,GBP
6426,03830293,39314539,GBP
3008,31821353,13711769,GBP
6675,07643075,05671891,GBP
0773,74912135,14793431,GBP
4062,73713488,72096681,GBP
5661,18513624,83876745,GBP
5124,70320160,07041184,GBP
5298,75171070,96577899,GBP
2328,10927242,13568320,GBP
8172,66990758,57696053,GBP
3028,30196952,74591469,GBP
1980,76852944,73361637,GBP
4813,52319130,60012631,GBP
8694,53397872,50770199,GBP
5118,00452336,13399121,GBP
7334,00193590,82657742,GBP
6558,84545842,79197561,GBP
8203,69593204,04429261,GBP
7427,10105731,06450537,GBP
4331,91749485,60537061,GBP
5622,95961634,84190706,GBP
1949,44542689,33572677,GBP
7157,79527203,80814729,GBP
2347,30810182,34795480,GBP
2033,63369267,69962769,GBP
6831,88567464,78377925,GBP
5398,50615769,00559973,GBP
8105,08724767,51207737,GBP
8214,85557855,21681140,GBP
9879,34739765,47404580,GBP
6735,01316506,49469802,GBP
0500,19322549,42312267,GBP
3811,02765107,99527534,GBP
1495,38233311,20192427,GBP
2740,47726430,81196431,GBP
3804,97735027,96172068,GBP
9810,87637471,97337035,GBP
3775,76662637,48538931,GBP
2108,59768110,01091561,GBP
0615,81436891,99695968,GBP
8301,62877571,72765791,GBP
4592,63612866,33914731,GBP
3393,86485759,83847055,GBP
8996,37628298,36305575,GBP
8467,68018952,30405382,GBP
9651,71800779,98902484,GBP
4685,59806048,83217449,GBP
5265,73730729,59163816,GBP
1020,06594577,15890241,GBP
6148,10371374,87388045,GBP
4717,98238013,76557370,GBP
2058,76834337,31828959,GBP
6205,44966267,96238817,GBP
1644,84219056,63397296,GBP
1414,46705771,69776789,GBP
0154,87558180,43831545,GBP
8112,91555653,07743664,GBP
2080,31035240,49977985,GBP
2916,82570563,22125008,GBP
5933,25720033,92428512,GBP
5493,50077259,30212758,GBP
1338,96081064,14906275,GBP
1434,62950818,34824284,GBP
4651,25499303,55665493,GBP
4812,00099384,29235330,GBP
0509,67259263,39311481,GBP
3084,91639911,25052411,GBP
6346,11629156,45645799,GBP
7945,52276551,28906759,GBP
3319,32559370,14888784,GBP
1369,20936242,12218204,GBP
9528,04677678,05005539,GBP
2631,66306279,53948760,GBP
3982,90408022,84650328,GBP
8159,04062594,93558396,GBP
4420,05916744,52986887,GBP
3641,37250934,20555332,GBP
4545,93235392,28592979,GBP
3881,99240900,73804569,GBP
3813,99064504,53561203,GBP
1818,86444065,43880489,GBP
5172,09973558,87932714,GBP
3623,42259856,79052277,GBP
8398,19684064,00960291,GBP
6260,32544303,68831405,GBP
7819,88849579,75698633,GBP
7846,80639241,47224377,GBP
7123,19161927,93947312,GBP
6466,34664126,37801045,GBP
0320,00652998,89649287,GBP
6794,69847682,78480021,GBP
9312,36416524,78950458,GBP
3123,62236090,16823359,GBP
9114,14152698,17944861,GBP
3207,99304768,08118081,GBP
7541,69032926,36663587,GBP
7863,10288073,02051594,GBP
1723,58217877,41317532,GBP
8459,79388596,24518659,GBP
8893,00637642,52286893,GBP
7792,23870155,03841711,GBP
0380,77694708,92199489,GBP
5899,51632126,49180115,GBP
5175,34966632,22054251,GBP
6805,49994502,43593039,GBP
9692,61483398,20834036,GBP
3538,67955261,00036399,GBP
3653,80710877,96362934,GBP
0452,31851885,37512816,GBP
1398,91334849,32222033,GBP
0771,66890718,19171795,GBP
7694,84101124,96855462,GBP
4778,17311984,19449147,GBP
5127,57970805,52242126,GBP
0992,08348273,26630589,GBP
0030,41866776,58733163,GBP
7456,01267324,54061359,GBP
5246,87136702,04547932,GBP
6511,35079239,72308988,GBP
5165,75824566,71725059,GBP
2638,58798462,93032846,GBP
3113,13296598,22806776,GBP
3501,81948617,63511514,GBP
6963,18848414,93991180,GBP
7675,77612362,11053089,GBP
4372,14467979,89359134,GBP
8247,18402098,74686306,GBP
0000,16936965,70725448,GBP
1758,97310169,25573300,GBP
8557,89494536,12890341,GBP
8944,16801713,57373721,GBP
0636,65787994,13660528,GBP
9478,41919940,05069507,GBP
3523,59720849,46275029,GBP
4898,10672232,10706222,GBP
6223,19104699,89243826,GBP
7718,87869791,88256695,GBP
4473,37009944,20594828,GBP
5698,17478884,11725831,GBP
2899,40985961,97469822,GBP
9160,40939603,40605287,GBP
4881,19008822,97299622,GBP
1786,55772280,82077618,GBP
7417,48946965,95535698,GBP
8696,99787937,27118522,GBP
0261,26530409,67385627,GBP
4925,49241848,82626944,GBP
9572,86158042,38645574,GBP
2192,12423936,84804019,GBP
7927,43407843,74772001,GBP
3701,48041521,80582833,GBP
1357,22561742,74435836,GBP
5428,98569379,65929582,GBP
4807,26492841,25368353,GBP
7039,53677850,14582801,GBP
4951,87963328,23231726,GBP
3586,83731300,33561081,GBP
1485,70318102,81226281,GBP
2557,69652994,40243876,GBP
6958,02537383,70862997,GBP
4042,75269868,58457779,GBP
7475,94230922,42002539,GBP
2522,88410384,51214015,GBP
1501,85344221,40899946,GBP
3044,36935526,83832310,GBP
5577,91891846,72539589,GBP
6316,67048040,97985340,GBP
9905,21443278,14495345,GBP
0015,65971659,93166306,GBP
1183,68409443,17863066,GBP
7832,33965285,40705599,GBP
4910,73071013,91672806,GBP
3122,95154844,03109711,GBP
1297,85317974,78566050,GBP
4275,94964314,81399268,GBP
2519,54471126,34182135,GBP
4354,75602609,18036019,GBP
7008,43982979,95484105,GBP
0520,99596227,99878989,GBP
5476,74909751,03324610,GBP
5815,66848554,94532766,GBP
3630,67321839,84399716,GBP
6729,27069201,17268011,GBP
0142,64508115,15426099,GBP
1064,99425306,22803237,GBP
6997,61050243,82039905,GBP
5822,59098493,06957631,GBP
8726,07171259,42141470,GBP
1802,56593385,02548791,GBP
1853,60274467,01722862,GBP
9736,37612368,12813979,GBP
5328,41426746,12819061,GBP
4987,14473270,89887692,GBP
1161,23420482,91471583,GBP
7653,26931887,85199120,GBP
4014,36952977,32140374,GBP
7243,05974083,54384810,GBP
7357,15988913,13993652,GBP
3201,51420994,35500004,GBP
5732,33096002,85942836,GBP
8653,64522500,24505893,GBP
4481,93649093,51113061,GBP
3441,99612040,27305752,GBP
4512,38497706,91393029,GBP
6155,23934044,36306570,GBP
5894,85404959,48072204,GBP
9469,01726422,81140301,GBP
3248,85833984,38976862,GBP
7913,58514922,54720759,GBP
6578,56306577,72362573,GBP
4183,33493348,69349846,GBP
7489,95829629,61561691,GBP
1533,33148653,19690799,GBP
9114,69294952,52735247,GBP
1192,34675779,68767790,GBP
2476,57232330,46697016,GBP
1458,35332684,01017960,GBP
3234,38809999,01824563,GBP
2675,43581894,68482453,GBP
2023,42245329,34347526,GBP
5954,45374457,50785801,GBP
