Id,CollateralID,ChargeHolderID,ChargeOrderID,ChargeTypeID,ChargeValue,ChangeType,CreatedDate,LastModifiedDate
kz74480651156880,xyh97864279,21,1,1,893,CREATE,11/02/2011 06:54,14/01/2014 01:23
tz27959492658451,xyh97864279,21,2,2,65113,CREATE,06/03/2010 11:09,10/10/2015 04:53
kw19145770966180,xyh97864279,14,3,3,42515,UPDATE,03/05/2015 08:50,07/11/2014 11:33
br00154747098110,yes44790638,1,1,2,18202,CREATE,19/04/2014 09:23,25/04/2014 08:25
ev82388947923591,jgb24865261,7,2,1,1139,UPDATE,10/08/2010 10:30,03/03/2015 06:23
av10538351017630,jfz77335332,9,2,2,1182,UPDATE,03/04/2012 07:02,16/11/2015 10:39
zm09131919439366,umo05311479,19,3,2,9362,UPDATE,27/11/2011 06:24,22/04/2012 06:58
cm38352078830587,svk57681306,15,1,1,1944,CREATE,12/03/2010 11:15,27/11/2014 08:23
nk80234873517924,pda29053017,13,3,1,7257,UPDATE,17/08/2012 09:50,05/09/2013 12:36
it46835680152013,lsl04482576,16,1,1,5813,CREATE,15/10/2012 02:50,22/12/2015 10:47
qw62649167454120,nlt43010836,13,1,3,4410,UPDATE,06/11/2012 07:10,21/07/2015 12:41
xc74844946791244,fiy66625223,6,1,2,5380,UPDATE,05/03/2011 10:08,23/08/2013 12:51
dt26911474454288,wqq17585158,1,3,2,920,CREATE,08/07/2011 03:23,23/06/2013 08:05
ra74442950331261,wqq17585158,3,2,2,3756,UPDATE,09/09/2014 06:21,11/04/2016 06:33
hs51070501084524,wqq17585158,19,1,1,6002,UPDATE,07/05/2012 06:02,12/04/2012 04:36
et42370293798116,jot33482509,15,3,3,96137,UPDATE,05/02/2015 06:13,19/03/2017 02:30
gz02221262416676,kdu07860522,17,1,1,5935,CREATE,13/07/2010 09:11,29/10/2014 06:15
zv84034180686627,xvu48403465,4,2,1,519,CREATE,08/02/2011 06:38,11/08/2014 07:25
uw51836315887437,sym92132912,5,1,3,4,CREATE,23/10/2012 01:04,20/01/2013 07:04
pm58692465497091,kwv92780943,3,3,1,40413,CREATE,21/01/2011 10:04,15/03/2013 04:13
os62928526329825,mgc26357538,2,1,1,69566,UPDATE,02/02/2012 04:10,06/07/2013 10:17
fs17719069664507,ldd88238028,3,3,2,69219,UPDATE,20/10/2013 12:22,10/08/2015 03:54
mh29348185938836,wul26415963,8,2,1,62688,CREATE,13/01/2014 04:13,09/11/2015 05:10
ut06273236931126,ena68278476,6,1,3,4599,CREATE,07/12/2014 11:12,04/08/2014 06:31
ii96292954847445,ena68278476,14,2,2,50665,CREATE,05/03/2011 02:13,18/05/2013 12:13
qx57007321132406,vbt86482977,7,3,1,4403,UPDATE,11/04/2015 02:11,26/10/2012 06:56
qs52041077778151,rwa59876868,8,3,2,83202,UPDATE,27/11/2011 06:51,28/09/2016 04:24
oo18452819364147,mqn33062244,2,1,3,3082,CREATE,20/03/2010 06:00,29/01/2017 03:29
ps09851790356962,foj42617544,10,2,3,9759,UPDATE,11/07/2012 12:55,19/06/2016 02:42
nj23680877941313,vne09447779,14,2,1,72973,CREATE,12/04/2010 04:23,03/02/2013 07:27
bk16659771738154,sdn54950955,4,2,3,2554,UPDATE,28/12/2010 11:15,05/08/2012 01:23
oc25463520775235,ekg91044811,10,1,1,16968,CREATE,02/07/2011 05:20,27/08/2014 09:04
jk68682263068936,lsq94678232,2,2,1,8690,CREATE,18/07/2013 09:41,10/10/2015 02:23
wv54460926781864,rmv70241818,6,1,2,46172,UPDATE,02/01/2015 07:50,10/04/2017 04:06
zc58803594181098,upl28910842,11,1,2,6028,CREATE,24/07/2012 11:06,28/03/2013 08:12
ea40585614901715,vlc43291072,12,2,2,79700,UPDATE,08/01/2013 09:32,04/05/2016 02:31
uz90868658309368,xfh69125566,16,1,2,376,CREATE,04/08/2013 07:16,17/02/2013 09:20
sf98724010516333,cfa94514445,21,1,2,8257,UPDATE,05/02/2011 07:22,15/01/2014 05:58
dy35794544449336,swm37113317,10,1,1,2730,CREATE,02/08/2014 09:25,02/09/2013 04:06
ke56166115847349,hvz31055406,13,2,3,2373,UPDATE,18/11/2010 12:33,08/09/2015 12:23
pt26747303800663,zrs24073991,10,2,1,51869,UPDATE,18/05/2012 09:03,26/12/2014 06:08
qg06385611176066,voe22015396,15,2,3,267,UPDATE,07/01/2014 04:15,11/05/2014 08:57
hr00989350885157,bcj20087076,4,3,2,88631,UPDATE,17/10/2012 03:11,05/08/2015 04:21
nd65592758697570,ftn10584853,4,2,1,91986,CREATE,09/09/2013 05:51,15/08/2016 04:12
na41664739282422,cfn06101222,10,1,3,879,UPDATE,09/09/2010 03:39,21/02/2014 02:21
rh66500989850437,ibs93492505,7,3,1,3615,CREATE,25/05/2014 09:24,27/05/2012 01:10
bj28082028174848,wrx31023566,6,2,3,2556,UPDATE,14/08/2014 12:17,19/07/2015 02:58
mf54806819779172,dcj37147511,14,2,1,83358,UPDATE,01/09/2014 01:40,30/10/2014 10:23
hd61780146015497,mtr69215642,1,1,2,4045,CREATE,09/12/2012 08:03,11/11/2015 11:35
gg41273591885243,bdu93660675,1,1,2,55253,CREATE,17/11/2013 11:25,03/05/2015 07:32
jn40830184094042,egr24061580,9,3,1,2358,UPDATE,22/04/2013 04:45,24/10/2013 01:28
ra24368367022908,mfz10828416,4,2,3,27128,UPDATE,19/06/2013 07:31,13/03/2015 04:11
ni90919301790879,tus32721602,13,1,1,86660,CREATE,04/03/2013 09:20,08/04/2012 11:26
kd46467832082154,srj20722181,21,3,3,43,UPDATE,01/06/2013 05:48,05/08/2016 06:22
qd23676055317760,iyt30844111,13,1,2,94846,CREATE,01/04/2010 07:59,28/12/2012 06:44
xp85610942168642,egn49670684,21,1,2,77522,CREATE,01/05/2014 12:53,17/11/2016 09:00
kj07092460383127,ekk74351630,18,1,1,70270,UPDATE,01/10/2014 02:00,10/05/2016 05:46
af41922967240175,bbv84492930,3,1,1,90387,UPDATE,21/04/2010 03:55,20/10/2015 11:16
ms00835994966719,lsk74883499,18,2,2,61910,UPDATE,10/05/2014 10:45,21/08/2012 05:44
sp21114983419278,atc02850970,14,1,1,3146,CREATE,19/09/2014 03:07,30/01/2013 04:40
oo86429713835103,aae50664553,1,1,3,9595,CREATE,05/06/2011 09:05,08/06/2014 09:48
zi75776976578713,dsf10635854,3,2,2,3497,CREATE,31/03/2011 08:29,30/11/2012 01:41
yv47282714127919,gag35017534,8,2,1,2059,UPDATE,23/08/2014 04:39,25/05/2016 07:32
pr82897572317660,xhj92382186,13,2,3,7919,UPDATE,08/03/2015 07:43,08/11/2014 07:28
gs59328596416602,vaz37606272,7,2,3,987,UPDATE,10/07/2010 11:24,16/02/2012 04:40
lz89344940522515,pdo35012986,20,1,3,98982,CREATE,15/12/2014 03:18,09/04/2012 07:58
pr07944883716349,wux42997454,4,1,1,69931,UPDATE,30/05/2014 12:45,28/02/2014 10:29
zp68334786247689,wux42997454,19,2,3,65603,CREATE,04/10/2012 05:26,05/07/2015 09:00
bk20596582862581,wux42997454,8,3,2,15185,UPDATE,27/06/2013 06:04,20/11/2013 06:53
ar63684427263968,dkb38306807,14,1,3,4987,UPDATE,24/06/2013 01:00,20/10/2012 04:44
uf64739985892290,prj07430669,7,1,3,4816,CREATE,05/06/2013 01:56,11/08/2015 07:15
gv43760811280646,ywc24086455,15,1,3,54513,UPDATE,08/08/2012 04:59,10/07/2015 01:20
gq07743294905392,zob94186747,18,1,2,652,CREATE,24/02/2014 10:53,03/01/2017 02:44
og00132437643340,ppx92111236,15,1,1,7198,UPDATE,09/10/2013 07:56,18/08/2013 12:59
qh27581673273862,hlp37500314,9,2,3,9886,UPDATE,18/06/2013 09:08,29/12/2013 12:51
pf72097848996159,ovw26016567,12,1,1,7381,UPDATE,11/12/2013 09:11,22/05/2016 02:47
ew00981416208357,rpb49019021,18,3,3,66418,CREATE,08/08/2013 09:29,29/12/2012 09:22
mb74762562883190,vds67989279,6,2,1,94677,CREATE,22/05/2013 09:09,20/03/2017 07:07
bl99114290662700,ggm17896641,1,2,2,23652,CREATE,25/07/2014 04:42,28/08/2012 08:25
lj75494947539838,fqo28545952,11,1,1,69171,UPDATE,21/07/2010 04:01,11/03/2014 01:50
fk07516971379974,afx05571844,18,1,1,52224,CREATE,10/07/2012 04:52,17/12/2014 12:51
wa16481086023436,tay60094013,6,2,1,2401,CREATE,19/05/2012 02:23,03/03/2014 02:16
dy03160846401381,wtj60256681,18,2,1,5205,UPDATE,28/09/2010 09:24,14/05/2015 02:19
qp45407119200953,ohx98570057,9,1,3,52829,UPDATE,22/09/2014 08:10,15/03/2014 12:16
bl58198327830701,gjl87810906,5,1,2,1655,UPDATE,13/08/2012 02:29,18/12/2016 07:02
ye86920363968825,kaf88649438,8,1,3,4738,CREATE,06/01/2012 04:13,14/12/2015 10:00
ue14219735188101,rnn83800193,21,1,3,943,UPDATE,30/04/2015 02:06,29/01/2014 12:47
cq08848731639035,wge99599965,20,2,2,5000,CREATE,05/08/2011 07:54,03/08/2012 06:55
wu16789661794035,nbe93767617,19,2,3,1045,CREATE,13/10/2010 03:27,20/11/2012 03:51
pu97454406902441,rrp66225981,18,1,1,17951,UPDATE,03/12/2011 06:51,29/03/2015 09:53
ix34933992937169,sgt27434545,7,3,1,69923,CREATE,09/01/2014 04:37,14/08/2014 09:58
yq90941218969082,gou07904524,1,3,2,9377,UPDATE,14/01/2013 11:28,28/02/2017 04:11
ru66394835920843,cwe12113620,17,1,1,4236,CREATE,02/08/2010 08:36,19/04/2013 04:06
hn26017846117626,ums34938555,8,2,3,3502,CREATE,20/02/2014 08:56,11/04/2015 12:58
vi82083073710551,vcs49175862,12,1,3,2742,UPDATE,18/10/2011 05:00,24/03/2017 03:31
et84159382494661,mea80250337,18,1,1,8253,UPDATE,13/02/2012 07:43,08/05/2013 03:52
le43543392752468,srw05915267,13,2,2,73576,CREATE,25/03/2013 01:42,16/08/2012 04:03
cl11773030249920,nte18629145,6,3,1,84783,CREATE,18/01/2010 05:07,29/03/2017 02:59
hz96112583597307,lwn47404946,5,1,2,6896,UPDATE,07/04/2010 09:44,23/04/2016 06:01
za28284386299180,sqm14432483,18,3,2,56732,UPDATE,16/02/2015 11:27,31/01/2015 06:07
vj31873347680427,swo58819974,9,3,1,31211,CREATE,04/11/2014 10:11,19/01/2014 05:45
ja66333720914674,xpt86498737,6,1,1,35664,CREATE,17/02/2015 02:47,04/12/2016 01:02
ou23639505202653,sbr21167337,17,1,3,37055,UPDATE,18/06/2013 01:06,31/08/2013 03:08
ns13807165557692,ojd19477684,11,3,1,1280,UPDATE,24/10/2012 03:24,09/09/2015 05:44
iv19948260079908,aoy65133082,1,2,3,87975,CREATE,04/10/2010 07:08,15/05/2017 04:25
vk82048914897644,fjw46290553,14,2,3,8685,CREATE,21/09/2012 02:19,30/12/2014 09:15
cn11478218856076,qml43888883,16,2,1,6534,CREATE,06/09/2010 06:16,26/11/2015 09:21
pd97733102374478,gum02663797,1,3,2,6348,CREATE,03/10/2013 11:31,12/07/2015 10:59
gy79071219157144,qbr26116071,8,3,2,180,UPDATE,13/01/2012 10:57,27/08/2012 12:30
th06169861592647,qbr26116071,4,2,1,65501,CREATE,11/05/2015 03:34,18/01/2014 06:36
sx31348192791488,qbr26116071,12,1,3,8823,CREATE,30/09/2010 05:22,01/07/2012 04:08
ap63171610873995,vxf94331021,1,1,3,86848,UPDATE,15/11/2011 12:58,16/05/2012 12:48
hi74201395162360,meh55848073,18,1,3,56791,UPDATE,21/03/2011 08:10,24/06/2012 11:37
cl22067059990288,vex26536615,3,3,1,51848,UPDATE,28/02/2010 01:34,01/01/2016 12:03
sx96178220275843,fii07798682,17,1,3,44131,UPDATE,30/03/2011 09:29,19/10/2014 12:37
yp11535238926539,bpa29408878,10,2,1,61513,CREATE,08/08/2014 09:09,18/01/2017 07:37
cq10490331351758,uyu02437085,10,2,3,613,UPDATE,30/01/2012 03:29,25/10/2015 04:21
hi19926116569874,beo54363487,21,1,1,66316,UPDATE,06/01/2013 06:40,21/05/2014 05:42
pl61688392160866,htv05895053,10,3,3,5292,CREATE,27/06/2012 09:50,06/02/2015 10:24
yg61229277072388,pgv03625063,3,3,1,71680,CREATE,12/10/2014 03:52,02/02/2013 10:35
jp09058067142994,lob89909666,4,1,1,6631,CREATE,16/12/2011 06:39,01/06/2014 03:37
qx11626317324002,wpz09051155,2,3,1,2476,CREATE,14/03/2015 05:12,14/04/2014 09:09
zr19623903281759,dhm53884863,11,3,3,42800,UPDATE,03/02/2010 10:49,17/04/2013 12:11
ua00455705591424,gwi22613419,3,2,1,2334,CREATE,05/05/2011 03:25,18/06/2013 07:19
ji31208724614534,beu67275812,16,3,2,5671,UPDATE,04/01/2012 10:02,21/09/2014 05:03
wh86016979752531,ltr89819359,4,3,1,1979,UPDATE,11/05/2011 08:07,22/01/2016 06:06
go76900082926431,ulv06569148,5,3,1,99066,CREATE,16/02/2012 02:31,16/01/2014 06:35
uu67883066124114,ays40612950,8,3,2,59429,CREATE,01/12/2010 11:39,04/03/2014 12:38
uh62703094522525,yss26358556,18,1,3,35229,CREATE,22/10/2010 07:07,17/05/2014 12:44
vd95137729756475,sza94788291,9,2,1,3972,CREATE,14/08/2011 12:33,04/12/2016 10:24
kr24612088088920,kih00598757,5,3,2,27717,UPDATE,10/09/2011 09:39,24/11/2013 06:42
sc20432994643347,ypv68556920,15,2,1,2248,UPDATE,10/10/2011 06:40,12/09/2016 10:22
xw74992036082074,puw07971817,9,2,1,911,CREATE,23/03/2011 11:09,30/08/2013 12:22
rn37805885543718,whx53585649,8,2,1,27787,CREATE,29/05/2014 01:46,14/02/2016 03:44
mn43402120122471,wab43548273,16,1,1,48174,CREATE,05/11/2010 11:19,27/08/2015 08:25
ff71056155605685,wab43548273,8,2,3,5779,UPDATE,16/12/2012 06:28,02/03/2016 06:21
zf57680960282672,fih22358895,20,2,1,21888,CREATE,18/05/2010 10:21,30/03/2012 12:50
ln51491968845513,apd25131186,2,2,3,9189,CREATE,06/04/2012 07:56,15/09/2014 07:38
so93518374284533,bet79452455,17,1,1,30200,UPDATE,15/09/2012 08:44,07/04/2016 03:07
mu94969719800520,jyy94788202,16,1,1,2223,UPDATE,22/03/2011 04:37,19/02/2017 07:59
cl95684879441586,als73479785,6,2,3,6858,CREATE,12/04/2015 09:44,03/03/2017 10:52
ww17474189685656,elx12577029,13,3,2,91814,CREATE,19/08/2014 11:34,17/04/2017 11:45
xr62464991122063,ofb97813919,15,2,1,86903,UPDATE,08/06/2010 12:20,27/06/2014 05:37
nf48748874714869,ewb32040771,3,3,2,48656,CREATE,08/02/2015 08:02,20/11/2016 03:22
sh66489583620747,ldj62193325,19,3,1,3426,CREATE,26/10/2010 01:30,30/01/2014 09:46
ue31698935985127,iry38471501,5,1,3,84139,UPDATE,19/07/2012 04:22,12/08/2015 12:53
ng77096590514603,dvb87212675,2,1,3,82469,UPDATE,29/08/2014 10:44,15/04/2014 11:17
mm97958344248154,gnx68702766,12,1,2,49883,UPDATE,20/11/2012 07:41,20/06/2013 05:07
tk98190886733979,joc14663980,8,2,2,6454,CREATE,03/05/2010 09:47,26/09/2014 04:21
hr97068748427957,aor15195571,3,1,1,5129,UPDATE,04/09/2012 07:34,07/03/2013 01:53
hw17121314229063,cpd96323441,20,3,1,26187,UPDATE,15/01/2015 04:42,19/07/2013 07:09
mz50574807895322,fxx68621214,21,1,2,12787,CREATE,02/04/2010 08:24,13/03/2012 06:15
tr58429234228208,itk75080694,17,1,3,2076,UPDATE,04/09/2013 10:46,19/11/2013 04:03
xj02705178019867,bpk86250645,6,3,1,26068,UPDATE,05/06/2011 03:46,20/09/2016 11:53
gu03747797640976,vfe76300764,13,3,3,50439,CREATE,19/10/2014 10:16,13/03/2016 05:03
bt72961242424192,dvi52456188,1,3,2,30644,UPDATE,26/05/2014 10:29,10/12/2013 05:31
xx45569811691816,lre77121849,9,3,1,6149,UPDATE,13/10/2012 08:22,17/01/2016 04:46
zm79059195172109,ayz74876547,6,1,1,98848,UPDATE,27/06/2010 12:33,27/11/2012 07:15
ih10483924557076,hce75624043,18,1,3,9907,UPDATE,28/07/2010 04:54,21/12/2015 10:47
io77497029686288,yhw66266546,20,2,3,5399,CREATE,27/12/2013 06:32,12/08/2015 11:42
xw27806309232227,pic99657082,7,3,2,96186,UPDATE,25/07/2010 06:15,07/03/2017 11:22
im23640011488303,pks16738346,8,1,1,8647,CREATE,02/12/2013 10:28,19/03/2014 12:31
ob37569578594521,itx96831992,17,1,3,12925,UPDATE,28/01/2013 02:49,03/09/2016 03:44
vl39601146479627,juq48572302,18,2,3,91579,UPDATE,02/11/2010 09:24,08/08/2016 11:18
en37857356450957,xpj78903149,11,3,1,9842,UPDATE,16/07/2010 09:41,09/03/2016 06:56
uj67940498536838,leb42947364,2,3,3,77426,UPDATE,23/02/2014 11:02,27/07/2012 05:58
yy30497249873308,vgs67716601,21,1,2,67000,UPDATE,18/02/2012 08:09,08/02/2012 01:07
hn05883007586486,pzp96115386,18,2,2,78514,CREATE,18/06/2011 01:30,08/03/2013 03:24
mm81899223247109,whh22824212,3,3,3,27864,CREATE,28/05/2011 07:26,29/03/2015 12:44
wb07311423078868,jix78841091,20,1,2,34829,UPDATE,13/05/2011 05:52,26/08/2015 05:09
bv99981970495978,hkp13484425,13,3,3,6290,UPDATE,15/08/2014 04:01,04/12/2013 11:43
tc04926854210498,voy23442019,16,1,1,6834,CREATE,12/03/2014 04:22,04/08/2013 05:54
ne90080113982061,ten30764360,18,3,1,29644,CREATE,06/01/2011 10:21,04/09/2012 11:02
sw41698373508327,omk65558050,11,3,2,7478,UPDATE,10/03/2013 04:23,25/12/2013 10:19
oi85037056258399,yhx71605322,11,1,3,8473,CREATE,10/07/2010 07:42,16/06/2012 01:27
kt83657371844340,vwx43499471,4,2,2,3611,UPDATE,06/02/2014 09:41,20/01/2016 10:25
en02501247068966,rzi89955579,19,3,2,8617,UPDATE,12/12/2011 11:52,28/10/2013 02:03
qk39916063573796,bai48622834,13,3,2,4223,CREATE,17/09/2014 04:58,12/02/2014 11:27
tg32567240757390,xjj71001607,19,2,1,4401,CREATE,18/11/2013 03:57,30/03/2017 04:09
on95538389666330,ibm92928424,20,1,1,81433,UPDATE,06/04/2011 09:49,18/01/2013 04:22
yj52830024166036,vgn70398656,1,2,3,47733,UPDATE,03/10/2014 04:51,09/04/2016 02:35
eo85789438902672,mth32904023,5,1,1,5771,CREATE,01/05/2012 03:54,10/05/2013 04:06
uy94607558276564,zqn38413959,3,2,2,6375,UPDATE,10/04/2012 01:50,31/12/2013 01:53
fc31155704622103,mft51697096,11,3,1,3630,CREATE,26/07/2012 06:02,20/05/2012 01:15
fc99235436838318,obc40151650,16,2,2,64560,CREATE,20/06/2013 10:40,13/11/2014 01:39
tu19676667292732,san73177396,20,3,2,6854,UPDATE,17/03/2011 07:12,02/03/2017 05:20
uy11358383380063,fzj73415966,21,3,1,4800,CREATE,12/08/2014 02:39,09/04/2012 06:56
ve74218935059531,skq38532359,16,1,1,32948,CREATE,21/11/2013 07:59,27/04/2012 01:58
kd76302600930275,div43796786,16,1,1,9620,CREATE,20/11/2011 10:33,07/06/2015 05:33
fs98496372172257,xez35071778,1,1,1,453,UPDATE,07/04/2013 04:45,07/07/2012 12:56
cg00973849752725,vvz32847593,2,3,3,22143,CREATE,11/10/2012 05:51,12/03/2016 02:22
tg54390672512466,cyq57445190,12,3,3,6426,CREATE,19/09/2012 11:32,14/10/2013 06:09
fl73664499415452,crq35499341,16,3,3,4790,CREATE,12/06/2012 02:56,16/12/2016 09:17
jc56871285247175,ahn37531029,8,1,1,4933,CREATE,30/09/2011 10:08,04/03/2012 11:28
xp47099361525129,bzz40877858,7,3,2,51869,UPDATE,30/11/2010 04:12,27/05/2015 11:13
qt68817025389349,uuw93372577,12,3,3,28362,UPDATE,06/03/2015 03:46,28/06/2012 03:35
os90837494906139,ysi74119270,6,3,1,9620,CREATE,08/11/2014 02:31,07/07/2014 08:42
ia13306147082452,dls37639419,1,1,3,46736,UPDATE,10/04/2013 06:00,21/10/2012 12:24
eb53205442511767,dls37639419,19,2,1,72102,UPDATE,12/11/2014 11:59,14/06/2013 06:25
uw47189388782712,ekf61104836,4,3,2,75353,UPDATE,28/11/2011 02:20,24/09/2015 06:35
bs70622220970285,yjj22532628,9,1,1,86125,UPDATE,01/10/2012 05:10,01/04/2013 03:14
yg43567694443374,uom80361155,21,2,3,89577,UPDATE,28/04/2011 10:06,07/05/2016 05:13
qh69250568280478,syv10813668,16,2,3,2068,CREATE,20/09/2013 10:14,31/03/2012 10:31
kc76907406780349,emh41064729,3,3,3,8364,UPDATE,29/03/2014 02:53,20/06/2014 09:33
jk85244993366040,sda05760586,1,3,1,22601,UPDATE,10/06/2010 02:26,24/12/2016 09:54
mu10329188324475,bvc58219922,16,1,3,9740,CREATE,16/11/2010 03:56,05/02/2012 07:09
oq97449907702204,flm43383103,19,3,3,52176,UPDATE,24/04/2015 03:50,05/10/2012 09:46
ma87356272619084,gto31978027,18,1,1,96753,CREATE,22/06/2012 12:09,09/03/2012 07:31
mo61208699790694,jdn88976330,6,2,1,37967,UPDATE,11/04/2015 12:37,17/06/2016 06:24
yh38675489003225,dvw69742510,21,1,3,8538,UPDATE,08/08/2011 02:25,02/12/2015 03:26
op25649839202080,ypu62981099,5,3,1,7345,UPDATE,12/10/2012 12:15,24/02/2016 04:04
th37382683427707,cta08536927,2,1,2,16451,CREATE,18/06/2010 09:32,19/05/2013 03:21
sc38909288043512,doq42760369,4,3,2,2615,CREATE,18/12/2011 10:37,17/05/2012 08:00
nx75299882490717,rfp42880049,3,2,2,30398,CREATE,20/04/2010 02:18,28/01/2016 07:45
zy37868943321834,rtn80741407,14,2,2,88178,UPDATE,17/08/2013 01:02,13/04/2016 12:45
oe85831173437919,ueq99333675,20,3,1,1610,UPDATE,07/02/2014 03:35,28/05/2015 04:48
lu33924837621652,kvf76272059,9,1,2,61764,UPDATE,23/06/2012 02:47,25/03/2017 10:26
mr35661886213742,xit67146130,12,1,3,38765,CREATE,03/01/2013 04:10,23/02/2017 05:00
fd07676936539794,occ77410190,16,3,2,6758,UPDATE,13/04/2014 07:34,16/09/2015 04:23
ot21003691133304,asv39809217,13,1,2,26606,UPDATE,12/04/2010 12:15,26/12/2016 07:17
zw73103243251116,bxy12591104,19,2,1,94348,UPDATE,08/07/2013 09:28,02/11/2013 01:46
mz70355159101765,lpi83324806,6,2,3,31694,CREATE,04/11/2012 07:52,24/08/2014 04:17
pi15083839809069,gzw67198699,5,1,3,47421,CREATE,03/09/2011 03:42,30/04/2016 06:09
ck13942379878775,noz12366893,3,3,2,20166,CREATE,15/01/2013 09:12,25/11/2016 03:40
tg62575459208686,oyj43541800,15,2,3,6159,CREATE,03/06/2011 02:18,04/09/2016 07:42
jm49616847030841,enk40446325,11,2,1,369,CREATE,19/05/2013 04:41,12/11/2013 01:13
ef14727011895463,wxy99061267,7,2,2,6445,UPDATE,16/07/2011 06:21,09/02/2017 05:41
vw79170470175611,ffc34047616,7,3,2,18034,UPDATE,20/04/2014 08:42,25/10/2013 06:12
im27643697201215,jmj38559341,18,3,2,6053,CREATE,11/09/2010 01:40,19/05/2016 05:37
mt50956804703243,yzv37174484,2,3,1,5398,CREATE,02/09/2010 05:26,28/12/2016 08:04
cu41362927136129,vcp09678730,2,1,1,6320,CREATE,15/01/2012 10:17,30/04/2014 02:08
zc96001841820072,lcs83594803,16,1,2,16948,UPDATE,13/08/2011 08:00,13/04/2012 03:40
ai47862490790972,shu76111274,18,3,1,88156,UPDATE,25/09/2010 09:53,28/10/2013 03:15
ti99726170239916,cmf60514397,2,2,1,8689,UPDATE,09/10/2014 12:17,28/09/2014 10:31
ix26773555386290,qdn09390989,4,3,2,63547,CREATE,11/07/2010 03:48,27/07/2013 07:59
yl61488675095456,lla40079941,20,1,3,92731,UPDATE,21/11/2010 02:51,14/12/2015 10:18
kk57321749461891,itc83146470,19,2,3,5677,UPDATE,13/07/2011 08:26,21/10/2014 03:53
wb55542347120229,qwz50230230,20,1,2,30326,CREATE,30/10/2010 06:53,05/01/2013 06:16
qn04865926900860,skg20468526,7,3,3,69632,CREATE,18/07/2010 11:42,16/12/2012 07:23
fk55452246715380,ikp37090616,10,2,3,95093,UPDATE,11/04/2012 03:07,04/04/2017 04:43
xh16915166927360,drq88823293,5,1,3,70871,UPDATE,03/03/2010 05:10,02/09/2014 02:45
hw05515122252022,die42027163,10,1,3,32053,CREATE,25/07/2012 12:19,12/12/2013 06:52
qu58593573825617,rlz01677399,13,1,2,568,CREATE,19/03/2012 06:22,28/07/2016 05:20
lg86975355332678,eti52323976,17,3,2,46515,CREATE,15/05/2014 11:19,24/04/2017 04:29
jb52300605616789,rjg55615422,13,1,1,43414,CREATE,06/02/2010 05:11,28/09/2016 12:52
bv15114474443126,add05390484,19,1,3,52269,CREATE,01/10/2013 08:03,30/07/2012 09:16
pz71992871887837,fmh85712086,20,1,3,9111,CREATE,19/08/2013 07:45,14/04/2014 12:02
mc95894866204161,vtd57397169,10,1,1,29567,UPDATE,12/03/2014 09:58,20/12/2014 04:45
lz24082353668147,cdg79038491,9,3,3,15750,CREATE,22/06/2013 09:56,12/05/2015 12:39
ih97654515001051,trp97367588,3,3,1,7033,UPDATE,26/01/2012 08:19,09/11/2015 06:48
uf75294430942982,swy44412379,17,1,2,6413,UPDATE,17/07/2011 02:01,21/06/2013 08:12
ga15869402448427,czo26418515,12,1,1,60066,CREATE,26/01/2010 10:55,12/11/2013 11:01
kd27226006711268,ltn35164350,18,2,1,23576,CREATE,18/06/2014 12:29,06/12/2014 04:29
vv72897326123871,iux79385948,16,2,1,8401,UPDATE,29/05/2014 05:36,17/07/2015 08:12
td37377774325670,exm48534388,13,3,1,27656,CREATE,18/02/2010 03:57,03/09/2016 09:15
qh77095679380321,sbs17441802,9,1,2,5176,CREATE,15/05/2012 11:24,04/12/2016 08:32
qk92914849775188,ayi44137386,21,3,1,6532,CREATE,20/05/2014 02:20,06/08/2014 03:49
cx66505094016245,wfz67662938,11,1,3,9675,UPDATE,19/03/2012 08:59,07/10/2013 03:54
pn63639667695304,eyr19242039,6,2,3,9754,UPDATE,26/01/2014 10:29,26/02/2017 07:01
yd16315745278287,ccw93773515,1,2,3,4472,UPDATE,09/03/2012 04:45,21/04/2014 06:35
hc39089202399882,nrx15186380,15,2,3,9702,UPDATE,10/08/2011 11:15,25/09/2012 11:10
jc00509703909123,wzl61728444,17,1,3,21684,CREATE,20/10/2014 10:46,10/12/2012 01:40
ic13354099165863,dsv26907965,20,3,1,7168,UPDATE,01/06/2010 04:48,03/06/2012 05:29
gn66783797807798,mkf28040025,13,3,1,321,UPDATE,24/09/2014 01:21,02/06/2016 10:55
bk37681453357313,kyh49374616,11,1,3,73918,UPDATE,31/05/2014 07:25,16/12/2016 06:10
ak09023598734094,kng26016911,7,3,2,1264,UPDATE,27/10/2010 10:24,05/12/2015 04:13
wz07121801640057,aqm87612447,11,1,3,97615,CREATE,30/09/2012 09:42,23/05/2013 05:39
wk03516674077580,cnt65029217,20,1,3,94046,UPDATE,21/08/2014 10:23,15/08/2016 05:12
qq78620384999177,nte86437895,5,1,1,85645,CREATE,13/05/2010 08:34,24/03/2012 07:19
di29751254857403,gxy42054169,3,2,2,93032,UPDATE,04/08/2011 11:29,30/04/2014 02:08
ey76157252565785,ozu57096896,2,3,3,18337,UPDATE,17/05/2013 02:23,03/06/2013 07:58
yc34312111521967,bgi46134159,3,2,3,61026,CREATE,21/02/2010 06:04,28/05/2012 11:57
zv77120271094286,kys54147845,10,1,3,5952,CREATE,10/05/2013 11:06,24/12/2012 09:23
vn46653950968555,hzl70814737,3,3,1,1472,UPDATE,31/07/2012 01:24,01/06/2015 08:15
cx57209292013354,ywv63866038,2,1,3,8191,UPDATE,02/02/2015 12:00,15/04/2016 03:24
or51961594174357,jpz61073189,2,1,1,6970,CREATE,24/10/2010 10:01,04/10/2015 12:06
ac19717679934629,gir38640428,19,3,2,3486,CREATE,25/12/2010 05:02,23/04/2015 12:37
yn38828965203649,msi40857929,20,1,3,8367,CREATE,19/06/2010 06:33,31/05/2014 11:32
ou61942564486233,ugj60705020,16,2,1,96869,CREATE,13/06/2012 12:26,17/10/2016 12:14
zb71715748766576,yky77169243,19,2,3,18921,CREATE,08/03/2011 04:18,19/08/2012 08:45
yi30480650913330,qqe38220245,10,2,3,8059,CREATE,03/07/2012 06:18,26/06/2015 10:45
in86545678205775,yyr74482769,2,1,2,73939,UPDATE,03/11/2014 12:02,04/10/2012 11:36
pp30436996206295,khw95877488,17,3,3,4288,CREATE,08/08/2014 10:17,30/03/2013 07:36
ej99206943352702,kew77826577,14,1,3,1457,CREATE,26/09/2013 01:54,12/02/2015 03:08
nu07733079353596,pdf63430403,14,3,1,14013,UPDATE,05/11/2014 08:00,30/09/2014 01:03
ki35156201963901,kqi77564749,1,1,2,3774,UPDATE,13/06/2011 12:49,08/04/2013 03:58
tt35870767766585,ylw03434023,17,1,3,70716,UPDATE,04/09/2014 08:18,20/01/2012 06:33
ob64896612940672,fgz61381693,5,1,3,5296,CREATE,13/12/2012 07:37,06/05/2012 11:11
zg24621160581867,fgz61381693,1,3,1,53993,CREATE,01/04/2013 11:52,12/06/2016 07:36
bq87556218296896,fgz61381693,13,2,3,4444,UPDATE,13/01/2012 12:36,24/06/2012 11:01
th91426972374943,emc92360509,19,3,3,26560,UPDATE,14/06/2012 07:08,29/01/2013 11:20
zl64847830826554,eot79363420,5,3,1,43598,CREATE,11/02/2013 08:11,08/07/2015 03:41
li08613135070519,icq87836344,15,2,1,91559,UPDATE,07/10/2014 05:49,28/11/2013 07:14
hg06578463675294,aah60036163,12,2,1,6399,UPDATE,17/11/2011 03:41,02/11/2012 08:17
kg05534614012254,ddd06824714,19,2,3,51112,UPDATE,02/04/2013 06:30,28/11/2013 02:14
bj66951359360045,ofm78283217,4,2,2,31269,CREATE,06/05/2012 06:28,25/09/2016 01:03
ny58327076689965,yhy54563828,17,3,1,60852,CREATE,22/12/2010 03:35,14/01/2015 05:25
bb41068822235837,tmd77126864,10,1,3,88326,CREATE,30/03/2013 07:25,22/03/2012 11:01
wc15237055355411,wwi45556372,3,1,1,7877,UPDATE,30/07/2010 05:42,02/10/2014 12:57
st82843800524521,bit31133588,18,2,2,55825,CREATE,09/04/2010 12:00,28/04/2014 11:24
wi79696719781543,cpo35566450,2,3,3,48347,CREATE,12/08/2011 04:02,18/12/2015 12:39
yd42592213245568,tsc33201990,16,3,1,8407,UPDATE,05/02/2012 09:45,30/04/2016 04:55
mc76424537402216,evp55310615,18,1,1,2938,UPDATE,20/06/2014 12:11,20/08/2016 06:31
nx16864044772103,lhr79462614,4,2,2,37900,CREATE,06/03/2011 07:29,07/02/2013 09:20
lc45922722581591,ans85447032,2,3,2,93619,CREATE,14/10/2011 01:39,27/06/2013 11:38
sz20043634780519,qko19820634,10,1,3,9442,CREATE,24/08/2010 07:32,29/06/2012 06:09
rd21399610267912,qhz60477199,16,2,2,2570,UPDATE,10/05/2012 04:43,09/12/2014 12:09
kt99772709888450,qiz54961381,12,1,3,9350,CREATE,09/01/2015 05:54,16/02/2016 09:44
od36089015764064,gli73952965,3,3,1,26522,CREATE,09/04/2014 12:18,17/06/2012 03:33
un79051867465470,ylj72145136,2,3,2,59322,CREATE,29/06/2012 10:23,16/05/2012 07:44
ez90772308279080,cml26006187,1,1,1,1205,CREATE,11/06/2013 10:59,09/11/2013 08:08
sx62444516677072,jwi73243666,3,1,1,1767,CREATE,17/08/2010 07:13,03/10/2016 10:41
mc60606238189328,ulg43015978,19,2,1,11741,UPDATE,15/04/2014 09:21,04/07/2013 02:18
xa83329102322946,jdi91075545,4,2,2,75794,UPDATE,11/08/2011 10:58,21/01/2013 05:19
mk28026303550816,xxf99273980,7,3,1,59582,CREATE,18/04/2013 05:36,15/07/2013 04:40
oo47512984882769,vaa07509142,2,2,2,76178,UPDATE,02/09/2010 07:16,25/08/2012 07:16
sg91650510922752,lbt22998717,4,2,2,85349,CREATE,23/02/2013 06:07,07/09/2012 05:38
wd05071281283177,vhg14864334,12,1,3,13818,UPDATE,08/04/2013 08:03,31/08/2014 07:16
zn95645085123687,bks01784077,12,1,1,7833,CREATE,15/01/2014 06:27,28/08/2014 04:22
jb84228837613815,ned91257816,5,1,2,5651,UPDATE,14/02/2013 12:04,18/06/2016 09:14
bj68119153106223,zvh02889527,16,2,2,29269,CREATE,07/07/2011 01:16,03/12/2012 03:33
qq20893231101372,nxo87746877,4,2,1,9837,CREATE,18/12/2011 01:07,02/11/2015 02:00
pt42085636161705,vio89836309,8,2,3,1141,CREATE,06/05/2010 09:38,22/11/2016 05:35
lc45909777600376,hgw00007692,8,3,3,8215,CREATE,13/02/2015 02:11,12/02/2017 07:02
iw00071221827638,dmo20817163,17,1,3,9923,UPDATE,02/05/2010 03:35,17/03/2015 08:39
ue66808177609045,esf02555009,2,3,2,81409,CREATE,25/05/2012 03:38,19/05/2016 09:26
yp33901262372963,vfk82648552,1,3,1,4503,UPDATE,03/02/2010 06:12,05/06/2014 10:46
bc05481292840604,vck78866395,8,3,3,44314,CREATE,29/03/2015 05:23,26/04/2017 03:47
gt63835949269444,idk73963531,21,2,1,26740,CREATE,01/08/2011 11:11,02/04/2016 12:19
ee75082273472444,gat34505095,15,3,3,5007,CREATE,24/11/2010 04:09,25/04/2016 06:39
gf32692803489526,zrq51110627,12,2,1,6732,UPDATE,14/03/2014 01:29,25/08/2014 08:14
ro13511623826946,tnl64472835,3,1,2,88,UPDATE,20/01/2010 12:08,09/07/2016 07:39
gm41783901150827,suw36245882,11,1,1,77172,UPDATE,01/02/2010 05:42,01/01/2017 07:01
iw83463730147773,esf32009525,7,2,1,1937,UPDATE,17/10/2012 01:26,20/11/2016 04:46
fg00921255029155,hde05395552,19,1,3,27900,UPDATE,29/03/2013 02:27,29/02/2012 07:11
pa48065527670617,ucn94877974,1,3,1,49298,UPDATE,02/03/2012 08:16,29/12/2015 03:24
vh26973775525008,zvl57437321,9,1,3,938,CREATE,07/12/2011 02:13,21/04/2012 10:05
yg94668135353197,bac88619848,4,1,2,34548,CREATE,13/12/2014 11:38,26/01/2013 11:49
gk75834048234542,gwk79241343,6,3,1,84991,UPDATE,14/07/2013 11:12,27/09/2013 12:19
op57068086944149,ker23386059,9,1,1,7350,CREATE,29/05/2014 09:43,13/05/2017 05:12
wj64405277410714,pfa43123818,21,1,1,50701,CREATE,09/02/2010 12:21,30/03/2013 09:17
aq98283658742022,yfr09031142,11,2,2,4754,UPDATE,28/04/2012 04:55,10/08/2013 11:38
ce22804456461556,mxg43996510,19,3,3,7902,UPDATE,07/11/2010 09:02,06/04/2012 09:07
xc88055509974816,yzc24482280,8,1,2,94738,CREATE,26/02/2011 07:50,20/11/2013 11:13
rg06947842542974,qdx50391074,11,1,2,3777,CREATE,06/12/2011 01:36,09/03/2015 01:45
kh36618145395366,ooh20073290,1,2,1,105,CREATE,27/05/2012 05:58,23/07/2012 03:37
sr16383097219923,fqt60188711,1,3,3,66753,UPDATE,03/02/2011 04:42,04/12/2016 03:06
ga59781157512968,ykg41786051,16,2,1,81930,CREATE,17/07/2014 06:20,13/05/2017 10:16
vg27259683930725,ook32599197,20,2,1,94573,UPDATE,21/02/2015 07:30,22/03/2016 02:40
hl06429630943743,zmq45445566,3,1,3,56266,CREATE,01/10/2013 10:10,10/10/2012 05:43
ks46043049462493,gbx52143774,10,3,1,8944,CREATE,16/09/2012 09:44,05/03/2017 10:08
ve58526701684507,tdj50230019,8,3,3,7644,UPDATE,18/08/2012 02:24,30/10/2014 06:20
ev64914654782440,bsy35036549,21,2,2,9978,CREATE,21/05/2011 12:14,27/10/2013 12:59
fr89179499778776,hjw33242865,17,3,3,7811,CREATE,30/06/2012 12:41,03/08/2016 04:22
vb43213916515559,hla78277742,14,2,1,3565,UPDATE,11/04/2010 10:34,08/11/2012 07:49
wd87610214634851,tbv24767013,16,3,1,2992,UPDATE,29/06/2010 04:50,16/01/2014 06:26
em61439743952918,huw57371659,11,3,3,53029,UPDATE,07/03/2014 11:53,27/01/2013 05:38
hi46549456257686,wii96076750,1,2,1,1724,UPDATE,24/04/2010 03:07,22/05/2012 02:41
zd60469857831882,haj79400774,6,1,2,35015,CREATE,07/07/2013 06:21,14/05/2015 05:59
yb27939920181299,vdf34947635,4,3,3,6301,UPDATE,04/01/2014 11:35,07/10/2012 08:26
iq49898525902608,qmg34061353,2,2,1,3602,CREATE,05/04/2011 06:02,22/03/2015 02:22
er84662871931770,qmg34061353,11,3,2,7258,UPDATE,20/04/2014 09:24,17/05/2015 07:51
mq52897783459162,qmg34061353,8,1,1,2801,CREATE,16/11/2013 03:32,21/09/2015 07:12
ie68454294962322,lnw31945056,14,1,2,22365,CREATE,22/01/2012 05:25,19/11/2012 08:58
mx35568424339613,yvy14231647,6,3,2,37911,UPDATE,20/01/2015 10:38,20/08/2012 07:14
mx17460228809602,acu35257719,21,1,2,98003,UPDATE,28/07/2010 11:23,01/04/2013 05:43
zq73747756786353,zdc54826886,6,2,3,86164,CREATE,28/07/2012 02:30,10/11/2012 07:00
pq65808626642497,fqm58092386,3,2,2,56325,UPDATE,14/08/2011 05:33,23/07/2015 02:50
hc43911510859252,trl35290863,1,2,3,2055,CREATE,29/09/2012 07:01,16/12/2013 07:22
tf79574673907839,cjz84170074,18,3,3,7622,UPDATE,06/04/2011 05:57,06/11/2015 02:23
uo92462408292825,way05582174,20,2,3,4931,CREATE,05/04/2015 03:43,02/07/2012 04:22
ti01713128956667,ocu87694748,5,2,1,77371,CREATE,15/12/2014 04:17,02/08/2015 12:05
iy40872292166841,gfe87140804,18,2,2,42970,UPDATE,25/05/2013 07:59,20/12/2014 01:27
je06058756024636,pwl65803280,1,2,2,92768,UPDATE,30/12/2014 01:48,21/05/2012 10:36
me93358336209789,rmy98216917,7,3,2,4239,CREATE,17/06/2011 06:26,05/03/2015 10:52
wy70471614944777,ylq76059222,21,1,3,32217,UPDATE,13/01/2015 03:12,22/09/2016 04:08
ea85201337997055,ldh08665360,6,1,3,95100,UPDATE,05/08/2014 08:37,16/06/2015 12:59
oc06724030030007,zze80582403,21,1,1,9043,UPDATE,13/11/2011 12:23,19/04/2015 11:14
dx76754600252302,lqr79573206,18,2,3,41318,UPDATE,18/11/2011 12:07,17/08/2014 11:24
gx14205630184976,hhb23502475,11,1,2,54875,CREATE,26/03/2014 03:55,27/02/2017 01:51
of61341954124588,seh70923230,2,3,1,80753,CREATE,01/02/2013 02:37,19/08/2012 03:38
uh27375195972616,vwc82656431,13,2,3,3036,CREATE,21/12/2011 02:10,11/09/2016 08:42
hn95572684339709,swk04602155,14,2,3,23240,CREATE,20/02/2012 05:44,07/12/2012 01:25
rx75868200236424,hig07524169,11,2,3,6883,UPDATE,28/05/2012 04:16,06/05/2012 01:58
bq17328674038849,qic87050263,20,1,2,989,CREATE,04/09/2010 05:34,10/05/2015 01:46
mp84656692067324,ywf94898373,2,2,2,3351,CREATE,17/11/2010 12:44,30/05/2014 01:07
uq13263318002168,xqx25272144,20,3,1,7866,UPDATE,25/04/2011 11:19,08/05/2016 12:06
pp40695074559393,wvf37383865,9,1,1,3266,UPDATE,06/12/2012 01:57,22/06/2015 09:12
xe33775394550765,dqu50518923,20,1,1,6517,UPDATE,20/10/2010 09:46,27/04/2012 03:12
yy99090370573283,fnx41526366,16,1,1,61881,UPDATE,20/04/2012 02:46,09/07/2014 12:55
be68738817260949,kdg05692941,1,2,3,10246,UPDATE,27/03/2012 10:51,29/01/2014 06:04
fj61205264702266,nvz48853321,15,2,1,2651,UPDATE,21/04/2013 12:07,23/10/2012 07:30
bk26389026336740,apy26434436,9,1,1,1437,CREATE,02/11/2010 07:28,02/01/2013 09:45
mj51389485832168,fga66991115,15,2,3,8164,CREATE,17/01/2015 03:49,12/03/2016 06:37
sq32507907431864,esv62460044,7,3,1,2475,CREATE,27/06/2013 08:07,02/05/2016 11:19
th09846404210023,qzl35401022,4,2,2,2315,CREATE,02/03/2013 05:44,29/05/2013 08:31
qk53298997126224,dwh03447662,4,3,2,2912,CREATE,10/12/2011 06:53,07/07/2015 02:16
wh12842005291226,wim27090263,15,3,2,31791,CREATE,23/03/2011 01:49,24/11/2014 06:57
oo07727180237036,vul02455895,9,3,1,6857,CREATE,25/03/2014 09:20,31/03/2013 12:53
kq16959421748876,ben08684535,11,2,1,4318,UPDATE,20/01/2013 08:20,03/08/2015 06:12
yz11676231129461,ltx34499466,13,1,3,5037,UPDATE,07/10/2011 07:17,02/07/2015 08:52
za56812877630651,goy43090193,17,1,2,96537,CREATE,13/10/2014 12:04,29/03/2014 03:27
pn94008567059268,ykw68069499,20,2,1,2693,UPDATE,26/04/2014 11:10,11/02/2016 08:23
as01650193710197,itw93936981,11,2,3,4636,UPDATE,29/09/2010 03:27,17/02/2012 07:16
lx43470615856496,waf28348716,9,1,3,4808,UPDATE,22/10/2011 02:55,22/12/2014 04:11
ut12962687812163,end97761695,7,2,2,5121,CREATE,11/01/2012 03:14,11/12/2013 10:30
my11445561937372,ybq62690800,7,3,2,50036,CREATE,03/04/2013 08:16,06/12/2016 03:47
wj71093106694792,bzn66506783,10,2,3,43444,CREATE,17/09/2012 08:19,27/02/2015 08:53
xo16953332373001,fdc00412591,7,3,3,55799,CREATE,14/05/2010 10:13,06/04/2017 09:03
mp32263984571368,dec48586328,17,2,1,59456,UPDATE,20/12/2011 02:52,14/04/2014 06:23
jj84105137072321,uqg58540512,2,1,2,52161,CREATE,16/01/2015 02:09,27/01/2013 04:34
ge60112393973448,ztm60678441,16,3,3,5041,UPDATE,30/10/2014 08:54,13/02/2017 08:44
uq32452783582912,adq38123946,13,3,1,16681,CREATE,25/03/2013 05:18,28/06/2015 04:13
sz27891339874064,tgz80568918,14,3,2,3867,UPDATE,20/11/2010 08:59,29/01/2016 11:19
mo92749281460520,rkm32724799,7,1,3,2228,UPDATE,18/11/2011 05:51,07/02/2014 10:44
ty37990746427448,gtx98970006,21,2,3,43486,UPDATE,19/05/2014 07:11,29/11/2016 03:02
qr25546660710388,zjf99151100,15,1,3,65608,UPDATE,17/02/2015 02:15,12/09/2012 06:38
am36566596918783,cyz67341578,6,2,3,76747,CREATE,24/10/2010 02:40,15/07/2016 06:05
ut74084991611068,sjx01467119,17,1,2,1416,CREATE,29/07/2013 03:29,06/12/2014 02:41
gk22770371870299,khs22137978,6,2,3,62212,UPDATE,18/06/2010 04:19,16/10/2014 05:10
zf85649303663504,mrc04823544,8,2,3,6887,UPDATE,24/04/2014 10:17,25/05/2015 05:54
ta50695870447988,rpy69679919,13,1,1,31467,UPDATE,08/02/2012 05:23,02/10/2012 11:37
fk78575061585928,yhg03107449,2,1,1,2878,UPDATE,15/02/2015 02:12,19/05/2014 01:05
xs52332819420755,qpi79583752,4,2,1,9083,UPDATE,27/05/2012 06:23,21/07/2016 11:24
wr16710963956156,flc93335759,15,2,2,879,CREATE,02/03/2014 08:42,09/05/2016 07:26
xo58253368771853,nid62179985,11,2,2,89109,CREATE,20/11/2014 08:34,22/09/2014 12:59
zb35046994726214,hxb54351129,10,1,2,15704,UPDATE,07/04/2014 11:01,28/04/2013 02:37
rt44785543790755,vkc59616400,6,1,1,9302,CREATE,29/12/2013 11:38,07/04/2014 07:16
it73577002766749,dkc73941898,11,1,2,53921,UPDATE,16/06/2011 09:06,12/08/2012 01:17
dg04095117727716,qtc45727121,17,3,1,98038,UPDATE,29/12/2010 06:29,03/03/2012 06:55
mj30853094220555,sjw65399264,14,3,3,3401,CREATE,05/07/2010 01:08,07/03/2016 06:30
oy94096428417064,vfe13976964,10,3,3,1097,UPDATE,12/07/2014 04:46,11/04/2012 06:41
ha57607980429294,kew43744793,6,1,2,76105,CREATE,10/08/2012 12:47,16/11/2016 02:55
lj13073870217781,exa41360191,12,3,3,8936,UPDATE,18/01/2015 06:09,31/01/2017 08:58
jg86102569660788,khv25644855,13,1,2,5768,CREATE,27/06/2014 05:39,22/11/2012 05:26
cd26884899625466,vtp90969912,18,3,2,65828,UPDATE,04/09/2011 03:06,01/06/2016 04:18
pu35660916177325,qvp10264611,5,2,1,5190,UPDATE,26/06/2010 03:00,02/11/2012 04:38
px58626987648833,bfp65027448,12,1,3,3376,CREATE,07/04/2014 11:12,22/02/2017 12:39
dc89294353862536,bfp65027448,1,2,1,8160,UPDATE,09/06/2014 04:27,05/09/2016 01:46
qn85678301593207,bfp65027448,16,3,1,2761,UPDATE,09/04/2015 10:15,21/04/2016 03:05
vr36820774701152,waz44177510,3,1,2,95446,CREATE,09/10/2012 03:00,10/09/2016 06:00
wa56345377057221,dqq56710091,10,1,3,7381,UPDATE,28/01/2010 05:37,22/05/2012 04:16
kr52471236381700,zsu43722142,13,2,1,18978,UPDATE,01/10/2014 09:09,29/06/2015 01:18
zs45036348407834,ubc01525739,17,3,2,83364,UPDATE,04/11/2011 06:57,20/03/2015 10:35
sh84008978958710,zra39466596,6,1,3,541,CREATE,05/10/2010 03:17,27/02/2014 09:27
ih14628123156460,hbi18923481,18,1,1,6798,CREATE,07/06/2011 06:17,15/10/2016 02:06
ol13597933615504,qtv58306318,4,2,1,22943,CREATE,25/02/2015 01:00,28/01/2016 08:16
ty20085568339697,scc38739809,4,3,1,3067,CREATE,06/08/2011 04:58,22/12/2016 05:20
nx34194685170352,tqs90803346,13,3,1,68741,UPDATE,21/11/2011 11:30,08/06/2012 02:51
ps88490598069851,vig86265329,19,2,2,66571,CREATE,19/12/2010 07:21,27/07/2016 06:33
sb21640302964474,qhx41377700,4,1,2,987,CREATE,04/11/2011 01:02,11/11/2016 12:23
as42988098351660,sqe82198238,14,3,2,1706,UPDATE,07/12/2011 10:19,07/10/2016 12:20
dw60357881004775,waq49578405,16,3,2,703,UPDATE,08/09/2012 12:34,25/08/2016 05:09
hu96288589861082,kjm39764006,1,3,1,56671,UPDATE,23/05/2012 10:14,11/05/2016 09:28
vo48800556783483,ucs82322889,18,3,2,7874,CREATE,09/01/2013 12:29,01/09/2013 04:16
mp91857964987007,afe91367839,4,1,2,25118,UPDATE,23/03/2015 01:59,25/01/2012 08:25
wj58727859299012,zuu65276086,1,1,3,16273,UPDATE,01/04/2010 02:13,30/07/2015 06:14
nq85470022193853,zkq09771196,10,1,2,5739,CREATE,31/01/2014 10:53,04/12/2016 05:03
dt06614363277893,vzo02607137,15,3,3,1571,UPDATE,15/06/2012 05:12,26/12/2015 11:02
av94352765250227,vek63119911,20,3,3,3229,CREATE,29/11/2010 10:29,16/04/2012 08:16
sj82404909647133,fir04254401,18,2,2,7413,UPDATE,29/06/2012 01:14,09/03/2013 08:22
rg25975127468166,jas89773178,1,2,1,26117,CREATE,28/04/2011 11:38,26/11/2014 11:43
wu51576222144584,kge26443382,19,1,2,9317,CREATE,08/02/2010 05:50,10/01/2016 07:39
kb28215598474306,att06036455,8,3,3,4594,UPDATE,17/02/2013 02:50,16/04/2015 06:11
kr25958439096529,fzb40814819,20,1,1,33947,CREATE,02/08/2013 05:05,12/10/2014 11:02
mt97681388174470,trb18605087,12,1,2,4759,UPDATE,08/01/2013 04:20,24/02/2017 10:47
yx11612074590947,esn61658831,19,3,3,3140,CREATE,10/07/2013 03:03,02/11/2013 09:16
yg93455020749692,ovi93767500,18,2,3,6383,UPDATE,07/02/2013 05:11,10/02/2012 03:26
uq93354583496827,hwn94130631,19,1,2,1148,CREATE,16/11/2012 10:47,19/02/2013 12:01
cu73193014929204,xlk87687585,21,3,3,7307,CREATE,02/07/2011 02:19,20/05/2015 11:43
rh71574896758114,prl04250590,7,2,1,26426,CREATE,26/04/2014 07:49,26/07/2012 06:12
ey44054610909613,kti46856142,21,1,1,19455,UPDATE,19/08/2011 08:19,01/03/2012 04:17
re69417268033155,zdc31441044,1,1,3,8503,UPDATE,28/04/2015 03:51,14/10/2014 09:09
en35720787271594,mpp07896287,9,1,3,94455,UPDATE,31/01/2013 07:54,18/07/2016 08:16
qz94282586705402,mpp07896287,12,3,1,28826,CREATE,24/09/2013 12:11,04/09/2015 02:40
dp73015493980918,mpp07896287,10,2,2,29072,CREATE,17/03/2015 08:29,23/11/2014 12:21
xk74567925600381,jqe99558001,11,2,1,6414,CREATE,13/12/2013 08:20,08/06/2014 10:00
cp97194350856062,czc55568273,15,3,2,7678,UPDATE,02/05/2012 08:23,31/03/2013 05:05
nb81501659147682,czg54166503,13,3,2,64788,CREATE,23/02/2015 02:25,27/04/2015 03:39
sp42471775749180,tdo44966076,4,2,3,8538,CREATE,08/11/2010 06:34,03/11/2015 10:37
lq03030917746878,gfq37920222,9,2,2,1740,UPDATE,07/04/2014 06:02,29/07/2012 03:37
op09260955428077,bbe62088660,3,1,3,2711,CREATE,08/10/2014 12:25,08/06/2015 01:34
gc34793738038818,gvu41455978,14,1,2,5617,CREATE,01/09/2010 11:06,07/04/2013 01:02
ed86936517040820,ayl08662316,10,1,1,7167,CREATE,06/07/2010 03:18,13/12/2015 02:37
pu59804558072967,iuu27429749,10,3,2,3206,UPDATE,14/09/2011 08:13,24/07/2016 11:10
qs98250330070945,uua42476580,11,2,2,31639,UPDATE,14/11/2010 11:58,29/04/2012 01:38
oe28290971164175,pbb81895196,16,2,2,56695,UPDATE,05/04/2012 05:53,07/02/2017 03:22
qi20332658520932,qaf04925251,19,3,1,87850,UPDATE,26/12/2014 12:27,10/12/2012 10:40
uy65959163654709,lbo07286151,17,1,2,23120,CREATE,11/02/2011 03:42,16/11/2015 01:46
xa60790328937167,krm94669607,15,2,3,29819,CREATE,17/02/2011 07:15,26/11/2015 12:27
op07574316116280,rmk90081065,20,1,2,14650,UPDATE,15/09/2010 04:30,03/04/2013 12:20
rx77807340026706,smi54165008,15,3,2,75831,CREATE,22/05/2014 07:49,29/02/2012 02:47
mt43703166150806,mvh23763088,9,3,1,9597,CREATE,30/04/2011 10:41,10/08/2014 01:55
hg00884900868756,ymf78649181,9,2,2,39437,CREATE,25/11/2011 04:25,11/05/2013 10:29
hh07218149293405,gct81352265,11,3,2,4043,CREATE,03/08/2012 07:47,22/11/2015 01:44
tg09824095387554,rbx55827915,16,2,2,9919,UPDATE,22/10/2011 11:50,05/06/2014 05:26
jf34669464565402,ruz60234294,16,3,3,20482,CREATE,06/09/2010 11:00,29/05/2012 07:03
pv02065828669046,xqs50967342,3,2,2,3793,UPDATE,04/06/2013 07:31,07/02/2014 05:45
rx07267023794834,gft32049322,6,3,1,1483,CREATE,13/03/2012 01:28,07/06/2014 05:04
tt41093600431430,haj74843862,5,2,2,6348,CREATE,23/12/2013 11:38,17/10/2012 12:52
ok46065385086265,zsk09801749,16,3,3,2008,CREATE,05/05/2014 07:41,23/04/2012 07:25
ss63088600821062,jeg68111631,13,2,1,5263,CREATE,18/02/2010 04:43,10/04/2017 12:13
no96261407202715,mtz16570654,20,3,2,9769,UPDATE,03/02/2013 03:22,06/03/2014 11:15
oy34942925880233,obq91539381,6,3,3,99769,UPDATE,06/05/2014 04:53,21/03/2017 12:48
lc10649551301882,hho46450633,6,3,3,1167,CREATE,21/09/2010 03:18,17/06/2013 04:21
bl59366568499028,ffw08114509,14,2,2,82,CREATE,12/03/2015 11:32,12/03/2014 01:52
dh79745786629690,exx71678295,10,3,3,56008,CREATE,07/02/2011 08:29,31/10/2014 06:30
hv35497204854796,ziy12681775,7,2,3,56129,UPDATE,13/08/2014 01:27,11/09/2016 02:17
jn58102019685681,zom02887507,20,2,3,4038,CREATE,01/12/2010 05:10,05/09/2014 10:47
ao84138652325777,qla36708468,1,3,2,4133,CREATE,13/05/2015 05:21,14/03/2014 07:16
ym03366688166786,wuu60649049,15,3,2,64946,UPDATE,04/06/2011 09:49,21/01/2016 08:04
xr55135479525337,vba58935874,6,1,3,181,CREATE,14/12/2013 11:07,17/12/2014 12:23
ek03090165762465,dsu55966530,13,3,1,4699,UPDATE,17/08/2014 12:53,09/10/2014 02:07
jv42174698523056,ppn31514788,4,2,1,5457,CREATE,02/01/2012 07:35,22/11/2012 05:16
ll96393524637193,for78825752,4,1,3,14492,UPDATE,05/11/2014 08:03,02/10/2015 01:15
aw46710896832573,wym13787564,2,1,2,4798,CREATE,25/01/2010 05:27,04/12/2016 09:28
no67170732641495,rgg51187512,14,2,1,12063,UPDATE,06/07/2013 08:46,11/06/2015 10:53
fr11173215339811,hdx43131899,19,3,3,25587,CREATE,03/11/2011 08:21,24/11/2012 02:41
bt56383994190143,fbc67081037,11,1,1,41435,UPDATE,22/09/2011 04:55,12/06/2012 05:28
qf95637735211497,hpe16343739,2,3,2,2661,CREATE,23/09/2014 10:08,04/08/2013 02:48
tq50812403660646,klm85760972,5,3,3,40084,CREATE,09/05/2011 07:15,24/05/2013 04:53
zn67927435101127,vzq09831722,16,2,1,5288,UPDATE,29/07/2013 08:33,06/02/2017 08:44
gd64825656087876,clg94066122,14,3,2,67490,CREATE,29/06/2010 05:43,10/03/2013 07:25
ij26878442539785,hxw91364261,10,1,1,83039,CREATE,25/06/2011 06:29,16/11/2013 10:51
ub71318062728979,uid07145698,12,3,3,20234,UPDATE,01/08/2014 01:25,23/02/2015 04:09
un09242977239774,ivy85509140,17,1,3,14376,CREATE,16/06/2011 07:52,04/04/2013 01:29
hk87684386106896,niy19796516,16,1,3,37503,CREATE,24/06/2011 02:35,14/05/2017 01:12
iy06851829011384,ump24326321,13,2,1,4058,CREATE,14/12/2010 02:46,12/07/2015 09:07
lx11713993493842,gwa36487943,9,1,2,8181,UPDATE,12/03/2014 06:40,08/06/2013 01:59
sl59113792269659,jic99379409,9,1,2,6949,CREATE,08/03/2014 01:43,28/07/2014 07:13
yz04574950645194,npm21783152,20,1,2,5660,CREATE,01/11/2013 01:11,23/12/2014 08:11
jh49939732111497,bgy39482308,4,3,2,25761,UPDATE,20/11/2012 02:27,26/05/2012 08:26
ef99442313286793,zij82220844,5,2,3,98668,UPDATE,16/12/2010 11:12,28/02/2014 10:19
gz73113351608817,kcu07485225,21,3,3,4821,CREATE,05/02/2013 03:50,23/11/2016 07:17
nj64020639316870,yke12230089,15,3,1,2185,UPDATE,27/02/2014 10:41,06/12/2013 02:32
ri93961397198517,atg30643304,4,1,2,474,CREATE,08/06/2014 06:26,28/10/2013 02:15
mi92883647288920,jqn90517438,7,2,2,3560,CREATE,07/08/2011 08:54,27/07/2016 04:11
ju52087256289375,wbv18158484,8,3,2,77533,CREATE,12/05/2010 10:46,02/10/2014 06:56
yc51364912977844,rhx94573477,16,3,1,17631,CREATE,21/05/2014 06:52,06/12/2012 08:03
hk83722364486802,eie25686425,21,2,3,6967,CREATE,01/07/2010 02:04,23/03/2012 10:05
oy94142253811209,ckn17479141,12,1,2,4780,UPDATE,02/05/2014 02:01,10/04/2013 08:22
vi40348521908704,vec81933436,21,2,2,4536,CREATE,25/05/2014 05:13,17/05/2012 06:23
bo05362055150091,mkj70206753,19,2,1,3977,UPDATE,26/12/2012 12:25,11/11/2016 11:20
gk04358221907528,mnq37557354,7,3,1,4065,CREATE,12/11/2010 11:06,22/02/2012 10:39
nw28445436758878,jwz22175712,17,2,1,3542,CREATE,18/01/2015 11:34,29/10/2013 12:05
in42984144306152,cha41494846,12,2,1,2035,CREATE,14/09/2014 11:53,09/04/2013 09:23
rf61852236135220,ytz41532059,15,3,3,22809,UPDATE,19/11/2011 07:26,16/04/2014 01:29
bv24537670754824,rhe70250822,15,3,3,5035,CREATE,08/05/2010 02:17,23/11/2014 07:47
ox52032748742849,kwp36522943,8,2,1,776,UPDATE,03/01/2012 07:09,09/04/2015 08:56
ui05232847402652,jho83646776,9,2,2,9812,UPDATE,17/07/2011 06:29,09/12/2012 11:31
ys68651186277245,fxf30101757,16,1,2,4068,CREATE,22/02/2015 05:03,06/08/2013 04:55
bj67306866139132,ehm39553689,18,1,3,30015,UPDATE,19/04/2014 02:50,08/09/2016 01:29
es18569483437923,mvx05866317,17,2,2,86074,UPDATE,18/11/2013 01:52,06/08/2015 01:18
lr21459623711151,nwy49027094,13,2,1,9265,UPDATE,27/12/2011 05:24,03/08/2013 12:13
ai64338260376237,ytx28433514,12,1,2,9890,CREATE,18/06/2011 02:31,26/03/2017 12:37
vm72773600786390,pwd40939187,18,3,2,1833,CREATE,06/05/2014 08:13,01/10/2015 04:47
ux93020886894270,ydi35527382,14,3,1,5015,UPDATE,26/01/2014 10:09,23/12/2013 07:33
fo98285199239478,fsm41277490,1,3,1,2878,CREATE,20/12/2011 05:19,08/04/2013 04:54
bm50067056094702,yla44764788,4,2,2,16,CREATE,22/06/2012 05:30,25/10/2013 10:18
fk90752824870217,dge88009701,8,3,3,972,CREATE,06/01/2012 06:24,04/09/2014 07:41
wg84434160385882,pkt92418484,3,3,1,4382,UPDATE,25/01/2015 04:22,14/07/2016 12:19
tz78379605355452,cni94596536,12,2,1,43718,CREATE,02/08/2012 02:05,17/03/2012 08:20
xv32120130720460,rnp58052172,14,2,1,3067,UPDATE,24/08/2010 05:22,13/03/2017 02:10
wz06531146068075,tqk78865799,9,2,3,4201,CREATE,14/05/2014 11:46,11/04/2014 05:47
ym27695505163049,skg74414244,10,1,3,8833,UPDATE,01/06/2011 04:38,20/11/2012 03:08
nr99847360386605,bwq35689927,15,3,3,2295,UPDATE,14/10/2011 01:29,10/01/2013 04:13
kx34823895066625,rru71498420,18,2,2,3199,UPDATE,07/09/2011 02:36,05/06/2015 12:03
eu10742569400835,axl58805972,13,3,2,31841,UPDATE,17/06/2012 05:29,19/05/2013 02:39
vf09667886863178,ibv97915914,16,1,2,6230,CREATE,21/04/2010 03:47,18/03/2014 10:56
lo81916422679355,ibv97915914,20,2,1,97105,UPDATE,01/03/2010 11:05,30/10/2014 12:43
uf05468613209779,bkt29134406,18,1,1,6291,UPDATE,08/08/2012 07:12,23/05/2015 12:58
xg03015924018884,aft97652980,8,1,1,15727,CREATE,18/11/2012 01:10,01/06/2013 02:38
ak55802693373083,mfs35092703,6,2,3,19764,CREATE,17/04/2013 05:03,11/04/2013 11:29
to97411033053733,kqr77580985,20,1,1,55788,UPDATE,21/11/2014 12:23,02/10/2016 06:24
hv78502371611347,zji82178208,11,1,3,9529,CREATE,12/03/2015 10:02,16/11/2013 02:34
zw71908434031112,oqx36139897,4,1,3,68533,UPDATE,09/09/2014 09:27,28/01/2014 08:48
gl78383901979620,wvb31738278,21,2,3,69758,CREATE,26/11/2013 08:26,06/02/2015 05:03
sp86384054265533,sup42218441,7,3,2,85299,CREATE,13/03/2012 02:26,07/08/2014 04:28
hx33934158902776,hio49630323,11,1,2,71310,UPDATE,10/03/2014 12:37,14/07/2015 08:40
wv41896663750710,rqs17033607,5,2,3,7799,UPDATE,11/11/2014 09:19,02/05/2015 08:56
dy52107374839506,lmo97416423,15,2,1,5510,UPDATE,10/06/2012 12:05,17/09/2012 04:52
re14237637873701,xkf34406970,15,1,1,12383,CREATE,07/10/2011 11:58,01/08/2013 03:20
og01129059080380,szr30979646,3,2,1,9476,UPDATE,12/05/2012 11:17,23/09/2013 05:58
lk90305171526811,zbd09943892,12,2,3,6924,CREATE,28/09/2013 05:27,26/01/2016 03:09
mg91865714258535,knt73033739,5,1,2,7735,CREATE,24/03/2015 09:47,01/03/2015 01:10
wb74727223358862,zbp73781894,13,3,3,9540,UPDATE,09/07/2010 03:59,13/02/2014 02:22
ou44126306651459,uiw05952428,5,1,3,7297,CREATE,27/05/2010 04:08,29/05/2015 02:23
gp85389293238992,wos42749211,6,2,1,715,UPDATE,06/03/2013 05:46,27/04/2015 01:53
pm82321089721009,ddq70713541,8,3,1,9790,UPDATE,22/06/2014 03:35,10/04/2014 10:11
og89235814009301,iig91987122,18,3,2,5828,UPDATE,11/06/2011 11:16,10/12/2015 04:28
pu72864111909985,agv92179138,5,2,1,212,UPDATE,11/07/2012 12:27,15/02/2015 11:32
iy69241721654578,nip75201562,18,3,3,66154,CREATE,04/10/2012 12:54,14/09/2012 05:33
tq56381127763704,hah04339879,8,1,2,182,UPDATE,02/06/2011 01:58,03/08/2013 08:39
wy88269496945383,yqp97523176,21,1,2,688,CREATE,19/09/2011 07:38,27/10/2014 08:48
fz54240115439753,din19564043,2,3,2,1771,UPDATE,05/01/2011 06:21,13/10/2015 05:12
go12971116955506,jto36995552,16,1,3,19926,UPDATE,03/08/2011 01:57,24/02/2012 06:56
qv61514418105698,vns79620850,10,2,3,44700,UPDATE,30/01/2010 10:31,27/01/2015 07:05
oj83563813146461,sfi85606082,7,3,2,1000,CREATE,15/05/2011 08:32,26/11/2015 06:07
ar87494250906257,wmc69229886,7,3,3,25871,CREATE,28/07/2013 04:41,30/06/2016 03:48
ar24249474128784,ivk06566857,6,3,2,4095,CREATE,05/07/2013 03:55,22/02/2017 11:39
pp48715681243095,nvp18184806,15,2,1,72841,CREATE,02/02/2015 05:08,08/03/2013 06:22
tq04494154042226,axf78769292,10,1,3,8755,CREATE,31/12/2010 01:31,09/10/2015 12:43
li20862563419701,yad10340120,19,3,1,3521,CREATE,18/10/2013 11:39,23/10/2012 11:56
rc17124948995919,ksl34842985,20,3,2,10456,UPDATE,08/02/2011 11:18,08/06/2015 08:20
sq37726526500851,qtw19134233,4,3,1,3223,UPDATE,07/04/2012 11:39,24/07/2015 08:18
jf00578110679000,uqc25582577,16,1,2,82663,UPDATE,19/03/2012 09:58,02/11/2012 09:04
nr74736305562321,uhi51989642,14,1,2,85584,UPDATE,27/01/2010 07:29,13/04/2016 03:46
yr37675854522181,sbk26575498,4,2,2,5563,CREATE,15/03/2012 01:22,30/07/2016 04:27
va55650390666328,dvz51816915,14,1,1,3218,CREATE,16/01/2011 05:40,13/02/2014 10:22
px96310661584062,ubp30847456,21,3,3,2921,UPDATE,01/03/2010 05:09,13/03/2016 11:37
cf30742325189983,loc44207451,15,1,1,6942,CREATE,30/05/2010 05:21,05/06/2015 08:18
mj62978758191525,ulv89430193,19,1,1,6218,CREATE,16/10/2010 06:49,27/09/2015 02:09
ai72928201837038,rpx25447473,10,3,2,9865,CREATE,28/03/2013 04:14,01/05/2016 11:24
du35842811621472,qlp91144242,10,3,3,98466,CREATE,01/08/2011 02:11,08/10/2016 10:07
ws65420716723142,iid36120519,11,1,3,6272,CREATE,29/03/2013 06:25,01/09/2014 07:53
uq21037193587931,bug13250287,19,2,2,6494,UPDATE,24/09/2011 02:35,21/09/2013 01:44
yo10424068580781,vqy83844882,6,3,1,8059,CREATE,10/01/2014 01:05,17/06/2013 05:01
tw23812509829160,ngx65329455,21,2,3,2924,UPDATE,12/10/2012 07:53,17/09/2016 03:40
ll92773894797745,rzq71052585,6,1,2,22480,CREATE,13/03/2010 05:22,03/05/2015 10:37
gp73439561925126,rhg66998213,1,3,2,9,UPDATE,03/05/2015 10:34,09/06/2014 03:47
ne86950564339292,kfw98094377,14,2,2,5575,UPDATE,29/03/2012 06:18,13/05/2014 01:48
sd38170129964786,uom35902663,21,3,1,70830,UPDATE,23/06/2011 02:48,19/03/2012 12:53
eg63137400715078,jxe30853517,9,1,2,58335,UPDATE,02/10/2012 03:50,09/04/2015 12:50
cm70881746016629,sny60909837,11,3,3,4416,UPDATE,19/10/2011 11:47,27/03/2016 12:12
ib34094673285403,knm52075412,8,2,1,5197,UPDATE,17/09/2010 05:24,19/07/2012 08:28
jx15969170472929,fgp15248134,3,1,1,79334,UPDATE,13/06/2013 12:48,09/11/2014 06:41
hu04983034210375,mii70544979,4,3,1,1074,CREATE,29/06/2010 12:11,20/05/2015 11:40
fl13694018359279,gwf85196137,10,1,1,4751,UPDATE,10/05/2012 06:52,22/09/2012 04:40
ml79437903854462,loc54580919,17,2,2,4947,CREATE,31/05/2010 10:41,25/08/2016 01:59
wv05975161559769,gnj31928235,17,1,1,3907,UPDATE,25/12/2010 01:22,16/04/2014 02:45
in82700890827399,web27074127,5,3,3,7493,CREATE,20/05/2012 03:36,22/09/2013 04:09
ep22724028102635,dbs02855296,15,3,3,7791,CREATE,06/04/2013 09:26,03/09/2013 07:45
mm32100208161021,woo52141057,19,2,3,44727,UPDATE,25/11/2013 04:47,11/04/2016 11:04
od86434199149432,vlr93547456,12,2,3,4352,UPDATE,07/05/2010 04:49,25/07/2014 03:38
cc63097160783814,lvv42769350,7,3,1,88860,CREATE,20/05/2013 04:46,30/11/2013 05:37
nd69058115870284,lcv12059279,21,1,1,6527,CREATE,31/05/2011 06:34,03/09/2013 08:55
wa42116190983031,hba24034463,10,2,1,1648,UPDATE,20/05/2013 03:07,30/03/2017 07:56
ym96996182311768,bru86528439,20,3,1,57045,CREATE,03/05/2011 11:23,15/07/2015 07:16
jh76484104279335,zes70136692,1,2,2,42025,CREATE,22/11/2012 01:27,16/12/2014 07:09
eb04698638380304,zvc04047338,6,3,1,9518,CREATE,05/07/2011 10:04,17/07/2014 09:52
dv15708254574721,xyc14289842,3,3,3,9162,UPDATE,07/09/2013 09:34,28/12/2016 01:17
lb82100541563776,hyn47967427,10,3,2,70752,CREATE,17/12/2013 09:52,29/03/2013 02:03
ye01291826071219,voq43933694,7,1,1,1384,UPDATE,10/08/2010 02:55,18/09/2015 07:14
tu80105511114998,xpw11701954,5,1,1,9827,CREATE,20/04/2015 03:04,20/05/2013 03:03
nr88128066364427,nnt10515009,9,2,3,5708,CREATE,07/05/2015 12:30,20/01/2017 09:15
oj69540612642705,mvl93831112,20,1,1,40187,UPDATE,06/03/2011 01:27,04/04/2016 08:48
jp19584480511870,kfz54246859,1,1,3,4172,UPDATE,05/03/2010 03:00,20/02/2014 05:56
wl33153529907620,daw18378781,15,3,1,94789,CREATE,19/06/2014 08:56,17/03/2015 12:50
wb74029128542041,nlp81027316,15,3,1,988,CREATE,30/01/2010 01:40,14/10/2016 01:29
kw01576046031818,knw04572974,16,2,2,16212,UPDATE,03/11/2013 04:08,12/08/2016 07:05
ew11756208956156,cth98008531,13,3,2,69652,UPDATE,19/06/2011 02:09,29/08/2016 11:16
ge19720677712530,zlc69359976,5,3,3,78942,CREATE,20/11/2013 05:58,04/02/2015 03:08
yq01560914590651,vuj86949489,13,1,2,2870,UPDATE,30/08/2012 08:50,05/12/2014 11:11
vr26697609684960,vpd34568218,1,1,3,32304,CREATE,10/01/2015 01:05,23/03/2017 05:31
nm67007345482165,qbh59356253,21,1,3,61784,UPDATE,12/06/2013 04:43,09/06/2014 06:41
ia65787999096843,qgo43098983,10,3,1,3694,UPDATE,24/03/2011 10:00,25/12/2016 05:19
xk55106595057149,dzz61751375,15,1,1,7392,CREATE,16/11/2010 11:31,08/05/2014 07:59
ik28702633286749,web51776249,17,3,1,8007,UPDATE,23/03/2010 09:25,28/10/2012 04:11
so94584269729083,iat33320331,1,3,3,4856,UPDATE,14/06/2014 12:44,18/07/2015 07:30
fw35280005005140,rec02565521,16,2,2,78316,CREATE,07/06/2014 04:04,11/02/2017 12:44
rz39767386524651,cee16864122,9,3,2,80294,UPDATE,14/10/2010 06:45,28/11/2013 01:00
bi10613470348458,cee16864122,5,2,1,83746,CREATE,06/04/2015 04:40,05/12/2013 01:21
ug13332075607765,cee16864122,20,1,3,8132,CREATE,26/11/2013 05:41,04/10/2016 11:47
eq63042893716234,iwp83219102,2,3,3,49165,CREATE,27/03/2015 06:19,27/05/2014 03:25
zl21057181930093,muf89109701,9,1,3,87819,UPDATE,13/01/2012 03:42,07/02/2015 04:17
ci51628916788956,svk68096160,10,1,1,31315,UPDATE,08/02/2014 08:47,09/09/2012 07:18
nr37823912354143,fuz51840943,8,1,1,15592,UPDATE,05/04/2012 07:16,24/08/2012 12:58
px69705164252136,khl44576930,16,2,3,1554,UPDATE,17/02/2015 05:34,24/12/2014 07:27
jf67456857703131,ysk69394893,18,2,3,9583,UPDATE,17/04/2010 11:18,03/08/2012 03:08
pm94736261857125,icn67385063,4,2,3,20989,CREATE,29/12/2014 05:04,12/04/2014 03:16
hj33223720517607,ofx63396983,8,2,2,71998,CREATE,28/06/2012 08:02,08/11/2016 02:10
zn38668009539219,dyt02557649,2,1,3,8356,CREATE,31/03/2014 06:23,24/12/2013 06:35
km72394624207662,lif37116302,15,3,3,3188,CREATE,04/03/2011 01:09,02/05/2014 02:59
ia33779391282996,mkv48109999,5,1,3,8373,CREATE,17/10/2014 04:22,19/06/2015 03:49
ev64649956038081,fuk71498644,21,3,3,2997,UPDATE,13/09/2013 11:37,02/01/2017 12:08
ec93205402337195,xtn79420918,10,3,3,6749,UPDATE,12/10/2013 06:20,21/05/2013 03:35
mi83034445625054,hjt23997944,2,1,2,6549,CREATE,08/09/2011 01:16,02/10/2013 06:20
hs09388947928102,wgj06631413,14,3,3,6614,UPDATE,25/12/2010 06:48,24/07/2015 12:33
kx21316791221314,pia97821480,11,1,3,8209,UPDATE,16/01/2014 03:15,05/11/2012 05:00
ap72169489049226,qrg04831682,4,2,1,9888,UPDATE,03/07/2014 01:21,24/07/2016 03:47
ei47011614390459,bba22737182,1,3,1,3195,CREATE,06/05/2013 09:32,27/01/2017 10:14
ok87036881756091,pxy96066897,15,3,2,2556,CREATE,16/10/2012 01:26,21/04/2012 12:31
zb37236773651526,anm21471895,7,2,3,69040,UPDATE,21/11/2013 05:28,14/07/2012 07:55
ba46675226518390,dpk04010901,3,1,3,60629,UPDATE,26/02/2011 10:51,03/04/2014 05:15
rp50186449601000,lpn09860084,8,2,3,53750,UPDATE,20/03/2013 10:36,25/10/2013 03:55
kw96876238795541,jzw11190761,8,1,2,99426,CREATE,01/07/2012 07:07,07/09/2016 03:24
yf59394515679660,stu00066739,19,3,3,943,CREATE,10/06/2014 12:50,12/09/2012 01:28
cb14949858146881,hks92415065,11,3,3,90596,UPDATE,01/02/2014 03:09,03/02/2014 03:32
nb70611792836054,dyx50781700,11,3,2,3710,CREATE,09/09/2012 04:47,08/07/2016 06:49
ja20925630886881,tvk21552718,9,1,2,25242,CREATE,14/03/2011 04:39,17/02/2015 01:33
ze55723060387963,mvb63866224,15,1,1,34488,CREATE,27/08/2014 03:40,12/05/2013 10:01
zj12396860345394,tlw72475461,20,2,3,8940,UPDATE,13/04/2015 03:01,11/03/2014 04:26
mk46487455265266,dkm33853516,13,2,2,5411,CREATE,11/02/2013 12:39,01/08/2016 01:11
js36171702810385,hgu13901855,1,2,2,1335,CREATE,03/11/2011 12:00,17/02/2013 06:54
jn30952723236059,pdu16827848,2,2,1,7079,CREATE,24/04/2015 02:06,27/04/2015 02:28
kb01050295096892,qgo04848120,6,3,2,2895,CREATE,27/11/2011 09:44,31/08/2015 10:00
tl88623179372568,udl12434478,3,1,1,59019,CREATE,01/06/2014 09:18,02/12/2014 05:13
ag46356929425187,hdz89341007,18,3,3,3288,CREATE,02/11/2013 05:56,28/11/2016 08:32
yg26280357389810,zbn90734661,12,3,3,24589,UPDATE,23/12/2010 04:58,12/02/2012 11:25
qv24774610278691,zal72256772,7,1,3,73692,CREATE,08/05/2011 03:07,28/04/2016 11:13
ww30941589065324,alv66511113,8,3,1,51575,UPDATE,13/08/2010 11:23,20/06/2013 06:23
xm45598582813266,eic64591707,13,3,1,9679,CREATE,18/11/2014 11:26,13/07/2015 10:10
vc34123021079046,tat37235307,5,2,3,2354,CREATE,04/12/2010 09:47,17/09/2012 05:11
tc50388016550756,rhq71683039,19,2,1,86067,CREATE,08/02/2011 02:15,08/01/2013 07:14
gf03068189869813,hql65778496,14,2,2,57814,CREATE,24/10/2012 05:09,03/11/2013 09:32
hx79983117593258,loy16335479,12,2,1,87839,UPDATE,22/06/2011 03:57,13/01/2015 09:46
yd56873615653296,nxj06812704,4,2,1,6538,CREATE,09/08/2012 06:20,16/03/2014 10:30
kf69306890700024,ode82043963,10,2,1,5578,CREATE,14/09/2014 06:01,30/06/2013 10:31
jm73690088422176,otc23817397,6,3,3,2715,UPDATE,01/10/2011 07:23,12/04/2012 10:34
ru35689332371698,nlw20795532,7,1,3,10981,UPDATE,23/12/2011 11:51,01/10/2012 09:21
pl51222679366751,qyj03611739,4,2,2,1178,CREATE,22/09/2011 08:03,29/01/2012 02:44
ff23921329817277,igq52246193,17,2,3,69904,CREATE,04/04/2011 07:31,20/09/2015 03:50
ut58031853655318,qnr49403869,18,3,2,88060,UPDATE,19/02/2015 10:50,03/07/2014 02:02
yf55116779769227,ani23870175,13,1,2,12564,CREATE,17/04/2014 04:08,20/07/2012 02:49
zk75986264548105,dfa98833702,14,2,1,59148,UPDATE,02/08/2012 10:30,30/01/2015 11:32
sf78869013269150,bbn39639022,3,2,2,3799,CREATE,19/04/2011 08:32,25/11/2013 02:55
cx59538347170445,vkz77282209,14,2,3,7796,CREATE,20/01/2013 02:11,07/09/2013 03:25
dr09927821192770,cpf28075357,20,3,2,7464,CREATE,17/11/2010 04:16,10/01/2016 03:56
aj33144964077657,bfz52824564,16,1,3,66691,CREATE,02/05/2011 06:23,24/01/2013 08:07
pm37456901052762,tth44664613,5,2,3,8181,CREATE,29/11/2011 11:11,20/08/2014 02:27
ty86804813728782,tyh95558502,6,1,2,14889,UPDATE,24/01/2015 01:16,13/04/2016 12:34
za57347399178122,ihy08854803,9,2,3,2374,CREATE,15/03/2011 07:56,19/11/2014 11:15
hg68726074977026,ffm14057735,15,2,1,8325,UPDATE,17/06/2013 03:58,01/12/2016 08:39
wy55519650175739,pot49611002,8,2,1,7198,CREATE,16/07/2013 09:39,16/04/2014 09:07
cl89007588504142,lge62851447,18,3,3,36282,CREATE,22/10/2011 11:13,31/03/2017 12:36
jg82240822659682,xug69233209,18,3,2,88637,UPDATE,29/04/2011 01:19,12/08/2013 11:20
mq10306274270709,vcj88141959,1,3,3,67167,UPDATE,31/05/2011 02:04,19/10/2015 02:10
ea41884039185664,kag27107600,9,2,2,1407,CREATE,02/10/2010 12:53,21/10/2012 09:34
io60810215448600,ysg84996257,6,3,2,68746,UPDATE,15/01/2015 03:14,28/06/2015 07:15
kl14906656935474,tal11183122,7,3,1,88719,UPDATE,15/03/2015 12:16,26/08/2015 10:19
lp41741508754478,amk24163171,1,3,2,8645,CREATE,22/04/2015 11:42,09/07/2015 04:14
au25528460981271,gmq46389063,12,3,3,363,UPDATE,30/05/2014 05:29,28/06/2014 12:49
zr06617089329287,tkm19930952,10,3,1,8415,UPDATE,30/09/2010 05:39,28/12/2013 09:11
vx64708249627228,tfa03805022,5,3,3,42651,UPDATE,21/08/2014 12:01,16/12/2014 04:52
iv21561322923986,zcb87382781,13,1,1,8535,UPDATE,09/08/2010 08:25,16/12/2012 09:10
pe97159935779091,gjq24267352,19,2,3,95050,UPDATE,25/01/2014 02:08,11/08/2012 09:41
ue05062317879047,aqc33462016,20,1,2,8555,UPDATE,03/04/2015 09:43,16/12/2015 11:14
bg86561598234158,vuv27805470,15,1,1,45657,CREATE,05/10/2013 10:01,30/04/2012 06:09
wj18594288084991,emf17287571,9,2,2,13010,UPDATE,01/08/2012 12:23,19/07/2012 03:11
gf17214030746103,lvg09715784,8,3,2,23189,CREATE,19/09/2014 01:55,14/01/2013 04:42
an75261881795888,hxo03399752,7,3,3,578,UPDATE,07/11/2012 03:14,20/09/2014 03:12
ok04711851757511,ohb29200154,21,3,2,95771,UPDATE,01/07/2013 09:46,09/07/2012 04:56
xq41678659617356,mun50774753,10,3,1,5091,CREATE,03/02/2013 02:49,21/05/2016 10:27
yp76551579335959,wdd49419863,12,2,2,1229,UPDATE,29/09/2014 07:35,26/07/2012 02:45
jq96757122775112,vxq50780746,21,1,1,6071,UPDATE,10/06/2011 07:20,08/07/2013 12:04
zl74937836612598,mdl29479111,3,1,2,333,CREATE,02/04/2012 08:23,24/07/2012 08:23
mh11171010073396,uap99329987,12,1,3,62658,CREATE,21/06/2010 02:10,15/09/2015 09:44
dv06284319727574,wco67566120,21,1,2,9392,UPDATE,07/08/2010 05:48,14/04/2013 10:23
ao50995098388025,nnp39320790,14,3,1,832,UPDATE,16/08/2010 03:21,16/03/2017 01:27
ux77148353464792,pkv66717087,7,3,1,57419,CREATE,17/05/2012 02:16,10/10/2012 05:51
ny17400501121906,cwc03025295,12,2,2,92613,CREATE,08/06/2011 07:43,16/10/2012 11:32
hr91772388960778,tsh24304280,6,1,3,74077,UPDATE,13/05/2011 05:46,31/03/2013 04:09
sl69640386231347,qfs85047028,20,3,2,95469,CREATE,07/08/2013 02:04,18/04/2012 05:04
at67434099422917,sbi73756065,6,2,1,3938,UPDATE,30/11/2011 07:23,10/02/2016 01:58
cd67380755418915,lin36045777,2,1,2,1894,UPDATE,31/03/2013 05:26,10/11/2016 09:15
ej06467644414516,lqt32067915,8,2,2,81806,CREATE,29/08/2012 02:25,04/11/2014 02:41
wr77833169492858,kha68265214,6,3,1,79633,UPDATE,20/08/2013 09:45,03/01/2016 04:07
wo87501235775966,dcw57857886,11,3,1,71313,CREATE,08/07/2011 02:51,03/08/2013 10:42
vq09176429997183,bmi97952538,15,2,2,3349,UPDATE,10/03/2012 09:20,12/05/2016 03:59
tx61932287760246,jlz05165179,9,1,3,36539,CREATE,14/06/2010 08:45,26/02/2015 08:02
az50340396091301,rmz08118984,9,3,2,81771,CREATE,10/04/2010 04:49,23/11/2016 02:23
vp27578436205800,tfk07795313,17,3,2,1933,UPDATE,22/03/2014 08:28,30/04/2017 06:24
om57609197202682,mki91227705,6,1,1,9740,CREATE,11/08/2013 09:15,20/01/2015 11:38
im25434583011584,iyt55372493,2,2,3,49746,CREATE,04/12/2010 09:41,14/06/2016 01:25
an90548036821504,ayl12971387,8,2,2,69928,UPDATE,08/09/2010 01:12,09/06/2014 08:07
uc47346916717712,ikr53498584,4,2,2,1127,CREATE,15/01/2010 09:34,07/01/2015 05:53
it63967413193481,fsi50460002,4,1,1,8912,CREATE,13/04/2011 03:13,14/12/2012 11:18
ys77737652786165,bmz99242391,2,1,1,8649,CREATE,01/11/2014 03:36,15/04/2017 04:34
hi88939513715649,bbi98446003,19,1,2,77151,CREATE,02/11/2011 06:14,26/10/2014 04:35
qm01700536213344,bmj82027841,3,1,3,6296,CREATE,29/11/2014 06:05,14/05/2017 12:20
iq08308607267499,kwy51309788,11,3,3,7612,CREATE,26/01/2014 01:54,26/03/2013 07:42
wb11716137886611,zyb66581849,10,3,1,5239,UPDATE,29/01/2011 01:15,07/11/2013 12:07
yu68670167928691,fik91192645,11,2,3,8692,UPDATE,20/05/2013 02:36,05/04/2014 02:43
lo08254303705213,xjv77494116,18,3,1,90305,UPDATE,15/08/2014 01:24,23/08/2013 07:42
fy63068707873752,jfy17092122,5,2,3,2264,UPDATE,31/01/2011 03:20,09/02/2013 08:44
mo75343380956313,xii16520070,6,1,1,49667,CREATE,01/10/2012 11:45,21/03/2017 11:58
nk81295109104869,luj82927746,13,2,3,8662,CREATE,21/07/2014 09:45,26/12/2012 06:50
cq22592644750651,egm42679963,1,1,3,233,CREATE,14/08/2010 06:00,20/04/2017 04:14
kl54455045345605,cxe84434355,15,2,2,5545,UPDATE,21/11/2014 01:10,12/05/2013 10:03
nn65492260979330,jix59415937,12,3,3,69467,CREATE,23/06/2013 09:07,10/08/2016 08:39
zq65899620347108,hdd46590514,4,1,3,10484,UPDATE,27/09/2014 07:48,12/10/2012 07:03
yn26028843532908,hol92943738,8,2,1,2044,CREATE,03/10/2012 09:53,20/02/2012 03:08
pw60108538102441,ivr02731311,3,3,2,28587,CREATE,07/01/2011 04:25,14/06/2016 08:32
ux45696336823532,taf61550567,4,2,1,41572,CREATE,05/12/2013 12:16,06/04/2013 07:48
ho03411165369267,wxq67993210,3,2,1,17250,UPDATE,04/03/2013 09:45,29/11/2013 01:09
wl48221110917607,vgl24308261,11,2,3,471,CREATE,06/11/2012 05:33,10/06/2012 01:23
fq45919198377099,bcx98132870,13,3,1,84904,CREATE,29/07/2010 11:17,20/06/2016 01:01
dk90406427871521,osu24632824,10,2,2,9183,UPDATE,29/12/2012 05:50,09/01/2016 09:13
cs20423094145089,pqq66119276,19,2,3,86001,UPDATE,21/08/2011 05:38,15/05/2012 09:36
ai19629124713933,ixn19258945,5,1,2,14770,UPDATE,23/06/2010 06:26,22/07/2016 02:19
pp92960586158218,mwk38539198,20,1,3,9231,UPDATE,12/03/2012 12:01,22/10/2016 11:16
qz91497326797352,xdm94316474,14,1,1,290,CREATE,08/01/2015 04:12,03/05/2016 11:00
mn20243976593003,xdm94316474,13,2,3,29743,CREATE,25/06/2012 09:01,03/06/2012 09:24
fp94376816407189,zqz22868855,1,3,3,2288,UPDATE,28/07/2013 06:12,15/06/2014 01:09
uk34470785421197,ypd02793665,8,3,3,3040,CREATE,13/07/2014 08:16,15/06/2014 02:09
hl03262027471371,nwn42106394,3,1,3,2262,CREATE,26/11/2012 02:55,16/06/2012 12:41
rx41159196020371,qix30825076,12,3,2,4790,UPDATE,25/01/2013 04:20,16/07/2016 08:45
lk94888317993403,aim76015823,20,1,1,61436,UPDATE,05/12/2012 07:59,14/02/2015 07:52
zz73021895803982,jsc35460459,9,3,2,13897,UPDATE,10/12/2011 09:31,27/12/2016 06:04
mr80298850535868,grl35550674,3,1,2,5280,UPDATE,19/11/2011 05:45,02/03/2013 08:46
cb40403884788289,mtg46915936,12,1,2,8335,CREATE,17/02/2010 11:26,06/03/2012 12:44
br71656800760266,nre00639822,1,1,3,8681,CREATE,21/03/2010 02:24,15/02/2014 05:12
mo49207420881661,jcb99889230,12,1,2,3766,CREATE,28/05/2013 11:38,28/10/2012 08:58
yi46837749452330,nez02997446,10,2,1,54442,UPDATE,12/09/2012 05:28,05/08/2014 06:22
yq33249417283032,zld24016548,8,1,2,58492,CREATE,25/08/2014 12:44,26/09/2014 01:30
vs87722107862700,fsb02106052,13,3,2,2438,UPDATE,13/05/2014 03:58,27/03/2017 02:56
us41910618289326,kcr97766519,16,1,1,205,CREATE,05/03/2010 02:22,13/03/2014 12:57
dl31170001523178,hzk80942558,19,2,1,8385,CREATE,18/11/2011 03:25,24/02/2017 12:55
ys68930481276661,izp44350056,9,1,1,2196,CREATE,08/08/2012 12:06,07/09/2013 12:19
af00854978563601,rfi94235306,11,2,3,70005,UPDATE,24/12/2012 04:09,03/05/2012 05:02
az97396901945947,zdh95172688,12,1,3,74297,UPDATE,14/02/2013 09:48,18/04/2012 11:56
zv23730308373328,xln33942049,6,2,2,68955,UPDATE,15/10/2014 03:39,06/11/2012 09:48
rd01863332979331,ucv69255152,6,1,2,28523,CREATE,22/07/2011 12:58,09/10/2015 11:09
wf69690252864644,kso45032329,20,3,3,6765,UPDATE,12/09/2012 03:56,21/01/2016 09:19
ju49421010682162,and06299706,2,3,1,18573,UPDATE,11/03/2015 11:28,24/12/2012 02:01
ni70506408500217,iny66192068,2,3,2,5613,CREATE,13/04/2014 08:34,28/10/2016 01:11
rm67938096289501,gbs18429469,7,2,2,6823,CREATE,10/10/2012 10:46,09/08/2015 09:19
vx21045587241556,bqe80990943,4,3,2,4630,UPDATE,07/01/2013 12:33,05/03/2015 11:51
yt98818696338512,ofh75380705,21,1,1,38892,CREATE,08/02/2013 04:32,21/03/2013 07:06
qs07831439848081,rit79251860,3,1,1,4122,CREATE,14/06/2011 07:22,20/09/2012 06:50
cn55294424565895,xxf85229887,1,2,1,3985,CREATE,27/01/2010 03:12,21/06/2012 06:31
dh85688337964190,ioe00985587,14,3,2,6553,UPDATE,25/12/2010 05:04,19/12/2013 01:06
bz45570147238550,yuc90834090,16,2,3,8394,CREATE,04/05/2010 01:45,11/05/2013 05:31
hk69138641593582,jna60671774,16,1,1,443,CREATE,07/12/2011 09:02,29/09/2013 04:31
mp18990647558198,kiz19818697,8,3,3,4787,UPDATE,16/06/2010 07:05,04/02/2016 10:08
mu13347231038532,akr67463235,16,3,1,39,UPDATE,05/03/2014 03:33,14/02/2013 08:33
hl20463060187971,lni56943701,11,1,2,94373,UPDATE,11/12/2012 11:46,19/01/2017 04:07
mm22174292857555,ezv28821345,11,3,1,18412,CREATE,24/03/2014 03:49,12/02/2017 07:24
nk96545072020570,sjr47745124,10,3,1,4138,CREATE,15/03/2010 01:35,24/04/2012 04:03
so31693910995441,awu87734609,11,3,1,47012,UPDATE,10/09/2014 06:27,27/07/2016 06:06
bv41114741876003,wfe70437848,2,1,3,1839,CREATE,12/07/2014 09:59,26/03/2017 01:46
qo10370121387570,cjj31942760,21,1,2,4539,CREATE,05/01/2014 12:59,11/01/2016 05:33
cm09258407653280,bbw90380027,6,1,1,28785,CREATE,21/12/2013 11:39,14/10/2013 04:30
qf49161509541096,grv78303143,17,2,2,2989,CREATE,29/09/2011 11:13,19/02/2012 05:21
gu18965653400089,qgn88333197,9,3,2,37786,CREATE,08/10/2011 12:39,24/10/2012 11:28
yp64969797270280,dth78970780,8,3,2,2066,CREATE,16/08/2014 03:00,12/02/2016 01:56
xg32897045297023,vdk11979950,7,1,1,48423,CREATE,15/05/2011 01:56,12/01/2016 11:24
zv57303191764745,xet15623101,2,1,1,9724,UPDATE,11/07/2012 12:01,07/02/2012 05:42
oj96993857739430,mpd79739736,18,3,1,37076,UPDATE,30/12/2014 12:36,19/12/2014 07:08
jc62160735389817,sue91140591,3,3,2,13976,CREATE,11/03/2012 01:26,16/01/2013 04:16
md72661120947521,xko51812938,12,1,2,4037,UPDATE,28/12/2013 11:57,27/01/2012 04:06
hm05801011312500,sds59268259,1,2,3,30587,UPDATE,17/07/2011 12:02,19/02/2015 03:03
dx24360250442534,yxc35786817,2,3,1,75447,CREATE,16/10/2014 03:19,19/11/2012 06:13
vo20865633971246,dah78445586,16,1,3,98131,CREATE,27/11/2010 04:18,21/06/2012 03:46
mp25003673747626,oah89277328,11,3,1,97593,CREATE,24/07/2014 01:36,09/12/2013 05:37
kh61416552705268,vdy04985994,15,3,1,6879,UPDATE,28/03/2014 07:49,23/12/2013 05:17
iz70146494279559,bql81138152,20,2,2,47616,CREATE,25/01/2011 09:33,06/09/2014 08:10
ho78037667835496,uik19477592,13,2,1,7087,CREATE,01/07/2014 02:31,26/07/2012 02:42
si16274010834306,xmx72255374,12,1,2,7086,UPDATE,27/04/2014 12:14,28/02/2013 05:56
ql62178877841748,msu20502202,17,3,2,56537,CREATE,08/09/2010 09:26,29/01/2017 10:37
fe22557329825564,jpw82415585,14,3,1,13314,UPDATE,13/05/2014 06:40,14/08/2014 12:21
fc91065497481715,njs63858158,11,2,3,540,UPDATE,09/07/2010 10:25,16/04/2017 07:06
mf15769538055455,irt89680262,18,3,2,46116,UPDATE,16/06/2014 04:18,06/05/2012 06:33
sz97746893053891,ngs65852362,6,3,3,819,UPDATE,28/09/2013 11:29,23/08/2014 09:33
hw87083298954202,mgp85380003,8,2,3,8152,CREATE,12/09/2014 02:47,18/01/2015 05:22
ei38645721142152,mqa23031946,7,2,1,58010,CREATE,16/04/2010 02:07,24/05/2015 01:10
bt69556775449146,qmy03873317,19,1,1,4187,UPDATE,19/02/2013 09:24,15/08/2013 02:14
zc66441677919587,zwy92686731,11,1,1,77506,CREATE,02/04/2015 10:46,10/02/2015 12:57
cp89410319527616,xuc57863985,5,3,1,95298,UPDATE,01/03/2011 02:11,28/05/2016 10:18
rf19217571168079,reb94220698,20,2,3,7975,CREATE,15/07/2011 02:37,23/07/2013 07:09
ig98544905665685,qoi90541706,2,1,1,2389,CREATE,15/06/2010 01:15,22/12/2013 06:06
ze09540562544839,zae72976464,14,1,2,7684,UPDATE,15/07/2014 10:59,07/01/2013 02:19
xz37006541784777,zgh69941758,1,2,1,74893,CREATE,20/05/2010 01:48,19/06/2012 10:57
yf64631011335670,gmb90713710,10,2,1,7805,CREATE,26/04/2015 06:12,15/09/2015 01:10
ew66264937430400,lrq33572619,19,2,3,8405,CREATE,30/10/2010 04:05,26/04/2015 10:03
ht09583100224538,qah18223699,19,1,1,38178,CREATE,22/03/2013 06:27,27/06/2014 09:10
hq32812806871634,xrb50652776,8,2,3,1987,CREATE,05/12/2014 08:04,18/04/2015 01:04
tb59577474145903,oew19519769,15,1,3,1834,UPDATE,29/12/2013 08:08,09/04/2017 10:16
rm47614674651619,ule90519486,3,1,1,42892,UPDATE,03/11/2011 03:36,28/08/2016 09:40
cc83121059390873,mme52668286,10,2,3,6075,UPDATE,22/10/2013 08:10,18/02/2013 02:43
mn00249593733498,dxj80723119,16,2,1,3919,UPDATE,16/09/2010 10:19,18/03/2016 02:54
at72172788022967,eic17282859,6,1,3,1644,CREATE,20/05/2014 08:00,06/03/2015 01:00
nz32771383378045,lie23974183,1,2,1,51154,CREATE,04/09/2010 11:16,03/04/2013 06:09
pg33518090519283,bis91054367,5,1,1,857,CREATE,28/03/2010 04:12,28/02/2015 06:38
dc98092710750101,wvv54975471,20,3,1,1272,UPDATE,08/02/2012 09:54,05/04/2013 08:05
aj12538727521539,tmm07126390,2,1,1,90427,CREATE,30/09/2012 02:47,29/10/2013 03:00
mj53192062750299,fdb08390946,12,1,3,35710,UPDATE,10/02/2015 07:38,19/06/2016 09:15
jg21234744584103,xwu65123665,13,3,3,8768,UPDATE,02/11/2013 08:25,11/06/2013 05:02
iu18198442723112,bzf92763658,11,1,3,8785,CREATE,09/06/2014 08:39,10/12/2014 06:06
ry71690210756709,qql61728530,1,3,1,595,CREATE,19/12/2012 01:39,29/01/2014 10:33
tb83931073175709,rgf00206050,21,2,3,1172,UPDATE,21/02/2010 11:16,11/09/2014 05:32
zi26098397817446,kbi15867537,8,3,1,9163,UPDATE,13/10/2011 09:42,31/10/2015 08:52
nc49814235647146,tfw70527120,5,3,2,5998,CREATE,20/11/2014 03:28,18/07/2016 01:33
uv63386572007735,xmw29633483,20,1,1,48590,UPDATE,01/02/2013 11:09,07/03/2015 02:15
zf56916746158658,nhi79495472,5,2,1,7988,CREATE,14/01/2012 01:00,02/06/2015 10:11
yh53740358555804,rly28868429,10,2,3,8081,CREATE,20/08/2010 09:53,26/12/2016 05:06
ns30850094500819,zlj74612421,2,2,3,8062,CREATE,03/05/2014 06:31,21/10/2012 02:07
vn44269838107935,sdp80401356,6,1,1,5511,UPDATE,05/05/2014 01:19,24/12/2016 12:33
xp80298810926209,syu84787273,17,2,2,7424,CREATE,14/11/2010 06:27,11/06/2014 12:44
fq89508545850155,vpk36168498,10,2,3,6651,CREATE,31/03/2014 11:47,03/02/2017 04:14
tx82271475165811,bsg90478813,15,2,2,33244,UPDATE,10/11/2012 12:51,05/07/2015 11:07
gw31922012730342,wty26402998,7,3,1,4535,UPDATE,19/03/2012 11:28,13/08/2013 06:00
tk75455457410793,fps92170225,10,3,3,78226,UPDATE,23/08/2012 04:08,13/01/2014 06:49
tb58913733386436,dhd87968557,17,1,3,33747,UPDATE,07/02/2014 04:46,07/03/2014 04:56
si80257537272209,rru70811632,20,1,3,2022,CREATE,23/08/2013 11:41,29/09/2014 11:23
el91426414531740,rru70811632,10,2,1,57950,UPDATE,22/06/2011 04:02,22/02/2012 10:37
on00534624191845,rru70811632,4,3,1,3907,UPDATE,03/07/2012 05:47,29/11/2012 06:55
vc33332511631936,tzg97055718,16,3,3,34476,UPDATE,29/04/2015 12:30,18/06/2014 11:09
jb77710558388563,cia28651054,6,2,1,2398,CREATE,27/05/2011 08:37,02/07/2015 11:55
ww66655152389772,dea06589029,16,3,2,1070,UPDATE,18/07/2014 01:31,15/12/2016 01:48
lr06954358924640,ntz95302192,17,3,3,1175,CREATE,28/04/2014 03:51,24/04/2014 12:29
pq39232449054017,hdn31208263,3,3,2,6100,UPDATE,04/02/2012 09:28,14/05/2016 07:01
gr31598147369183,ytq34605742,9,1,2,53136,UPDATE,26/03/2013 07:34,20/10/2015 11:14
oi50804490844475,jnh88373262,19,3,1,7530,CREATE,25/11/2014 09:25,05/11/2014 08:06
jy29889136372154,dye05865902,8,2,2,466,UPDATE,19/04/2013 08:57,17/10/2016 11:45
jh16170598001328,xdc21014353,3,2,3,3955,UPDATE,28/12/2013 07:18,20/03/2014 04:17
mk97554523050727,zxh70874192,17,3,1,66726,UPDATE,28/02/2011 02:32,05/05/2016 05:29
rp16788358684142,ouj21836367,8,2,1,3986,CREATE,29/03/2010 04:20,28/12/2013 06:02
go83844162927591,ihn17052706,15,2,3,816,UPDATE,13/02/2012 10:05,06/02/2013 05:13
of90881676086387,rol30440393,10,2,1,4579,UPDATE,09/02/2012 04:38,20/02/2017 04:57
cf28601996064619,rfk83194442,5,3,1,6780,UPDATE,15/07/2012 09:04,14/10/2012 03:13
qb39050125437500,emt77206339,6,2,3,46594,UPDATE,17/12/2010 10:29,25/10/2015 04:23
wx66234546791401,rov31245835,5,2,2,5793,CREATE,24/04/2011 09:35,18/05/2016 06:57
vh09752765666133,eui62981557,8,2,2,25627,CREATE,15/01/2010 12:02,26/08/2015 04:38
rn56161986964256,cnw31299273,18,2,3,784,UPDATE,07/01/2012 01:00,28/08/2012 06:49
lb72472488088267,jjc37422000,4,3,1,6894,UPDATE,04/04/2015 09:36,14/01/2015 06:25
vn56257058346275,rgz46215990,9,3,2,397,CREATE,17/09/2013 02:46,12/10/2016 02:41
he79970622727300,gma02522693,7,2,2,38523,UPDATE,01/11/2012 03:06,02/12/2014 11:02
hx38220858898039,bke64239715,11,2,1,15170,UPDATE,19/12/2011 05:12,03/12/2015 05:02
gf00313448049676,wll18959415,9,3,2,15434,CREATE,08/03/2013 10:46,06/07/2013 02:21
cu15538347990790,fik75116190,3,1,3,2541,CREATE,28/08/2014 02:11,23/09/2012 08:06
jy96639660188699,yhw90410251,3,2,3,522,CREATE,14/01/2013 04:56,09/04/2012 06:38
hk61385150254495,oqn29525309,12,1,1,4021,UPDATE,10/05/2012 04:41,19/05/2014 12:00
jh55550067871041,uxh41952682,15,2,3,4133,CREATE,07/05/2011 03:12,14/05/2016 08:45
en63533274369636,cri69579311,18,3,1,4780,UPDATE,01/11/2013 09:15,12/02/2015 12:07
fq86326139512299,lis19446670,11,1,2,2476,CREATE,12/02/2010 08:00,24/01/2016 03:06
ru10771735919291,gzy82938059,9,2,3,79598,UPDATE,13/11/2014 11:07,01/04/2014 04:55
bh71747627077805,wbq16597193,21,2,1,9702,UPDATE,14/08/2014 05:32,01/02/2013 05:28
jo13777135449466,gfe07602668,8,3,3,43149,UPDATE,11/04/2013 08:32,13/01/2015 01:24
fd26133961682753,jzc20504330,18,1,3,51251,CREATE,14/02/2014 03:49,29/08/2013 04:49
zv86329059633500,plc61360226,15,2,1,552,CREATE,16/09/2013 02:03,24/02/2012 07:51
cn66379384390341,mmg93798004,10,1,1,59082,CREATE,26/04/2014 06:57,29/03/2017 04:06
be85483056073297,uka74461925,2,1,1,71686,UPDATE,09/05/2013 06:49,23/07/2016 06:09
zx46023930382549,ktc55377475,11,1,1,3356,UPDATE,25/10/2011 09:29,13/10/2013 04:12
fo33658079936221,wfu78448881,18,1,1,10007,CREATE,28/08/2013 11:59,10/08/2013 02:50
qd28107787468635,lnk27024411,20,2,2,33042,CREATE,16/01/2013 10:41,26/03/2015 04:02
yq10971907404786,axo90088099,12,2,2,4403,CREATE,04/01/2011 09:05,05/06/2012 10:07
ff06544671928235,rdv87945341,8,2,3,29250,UPDATE,06/05/2013 10:03,11/12/2014 01:25
ao68205082819565,ggf28530235,3,3,1,62245,UPDATE,05/06/2010 12:10,27/12/2015 10:11
jt21710058411053,pzo61643160,20,2,3,68144,CREATE,03/01/2015 01:54,30/10/2013 10:10
fh62034198453387,zjd65879390,5,2,1,3539,CREATE,21/11/2013 07:26,17/03/2016 07:35
gn73779488553581,nnl71583058,17,2,1,654,CREATE,15/02/2013 10:58,27/11/2013 07:53
vp03346479700620,cbv40210623,16,1,2,8167,UPDATE,05/04/2011 04:06,24/06/2014 07:55
er46955645901919,kwm28443726,17,3,2,42489,UPDATE,18/06/2012 01:31,11/09/2012 06:22
kf45149729532105,gny18751198,1,3,1,5589,CREATE,04/12/2013 10:04,03/02/2014 12:01
xd25385082060176,qws53882165,13,3,3,95509,CREATE,25/03/2010 01:54,08/05/2016 12:45
fi69281629977993,zej36174451,3,3,1,79341,CREATE,18/07/2012 09:21,21/12/2016 03:16
ge59320171638196,ame37119099,6,1,1,26271,CREATE,08/04/2013 07:38,25/09/2013 04:40
cd21909139885191,rbu68613643,14,3,3,3277,UPDATE,04/12/2013 11:04,14/12/2012 05:03
rj43572978549881,uuk02826606,12,3,2,73806,CREATE,08/11/2011 01:34,20/09/2015 03:39
gu63574206472106,bqj03645050,4,3,3,97787,CREATE,03/05/2015 12:21,18/10/2013 07:06
yu35637768468298,tir16022360,7,2,2,3063,UPDATE,05/01/2011 11:59,26/02/2016 07:49
su53242621771059,snn73758037,2,2,3,2232,CREATE,04/07/2013 06:23,22/09/2013 08:58
dv48515614492906,lvg82526614,5,1,1,1250,CREATE,22/03/2015 12:15,12/04/2013 10:31
va57596994160462,psa16265323,3,1,2,7482,UPDATE,04/09/2011 09:51,26/10/2015 05:47
yo03879218078094,opf58309954,6,2,3,3514,CREATE,08/12/2012 11:09,03/08/2012 11:20
iy86634806976018,bvd52853727,12,1,1,1701,CREATE,20/05/2014 09:29,20/06/2015 12:00
xc33513173526065,ozt45778827,8,1,2,4459,UPDATE,27/02/2011 04:38,12/07/2016 05:59
ev40017805317251,vpd83574706,17,1,2,60759,CREATE,20/09/2011 09:48,13/05/2012 05:02
ne61570709153578,zza56166708,14,2,3,71121,CREATE,23/10/2013 09:00,23/06/2015 09:17
pn27483695873329,imd74531801,15,1,1,3816,UPDATE,16/04/2013 02:08,27/03/2012 12:07
av20632570413573,vrd98680182,13,3,1,31353,CREATE,09/05/2014 08:54,24/01/2017 10:39
ow53013191945671,otk41336451,17,3,2,96493,CREATE,03/09/2010 12:35,18/12/2016 09:48
be83284656238838,ylr33885680,2,3,2,10388,CREATE,27/05/2014 11:01,14/08/2016 08:33
li88248162158840,mpi28052844,18,1,3,4257,CREATE,09/09/2013 08:20,14/04/2015 12:18
jx19797902910476,gta32720597,15,1,3,5686,UPDATE,07/08/2010 07:18,10/03/2014 01:57
az48786931865386,eae69421442,19,3,3,32850,CREATE,30/06/2013 12:11,29/10/2015 03:27
ec27595884644471,zzd02626634,14,2,3,35480,UPDATE,02/05/2012 01:32,28/10/2012 01:49
gh07387265033187,eki49647699,1,1,1,74230,UPDATE,01/02/2014 05:39,24/05/2012 12:32
wr38897267828752,hsj82258326,3,2,2,27971,CREATE,01/06/2014 12:38,05/02/2014 02:16
lh31337079112625,tce32677469,11,1,2,8801,UPDATE,26/02/2014 12:21,02/03/2014 02:00
rn17094023728149,uve95110402,20,1,1,5972,CREATE,29/03/2010 04:08,10/07/2016 10:56
sg95718520334274,che32118388,14,3,3,2503,CREATE,06/09/2012 09:11,09/09/2013 09:29
ca24207103144336,ilq59951785,15,2,1,49443,CREATE,27/09/2012 02:00,04/09/2012 04:08
er61998783486223,yql41084165,18,2,1,20398,CREATE,18/11/2014 09:29,07/05/2014 11:20
ac36723760141998,spc03690807,19,2,2,21233,CREATE,28/11/2014 09:34,15/02/2015 10:07
gg62382143898607,hih26436644,14,1,3,87754,UPDATE,21/03/2015 07:30,25/10/2015 11:52
sa81431366567393,enh81533591,4,3,2,49169,CREATE,23/05/2012 08:05,24/06/2014 08:08
on99265666561383,ffo30108210,13,3,3,1493,UPDATE,20/03/2011 12:44,28/02/2014 10:24
pu35961284099826,ndz54626007,12,1,3,98938,UPDATE,31/12/2013 11:33,27/12/2013 11:53
ys61976789113043,kcl24545253,2,2,3,3267,UPDATE,04/10/2011 02:26,24/05/2014 04:41
jo17083108283684,woh89600521,19,3,3,8139,CREATE,25/04/2015 03:11,21/02/2017 05:51
ct20320486235964,teo46473458,1,1,2,32958,UPDATE,15/12/2010 06:52,14/11/2013 09:27
tn36101574415054,wky29843039,19,1,1,66705,UPDATE,03/08/2011 01:33,27/01/2016 01:18
du65198849983749,pen80125149,13,3,1,5928,UPDATE,23/10/2014 04:26,05/12/2012 12:27
xx85380704847513,lgw33331934,13,1,1,74590,CREATE,28/01/2015 02:20,30/12/2013 01:04
tb77405217996404,lsn61823564,4,1,1,26568,UPDATE,28/09/2011 09:18,25/12/2012 11:07
pp63833969278119,nir26949371,5,2,1,8486,UPDATE,18/12/2013 04:54,11/02/2014 01:14
lw67659736603812,mnw78323856,21,3,3,3132,UPDATE,19/02/2013 02:40,26/01/2013 07:50
uy50450352830075,cwc56496337,7,2,1,9451,CREATE,04/09/2011 10:08,29/02/2016 04:27
cd22661973905877,vks22392071,2,2,1,11032,UPDATE,29/11/2014 07:04,02/04/2013 12:58
pz06088992678915,vks22392071,10,1,2,4820,CREATE,03/08/2011 12:06,17/10/2013 10:19
wc90406618227581,vks22392071,18,3,2,31320,UPDATE,16/07/2014 05:05,21/04/2013 07:43
rb13380028589570,koq92808017,17,3,2,4353,UPDATE,08/06/2014 03:37,23/11/2012 11:51
fp58177471890549,yhd41230205,4,1,3,5420,CREATE,06/04/2011 05:38,14/11/2016 05:39
jv66967691530919,mii91017162,13,1,1,1969,UPDATE,25/10/2011 03:06,25/05/2012 05:13
cr08223168059342,gvt56624114,15,1,1,2873,UPDATE,14/05/2013 06:46,11/01/2013 09:15
mi29292721881325,wea46580412,16,2,3,77669,CREATE,19/10/2013 12:26,16/10/2012 04:07
lt85003192663823,rdf76104510,7,1,2,94266,UPDATE,03/02/2011 10:46,15/09/2016 05:33
st78590724366317,pzf06067586,10,1,3,578,CREATE,17/05/2012 06:58,22/05/2012 08:45
