Collateral_TypeRecordID,Collateral_TypeID,SubtypeID,ValuationTypeID,ChangeType,CreatedDate,LastModifiedDate
xyhh7864279636,484,49,4,UPDATE,2011-04-24 11:01:33,2012-02-08 06:32:45
swqe8303708064,153,60,27,CREATE,2011-02-15 11:12:04,2014-01-06 11:22:12
bhvp0808978931,610,57,23,UPDATE,2015-02-05 08:28:20,2016-02-25 03:28:26
pmwc6117120361,303,133,21,CREATE,2012-07-08 09:10:38,2015-06-13 05:57:13
ahci9862837167,661,84,3,UPDATE,2013-06-17 04:21:58,2015-12-09 11:13:19
ikzb0426447906,534,68,5,UPDATE,2012-08-04 03:18:31,2015-11-17 04:20:10
touo0881157944,363,121,8,UPDATE,2014-04-04 05:40:03,2017-01-23 02:33:46
gpjg7248652614,197,131,14,UPDATE,2010-02-07 06:22:30,2014-05-09 07:53:58
ovds5798709203,178,65,13,UPDATE,2013-01-08 10:08:48,2013-12-13 04:12:58
fzlz3353325446,993,67,22,CREATE,2011-10-20 03:21:12,2016-10-18 11:11:21
jdkk1900700420,378,5,15,CREATE,2015-01-24 02:03:17,2012-08-06 11:49:12
fnxt4799851178,210,99,7,CREATE,2013-03-14 01:54:27,2015-10-08 03:04:17
rgdw1300165768,294,115,28,UPDATE,2010-09-26 02:44:30,2015-05-26 10:16:05
hfuq5710905302,142,108,4,UPDATE,2014-11-18 10:25:35,2012-08-17 10:25:35
mlkv1742905301,477,53,18,UPDATE,2010-03-08 11:34:23,2016-09-02 07:54:33
xwte1853039591,665,65,14,CREATE,2012-04-30 02:26:45,2015-07-18 09:20:39
glsl0448257682,861,46,14,CREATE,2013-12-10 08:10:57,2015-03-24 10:17:28
ucnz4111690477,857,22,24,UPDATE,2010-05-12 01:14:12,2012-07-23 06:01:21
tyrg1083684388,917,127,3,CREATE,2013-09-06 04:30:46,2016-07-20 09:01:56
drxl4939690266,780,46,1,UPDATE,2010-05-03 12:54:29,2015-11-14 01:35:07
gqbe2392591312,461,23,20,UPDATE,2013-08-29 08:50:14,2016-12-07 03:27:05
dngu1206017585,105,129,13,UPDATE,2013-08-02 07:55:01,2016-03-10 02:09:54
jhqg5062512080,832,19,25,UPDATE,2014-07-28 07:16:45,2013-04-18 02:16:22
wndb6579130353,225,140,28,CREATE,2013-03-26 01:12:43,2015-10-03 02:05:16
maga3513883182,686,147,3,UPDATE,2013-01-01 05:26:06,2012-12-20 07:55:00
xcqs4619451395,927,50,4,CREATE,2010-09-06 02:47:55,2016-10-06 11:26:14
yapw6542216783,352,55,11,CREATE,2013-11-06 11:28:42,2015-10-11 12:02:27
tjwo2509178776,400,24,17,CREATE,2014-04-24 05:19:18,2013-08-20 09:35:08
nffn0873852078,899,86,16,UPDATE,2011-02-24 11:19:38,2015-05-06 03:20:30
uoxs2001204961,168,109,20,CREATE,2011-05-03 11:53:20,2015-07-27 05:31:28
ueuc0994484034,603,76,10,UPDATE,2014-10-09 01:55:43,2013-11-07 12:44:11
ynxf7229507526,322,1,25,CREATE,2013-10-18 02:13:13,2015-05-24 04:23:01
aisy0921329127,429,83,10,UPDATE,2014-12-15 10:27:35,2015-05-25 08:08:10
gcpx1378449774,800,30,25,CREATE,2012-07-23 10:43:15,2015-05-21 03:27:28
wvbq7809431377,727,2,16,CREATE,2010-08-31 09:45:02,2013-12-14 12:57:41
sudo0011726002,785,87,26,CREATE,2012-09-02 05:25:30,2012-11-01 08:31:22
efrt5388899168,282,151,4,CREATE,2014-08-20 06:47:10,2015-06-21 01:59:44
wkgy6267558823,278,47,15,CREATE,2011-05-17 07:38:30,2014-11-17 05:51:59
wmou1749920591,795,89,1,UPDATE,2011-03-20 09:44:32,2017-05-09 10:11:00
rgsj2412641596,239,50,17,UPDATE,2010-10-23 09:35:41,2015-02-14 10:48:29
jztq8263884517,180,17,25,UPDATE,2015-03-09 06:48:22,2012-10-21 02:32:06
pena6827847654,716,9,4,CREATE,2010-10-11 07:24:58,2014-01-09 06:22:23
dbtf7765311990,984,75,21,CREATE,2013-10-07 11:15:31,2015-08-22 08:12:37
gwvy3337375033,324,134,27,UPDATE,2014-08-18 06:51:14,2015-05-17 01:11:27
oafp9636031186,747,116,23,UPDATE,2011-01-17 02:36:00,2015-05-13 03:21:29
kwyh7782752203,500,22,16,CREATE,2011-10-07 02:41:02,2015-09-05 11:42:24
jntv5396659876,200,96,2,CREATE,2011-03-23 06:12:26,2014-08-28 05:00:20
mgsb5771183493,224,160,9,CREATE,2011-06-25 05:26:14,2013-08-24 07:45:57
wkam8133062244,929,52,13,UPDATE,2010-10-30 12:24:45,2015-04-10 12:08:28
dpry1011215078,977,90,21,CREATE,2013-04-22 04:05:48,2016-10-24 05:43:22
foje2617544298,310,78,11,CREATE,2015-01-19 03:38:34,2016-09-01 06:28:25
yuyw5700779510,325,63,21,UPDATE,2014-09-21 02:57:35,2013-05-23 06:19:22
cfwu7779769058,165,12,25,UPDATE,2012-11-16 03:44:59,2013-11-01 08:32:12
axcm2874279549,900,3,24,UPDATE,2011-01-24 09:19:46,2012-08-16 03:51:35
vmfv5489389093,531,35,6,CREATE,2010-06-11 10:43:02,2013-06-23 09:27:51
pmlw0262910448,817,8,14,UPDATE,2012-10-13 11:22:43,2013-10-30 02:43:01
nxnm3357316384,997,95,8,UPDATE,2013-11-13 10:25:42,2013-11-25 09:50:20
ills8946782320,589,78,25,UPDATE,2010-10-22 09:31:54,2013-11-30 08:17:53
wrbo1087561329,140,160,25,UPDATE,2011-07-31 08:42:57,2015-10-07 04:52:15
mvdi2418186804,297,121,20,UPDATE,2011-03-05 01:23:39,2015-09-05 04:44:07
hoal5224720932,802,5,9,CREATE,2013-07-28 10:50:58,2016-04-21 07:48:36
grfg8426047911,677,96,9,CREATE,2010-02-17 03:43:35,2014-07-14 01:28:07
kfaj4619124329,649,111,26,UPDATE,2010-06-12 04:40:40,2016-03-02 12:11:03
dmxg9698000559,112,57,1,UPDATE,2012-10-31 10:07:17,2014-03-09 08:54:03
dyqk1396912556,870,146,20,UPDATE,2013-05-28 07:21:50,2012-05-26 03:17:23
kwtf5749771763,287,42,23,CREATE,2011-11-06 12:09:26,2015-12-02 07:19:51
qcfa9451444596,292,60,1,UPDATE,2013-07-14 01:13:44,2017-03-04 11:31:30
mylg9989018248,300,162,26,CREATE,2011-03-17 06:30:09,2014-01-13 08:16:23
mpzl1331737546,969,38,13,CREATE,2010-05-31 02:31:34,2014-05-23 11:16:27
chhg8344737331,513,46,13,CREATE,2013-02-20 02:36:13,2012-09-07 07:02:58
qxla0639892171,601,113,20,UPDATE,2015-03-18 09:22:35,2015-08-25 08:59:16
zndx7995024073,554,162,6,UPDATE,2014-11-17 08:13:16,2013-02-04 03:31:06
vdnf3150718413,563,35,2,CREATE,2013-12-21 05:43:59,2015-05-04 11:45:09
swvv0822015396,392,63,20,CREATE,2013-02-27 10:59:31,2016-06-02 02:10:32
bneq2292570121,195,136,16,CREATE,2014-10-01 01:13:40,2012-07-08 08:18:25
bcji0087076188,487,106,12,UPDATE,2011-08-06 02:46:19,2014-07-22 12:01:46
voyg6930466173,753,51,14,UPDATE,2010-07-09 01:33:45,2017-05-11 08:24:33
tmng4853730164,248,106,13,UPDATE,2012-04-09 03:47:06,2017-03-17 05:36:43
pcaj1297097061,603,136,11,UPDATE,2010-01-28 04:10:35,2014-11-09 08:22:21
oxom2991739003,496,114,5,UPDATE,2010-10-26 02:22:03,2014-04-21 01:32:06
gazg8674934925,720,155,24,UPDATE,2011-06-04 10:16:00,2016-05-05 06:38:05
uhab8125738360,833,128,27,CREATE,2011-12-20 06:06:32,2014-01-18 06:08:39
skwr5310235662,327,79,19,CREATE,2012-01-31 01:40:47,2014-01-24 05:04:16
vdpi7988334605,447,30,19,UPDATE,2013-05-22 01:47:36,2014-01-25 09:21:55
cjjh1475117405,796,51,28,CREATE,2011-03-16 11:01:54,2014-07-21 06:17:58
flkb8636962116,950,139,26,UPDATE,2014-03-10 03:05:54,2014-06-27 11:32:37
lgld6427758135,175,93,2,CREATE,2010-08-08 09:34:47,2015-05-19 04:18:46
gnlw8555509366,523,150,22,UPDATE,2015-03-21 09:10:30,2014-02-16 10:50:23
kojp8668760359,722,96,19,CREATE,2013-09-02 09:07:53,2012-11-30 08:13:51
symx6092406158,874,66,17,UPDATE,2012-12-10 05:24:32,2016-03-25 04:34:46
cfhh7322875701,697,65,3,CREATE,2015-04-07 06:40:39,2013-08-26 08:49:56
mmfz1082841602,694,96,7,CREATE,2012-06-07 02:30:05,2012-07-16 03:03:11
xdah9837995436,986,112,11,CREATE,2010-04-22 11:57:42,2015-02-15 11:30:22
spax2160230314,618,148,7,UPDATE,2013-03-25 08:17:43,2013-09-06 03:00:19
yazx4676141720,243,110,21,UPDATE,2010-04-18 09:22:33,2014-10-26 09:12:18
fswn8135741881,731,130,15,UPDATE,2011-02-06 08:34:30,2012-12-08 08:30:24
jdgi0020130844,356,141,17,CREATE,2012-05-20 12:53:44,2012-08-05 09:15:45
bhtq8125910509,344,132,13,CREATE,2013-05-20 01:27:39,2016-12-23 01:17:19
shqe8749670684,110,130,14,CREATE,2013-12-21 12:36:03,2016-05-01 04:13:49
ebmf6800545500,797,8,5,UPDATE,2014-03-15 05:45:11,2015-06-20 04:10:00
ekkt4351630617,510,3,26,UPDATE,2012-08-18 11:29:24,2016-01-14 04:16:27
nley9865955351,889,124,23,CREATE,2011-10-26 08:49:01,2016-11-04 09:05:09
ygmj2930023654,781,162,19,UPDATE,2014-04-26 08:48:01,2015-05-12 06:02:14
uaxy6478188748,488,109,13,CREATE,2013-11-06 08:22:36,2013-09-30 08:56:33
gvkx9771524934,124,123,3,CREATE,2011-05-03 08:45:01,2016-12-20 01:32:52
rvit8216028509,145,59,6,UPDATE,2015-05-08 07:39:50,2016-03-13 01:41:46
jaju7131662218,547,104,17,UPDATE,2011-12-12 01:47:32,2014-05-08 10:47:08
uaaa0506645534,965,30,12,CREATE,2013-09-07 10:39:07,2014-11-07 04:19:05
lclo5392621799,998,92,1,CREATE,2013-10-11 01:38:38,2013-06-24 04:12:38
sfju6358544434,768,160,3,UPDATE,2015-04-01 05:24:32,2012-08-08 03:42:53
baac5590680863,639,7,8,CREATE,2014-10-09 06:46:49,2012-01-17 05:52:19
lqjt5343919088,890,9,28,CREATE,2010-08-13 06:23:51,2012-02-02 06:48:19
goxx5383199238,252,98,13,CREATE,2014-11-01 12:14:31,2013-05-29 12:28:00
elwy6396000835,455,104,7,UPDATE,2012-11-20 01:25:09,2014-12-06 09:15:36
bjuj3073760627,318,159,5,UPDATE,2014-07-05 09:52:43,2015-05-13 03:03:09
wjzi8668656719,574,50,16,UPDATE,2010-10-05 04:25:15,2012-10-28 09:07:13
epdo3501298668,187,57,2,UPDATE,2012-11-23 12:18:24,2012-02-16 08:02:56
pwvu8171149888,556,66,27,CREATE,2010-10-06 10:08:56,2016-07-01 05:45:22
xkyz9745462977,634,126,3,UPDATE,2012-10-28 06:48:25,2016-04-02 05:52:00
qtcd1005234004,156,124,14,CREATE,2011-10-24 05:56:31,2014-08-01 03:13:45
gezd9355898475,777,26,16,CREATE,2011-08-15 09:52:03,2016-12-20 05:48:51
dleq2937344694,860,86,10,UPDATE,2011-10-02 08:37:41,2014-04-24 06:08:30
khqs6799415477,277,126,10,CREATE,2011-11-05 12:52:03,2012-01-25 06:42:15
qytd6538306807,626,141,28,CREATE,2011-10-10 09:07:48,2015-05-06 02:25:15
orfw4385809849,366,154,8,UPDATE,2014-02-23 09:59:17,2014-01-01 11:13:52
prji7430669999,100,78,5,CREATE,2011-02-08 12:13:55,2013-02-24 04:05:11
quas1156576666,139,61,16,CREATE,2012-09-20 10:18:45,2013-07-16 05:34:30
caqo6455071703,493,95,22,UPDATE,2011-04-05 05:12:41,2015-01-09 03:07:37
tnhl4281707941,769,36,22,UPDATE,2015-04-09 05:36:13,2016-03-20 06:16:40
oaha7087773560,374,2,9,CREATE,2010-06-20 10:04:54,2016-04-27 11:32:29
kjlx3193921112,980,45,17,CREATE,2012-03-31 10:50:17,2013-02-02 09:32:32
lyos0820522679,777,141,19,UPDATE,2011-07-12 04:41:59,2012-11-04 10:02:51
djhl1375003146,566,38,7,UPDATE,2011-07-09 04:16:05,2016-10-15 01:16:38
qhwq9297161128,206,23,21,UPDATE,2013-01-02 06:44:16,2012-11-29 11:15:40
vwgc0165670096,536,17,21,UPDATE,2011-03-02 11:00:19,2014-10-14 10:43:20
lmzj6569679154,970,159,10,UPDATE,2013-08-04 01:50:05,2016-02-05 07:42:41
vupj0216802132,781,145,14,UPDATE,2015-02-16 11:50:36,2012-09-23 08:09:22
zedi1745786798,703,91,6,CREATE,2010-02-02 05:54:57,2016-09-16 03:35:22
lmdh9953517351,680,86,22,CREATE,2010-03-02 12:10:28,2015-10-08 03:19:33
fjkh8841789664,217,81,5,UPDATE,2010-10-01 06:07:26,2012-02-24 02:41:47
hhdm9945656270,204,154,1,CREATE,2013-05-12 05:58:20,2016-12-17 03:05:33
ofqo2854595280,729,118,8,UPDATE,2011-10-15 03:53:07,2016-09-08 09:44:18
teud2415656707,957,71,18,UPDATE,2014-08-12 06:36:08,2013-11-13 11:32:46
xypj7184496683,102,28,12,UPDATE,2010-10-04 05:57:58,2016-05-07 02:51:47
tjzg4153652660,761,93,5,UPDATE,2011-04-03 02:07:21,2013-12-22 12:37:25
olyy1300550488,122,137,14,CREATE,2012-06-17 08:41:08,2013-03-01 07:38:39
syln0507560256,325,126,25,UPDATE,2012-10-16 10:54:06,2014-06-16 02:47:13
aulm3915772485,392,28,9,UPDATE,2012-10-26 04:12:04,2016-09-07 06:49:05
xvho3398570057,154,150,25,CREATE,2015-05-06 03:19:52,2014-04-12 01:25:42
uaye9886402425,218,128,19,UPDATE,2011-02-02 04:00:49,2013-03-17 09:15:29
gjly7810906380,107,105,12,UPDATE,2013-06-26 07:19:26,2015-07-31 02:02:07
wnme8068438667,431,91,23,UPDATE,2013-01-26 08:30:45,2015-07-24 12:41:46
aysq9438538197,328,82,19,UPDATE,2013-10-10 06:34:02,2014-12-03 04:53:00
nnxn7994999838,385,109,6,UPDATE,2012-04-06 05:21:30,2013-12-11 10:32:53
imvd3200579540,702,97,25,UPDATE,2014-10-31 05:40:03,2014-12-12 10:26:05
mgxj9626995999,573,155,23,CREATE,2011-08-09 02:12:09,2013-06-09 10:00:16
yffx1903827474,917,128,2,CREATE,2014-06-08 06:39:01,2016-04-02 07:36:32
cqnb8937676170,238,85,6,UPDATE,2014-08-09 07:58:31,2016-05-18 07:43:09
hzxr0200760747,534,27,22,CREATE,2013-03-05 02:16:08,2012-09-06 12:12:41
rpuq2259817475,654,70,16,CREATE,2014-08-03 05:26:24,2012-02-06 02:15:16
gtuq8886062612,721,156,10,CREATE,2014-03-06 08:45:39,2014-09-18 06:11:39
tihc5454854091,791,42,17,UPDATE,2013-11-02 09:51:06,2013-08-22 04:15:07
xuzq9670420790,221,160,9,CREATE,2012-04-06 03:29:49,2014-09-15 06:04:10
kxwg6746233752,521,30,19,UPDATE,2015-05-06 07:59:31,2016-06-13 07:47:50
jzni8461211362,579,46,12,UPDATE,2014-07-30 02:16:41,2014-11-09 07:44:50
uwne7115632835,783,25,18,UPDATE,2014-08-17 06:01:12,2017-03-24 08:59:26
aums3493855508,380,2,21,UPDATE,2012-01-18 02:25:41,2015-12-04 09:09:25
gttg3475825738,148,35,3,CREATE,2010-03-29 08:54:54,2016-01-31 08:26:40
sgpl7586201039,984,115,24,CREATE,2012-04-28 10:53:24,2015-05-30 05:54:05
zhjh2618646280,165,89,4,CREATE,2013-06-05 12:39:38,2014-06-03 06:06:48
qxmh3742779255,444,101,1,UPDATE,2014-12-18 02:02:03,2015-05-11 07:12:32
biyn7585605915,602,80,18,UPDATE,2013-07-24 09:50:38,2015-10-22 01:12:08
yibk6093949557,273,145,6,UPDATE,2014-06-14 09:09:03,2014-12-29 08:12:16
pnrn3218629145,668,129,7,CREATE,2014-02-23 03:52:12,2014-03-22 06:43:51
otbw2868240897,788,20,27,CREATE,2015-02-19 02:46:05,2014-08-20 06:45:03
lwnk7404946329,961,159,10,CREATE,2014-05-15 10:47:04,2016-06-22 08:43:01
fmnr9613160406,931,143,17,CREATE,2014-03-14 03:20:15,2015-08-29 11:16:14
nqmh2483993883,615,34,25,UPDATE,2015-03-04 09:15:39,2012-07-22 01:00:30
fjon2135848588,754,83,7,CREATE,2014-08-05 07:23:31,2016-08-08 06:36:44
jnnf4965721863,410,104,4,UPDATE,2013-06-04 09:16:39,2016-02-27 02:45:16
uqwo4733864987,490,63,8,CREATE,2013-12-30 10:58:34,2013-09-21 05:12:00
nvwv6110722014,422,17,2,UPDATE,2010-05-15 11:51:08,2013-02-06 07:36:30
szsb7211673378,102,61,1,UPDATE,2013-10-18 11:09:02,2015-11-25 11:46:06
byum2971564198,155,150,19,CREATE,2012-04-28 02:58:27,2012-12-24 06:06:26
jdnz4776840119,671,149,18,CREATE,2010-02-21 04:12:46,2012-09-07 01:28:56
lqsy7165822646,721,135,26,CREATE,2012-02-24 04:34:49,2012-06-10 04:41:02
tnnj0826084151,485,39,13,CREATE,2015-01-01 01:19:12,2012-03-21 09:20:30
uids8107544629,160,157,28,UPDATE,2011-08-17 09:50:19,2013-03-29 05:38:21
ethr9952024493,867,156,23,UPDATE,2014-02-24 06:41:14,2015-02-23 09:11:07
sseb6074388888,599,130,4,UPDATE,2013-04-15 02:03:10,2013-11-14 05:47:26
bigm2370584474,360,25,1,UPDATE,2010-09-29 07:24:08,2014-08-12 05:30:07
ogum0266379732,834,40,1,UPDATE,2010-12-02 04:47:28,2015-12-17 09:47:16
pvqw3390609185,692,160,7,UPDATE,2012-06-27 12:52:05,2014-08-31 11:30:33
rccv1607108289,859,103,21,CREATE,2013-05-15 09:56:26,2017-04-30 12:08:04
reyu1920016711,690,85,1,UPDATE,2014-10-25 11:10:50,2017-02-25 01:50:43
acsm3663877170,590,81,22,CREATE,2014-06-27 06:45:30,2013-09-17 06:41:46
utdo9679133952,555,164,17,UPDATE,2013-08-04 02:39:18,2014-10-16 08:03:41
tdkn5444035596,588,111,13,UPDATE,2011-02-23 05:52:55,2014-05-08 08:57:39
vvhv5194331021,756,8,10,UPDATE,2011-10-10 01:11:06,2012-03-05 11:56:58
cmhk8255751496,737,100,3,CREATE,2012-11-20 05:07:32,2013-06-08 06:35:34
meht5848073164,737,2,19,UPDATE,2011-07-31 01:02:52,2012-07-14 11:50:06
lxpm4232865907,588,95,12,UPDATE,2013-04-13 09:47:21,2012-01-17 07:13:11
wunr6615191688,179,79,24,CREATE,2011-01-22 08:25:07,2014-09-26 02:24:50
zuow9981160077,227,151,26,CREATE,2015-03-26 07:12:05,2012-12-25 02:19:58
dscs2511207576,624,36,23,CREATE,2015-04-28 04:27:57,2017-05-09 07:56:23
lmdg0356294088,307,119,26,CREATE,2012-12-27 10:40:19,2015-01-03 12:10:37
zydc4388564213,882,6,25,CREATE,2013-01-30 01:52:17,2014-01-11 01:18:49
wxuy8024370857,528,124,20,CREATE,2010-02-13 08:01:55,2013-09-15 04:12:40
uwgb4374982415,378,57,6,CREATE,2014-10-31 06:54:46,2015-11-10 04:54:12
eopy3634874555,705,126,2,UPDATE,2010-09-20 02:35:00,2012-09-23 11:24:09
vrgo6514079990,488,90,12,CREATE,2010-06-09 03:43:06,2012-05-10 12:32:39
lyhz0532962562,911,147,24,UPDATE,2011-07-23 12:07:03,2013-02-13 04:45:00
ccex4049890362,751,111,2,UPDATE,2010-07-23 07:41:26,2016-05-13 07:24:46
vykx5496918513,714,128,1,UPDATE,2012-09-06 09:28:16,2015-12-06 08:07:14
ynaa1458990966,134,48,18,CREATE,2015-05-07 12:29:34,2014-11-27 03:54:04
ujwc1647014452,482,54,21,CREATE,2012-06-09 05:52:02,2015-05-07 03:42:48
gwpz0905115589,156,80,27,CREATE,2011-09-17 09:52:27,2014-12-15 09:53:51
pzkg1057586873,611,4,25,UPDATE,2013-05-08 10:57:13,2013-01-26 01:01:59
mhdc8486321277,436,1,15,UPDATE,2012-12-11 04:43:40,2013-04-08 05:05:48
vqoh2169882622,417,33,23,UPDATE,2012-08-17 08:06:54,2014-08-18 11:44:01
utvg1923179314,407,129,26,UPDATE,2013-12-10 09:11:12,2016-11-17 10:48:14
gukc4070867275,551,99,16,CREATE,2012-02-10 12:07:29,2015-12-15 10:48:27
efkr2152430648,450,9,26,CREATE,2013-10-01 11:23:36,2013-12-25 05:16:47
aajl3989819359,878,70,8,UPDATE,2014-09-01 06:24:26,2014-12-10 02:21:02
loqw5850498783,206,73,12,CREATE,2012-06-07 08:54:49,2017-04-06 08:38:47
ulve6569148885,567,130,17,CREATE,2015-04-29 06:51:17,2016-09-18 07:47:21
nuhk5336668626,287,82,12,CREATE,2010-04-06 08:07:18,2014-09-14 05:41:15
casv2950252192,113,32,23,CREATE,2011-12-10 01:35:22,2012-08-15 12:44:36
zwdg1418442263,791,113,23,UPDATE,2011-03-15 08:02:16,2013-06-19 10:32:50
lqjx6518019553,998,105,1,UPDATE,2013-02-24 03:11:28,2015-01-09 01:52:59
iqww9492947882,280,70,3,UPDATE,2012-08-07 12:16:43,2017-05-02 07:00:53
bfit2214749501,159,44,25,UPDATE,2014-10-09 01:23:21,2013-04-14 04:56:13
diki7005987576,151,113,3,UPDATE,2011-07-13 11:38:40,2015-01-03 12:55:20
xvag4070792598,993,38,22,CREATE,2013-04-27 02:27:25,2012-07-20 01:12:00
pviy5569204299,734,49,9,CREATE,2013-11-09 02:28:39,2013-04-14 09:46:47
yfnp3238137480,788,120,18,UPDATE,2015-01-28 04:38:29,2012-02-16 02:46:55
zldx8173081583,979,43,28,CREATE,2011-05-27 04:06:18,2012-06-22 12:22:45
hdbk1848795358,184,78,3,UPDATE,2012-09-07 06:21:00,2013-08-24 02:51:29
zcmx2637753442,568,158,22,CREATE,2015-03-18 12:57:28,2015-12-06 11:38:28
dufq8294354827,477,40,14,UPDATE,2011-10-01 08:10:48,2012-05-23 11:01:51
nmmy2677355472,152,37,17,CREATE,2014-02-05 08:33:02,2014-05-10 04:16:53
emrr1389183242,241,78,21,CREATE,2012-04-12 04:13:21,2015-05-23 06:35:47
lmkj6273607316,265,9,27,CREATE,2013-07-09 05:39:14,2012-09-28 10:25:52
hggt5889594791,969,60,8,CREATE,2014-05-16 05:24:43,2012-06-26 11:49:57
ryrc6447507925,670,18,10,UPDATE,2014-06-05 05:22:22,2015-10-12 09:43:03
pxhd8601337210,537,2,25,UPDATE,2014-04-30 03:28:03,2013-03-28 04:09:41
qxbf5718979452,115,31,15,UPDATE,2014-01-16 06:37:26,2014-06-29 10:55:09
ettt9437964514,463,88,23,CREATE,2015-04-13 08:06:45,2013-11-11 03:17:57
wkpj0494788202,623,89,22,CREATE,2013-07-26 01:45:38,2016-12-13 07:04:20
plwq3448764154,824,138,11,CREATE,2013-07-11 08:33:42,2016-11-27 05:58:42
alsd3479785481,751,161,23,CREATE,2011-10-19 12:06:15,2015-08-19 08:10:51
dxdq3957741897,424,163,24,UPDATE,2013-11-13 09:34:38,2012-05-10 05:33:36
dozb7029486144,543,15,9,CREATE,2014-05-21 07:52:17,2013-09-25 01:41:20
daih7866211978,359,113,16,UPDATE,2014-08-17 11:50:05,2013-07-09 11:04:52
fbxr9909936188,540,36,28,UPDATE,2013-11-08 06:13:20,2013-12-28 10:13:46
yrfj7223320407,509,39,10,CREATE,2010-03-10 10:49:22,2017-03-30 11:06:02
xdtx9624062204,707,18,13,UPDATE,2010-09-15 01:35:56,2014-09-26 01:45:43
peld5621933259,363,22,16,CREATE,2014-04-23 04:25:35,2016-07-20 11:27:13
biem4564756694,697,76,23,UPDATE,2012-07-28 10:51:54,2017-01-27 02:48:21
rydi4715015267,327,133,6,UPDATE,2011-06-03 05:19:59,2015-04-13 07:58:19
zdos3977297738,770,54,23,UPDATE,2010-09-12 07:59:37,2016-01-17 05:02:13
vufw6752687497,375,47,17,CREATE,2011-09-23 12:50:32,2013-11-16 07:23:27
aeol9614356870,406,116,6,CREATE,2012-09-12 03:53:13,2016-11-28 08:17:45
atsu2106769359,647,32,28,UPDATE,2014-10-20 12:32:25,2012-11-08 10:23:30
fgqt1041466398,652,127,21,CREATE,2012-10-03 07:37:06,2016-05-27 08:15:33
qiup3501995905,233,129,17,CREATE,2012-01-22 01:01:33,2013-07-08 01:15:29
eaor1519557196,254,69,10,CREATE,2013-10-19 09:19:09,2012-02-18 09:30:34
njxy7279275707,186,155,17,UPDATE,2010-10-17 04:38:45,2012-06-29 12:19:34
drgr2344124689,558,156,8,CREATE,2013-03-06 04:00:14,2012-05-26 09:37:50
xpza9073095568,569,133,19,UPDATE,2010-03-13 10:16:38,2015-09-28 07:35:54
imxo1408857155,985,108,11,CREATE,2011-07-16 08:49:28,2014-05-06 03:53:13
uzwb9401675080,533,45,10,CREATE,2010-07-12 11:17:15,2017-05-14 03:49:48
mtaf7603626719,615,116,5,UPDATE,2011-08-13 01:03:18,2015-03-21 04:45:51
aszb7686250645,802,97,26,UPDATE,2012-08-28 06:32:57,2014-08-19 12:06:47
cvnt8001664687,279,120,28,CREATE,2011-08-29 05:08:27,2013-01-20 08:51:06
vfep6300764141,262,143,28,CREATE,2014-10-17 04:36:40,2014-06-20 03:15:42
makw8707419592,331,12,7,CREATE,2010-02-02 05:32:10,2016-11-14 07:44:24
xier6188417952,231,20,1,CREATE,2015-01-06 01:20:40,2016-01-20 06:56:31
fggb2007790771,913,17,24,CREATE,2010-05-09 03:40:53,2013-05-19 01:59:22
ghyq9450065943,700,141,11,CREATE,2012-01-27 04:27:18,2012-05-15 03:39:46
aulb7285748765,372,43,15,CREATE,2011-03-12 02:33:10,2013-09-21 06:06:28
ypud2479397498,438,26,1,UPDATE,2014-06-17 09:09:34,2017-02-19 11:23:20
kwhc2756240438,815,49,9,UPDATE,2011-04-06 09:17:33,2013-02-01 04:52:35
atxe7863551002,181,56,12,UPDATE,2012-08-13 08:12:31,2014-12-16 06:27:46
hwso2665469591,173,158,6,UPDATE,2012-03-25 08:13:43,2016-12-21 12:46:33
ufyk4969379609,926,4,28,CREATE,2013-02-02 10:01:31,2016-10-03 11:11:33
nspl0823353832,638,128,15,CREATE,2014-11-09 07:52:47,2015-10-14 03:05:35
vdzp2019461673,376,46,27,UPDATE,2012-07-12 02:41:05,2017-02-12 10:42:33
klio7453711247,290,140,7,UPDATE,2013-10-06 03:13:56,2016-11-29 04:24:15
imyo2319683199,747,40,21,UPDATE,2012-08-06 05:57:57,2015-10-23 12:21:38
ommo0883255130,568,11,2,UPDATE,2012-01-17 12:06:06,2013-06-24 01:17:24
ejuq4857230228,651,150,27,CREATE,2015-03-01 03:09:51,2013-09-04 08:07:52
phkl8695469719,536,99,2,CREATE,2012-10-15 05:14:47,2012-11-19 05:45:47
jpix0314931022,461,138,8,CREATE,2013-01-30 04:37:19,2014-03-07 04:04:53
koef0953358942,842,146,10,CREATE,2014-07-16 06:29:27,2017-03-06 05:51:01
vmlf6455030119,190,131,21,UPDATE,2010-01-28 08:11:24,2014-11-18 12:58:18
hvab6138267716,394,104,28,UPDATE,2010-07-08 03:47:51,2014-02-12 03:58:53
wstw4406775575,445,71,11,CREATE,2010-02-16 08:37:26,2016-08-13 09:42:54
umbp3796115386,633,144,22,CREATE,2010-05-03 02:09:51,2012-02-28 12:34:29
vbrx8801515882,865,32,24,CREATE,2014-09-10 04:22:44,2016-10-18 11:49:45
whhu2824212255,798,126,8,UPDATE,2010-01-17 06:23:43,2016-08-02 10:27:01
bvvn2251449185,122,136,22,UPDATE,2012-11-23 11:23:41,2017-04-05 09:14:02
vqko1091779097,955,46,14,UPDATE,2011-06-23 03:05:16,2013-06-18 02:39:46
cdzk4769983134,136,117,24,CREATE,2011-11-26 03:12:11,2014-02-09 11:12:04
gcce5123136974,610,76,10,UPDATE,2012-05-31 06:27:47,2017-03-28 07:21:46
lnlg4522234420,821,104,4,UPDATE,2012-01-28 02:20:17,2014-09-02 02:03:29
zpme9039267355,569,11,11,UPDATE,2011-10-15 11:45:42,2016-11-22 01:56:42
ttte7307643600,328,60,9,CREATE,2013-08-25 04:47:05,2013-12-13 06:45:47
jdju9661897260,952,30,26,CREATE,2015-01-18 09:53:18,2015-03-17 05:01:08
mkev5580509954,510,79,24,CREATE,2013-01-26 03:33:42,2014-10-24 06:32:23
lhhb8842832777,515,40,8,UPDATE,2010-11-25 04:59:11,2014-09-29 11:52:43
xumt3227043452,845,4,22,CREATE,2012-09-12 02:46:34,2016-10-21 05:51:24
fviq8619254349,857,34,11,UPDATE,2014-06-01 09:19:18,2012-07-23 04:43:54
jsvr8296150441,130,114,26,CREATE,2014-01-19 05:05:44,2013-07-21 03:02:25
tbxa7988995557,804,96,28,UPDATE,2011-03-25 11:37:12,2016-07-17 01:12:00
heft1282369870,726,130,10,CREATE,2012-08-21 08:30:03,2013-10-21 12:03:56
nbai4862283473,280,4,27,CREATE,2012-02-05 01:47:44,2012-01-25 03:04:43
kjqu8663055099,953,34,22,UPDATE,2010-09-19 08:30:04,2012-05-30 09:30:30
jdbu0160740327,805,86,1,CREATE,2013-12-15 06:26:08,2016-08-22 02:31:25
ettt3864669692,600,120,21,CREATE,2011-05-26 02:19:20,2015-08-24 05:21:20
dsky2403962630,541,12,15,UPDATE,2010-01-26 12:35:40,2013-11-19 03:24:27
muyk6216570398,551,156,20,CREATE,2014-12-29 10:19:12,2014-11-21 12:34:45
upif6131145813,828,100,17,CREATE,2011-08-31 04:15:02,2014-11-26 04:58:25
tnum7332904023,209,145,9,CREATE,2012-06-16 02:46:06,2015-02-22 12:55:06
urcv9334503350,354,108,7,CREATE,2014-07-02 07:36:53,2015-04-08 10:45:25
zqnv8413959068,835,142,7,UPDATE,2011-07-04 03:17:54,2014-07-11 09:39:19
tyxu7626846095,997,137,1,UPDATE,2015-04-22 12:29:21,2013-07-30 09:35:00
pryh7096139093,220,30,25,UPDATE,2011-05-21 12:07:55,2017-05-10 05:59:00
hvqr2715070401,578,103,20,UPDATE,2015-04-04 05:04:24,2014-07-11 05:49:23
fdkl0861702677,420,61,14,UPDATE,2015-02-25 12:54:20,2016-06-10 03:26:22
ipwh6205731773,170,43,10,UPDATE,2012-09-27 01:39:26,2015-06-23 06:27:41
zyxn5519491127,261,61,24,CREATE,2013-08-27 03:52:53,2017-01-11 11:14:20
nzfz7734159660,129,22,9,CREATE,2015-04-22 02:13:38,2013-10-30 02:22:57
wwwm7412485042,829,131,14,UPDATE,2013-10-20 01:22:01,2014-02-01 04:02:56
kqvu5323593173,841,123,15,UPDATE,2010-07-23 12:47:25,2014-12-25 05:35:55
hirs2907323414,615,28,18,CREATE,2013-01-14 07:35:34,2016-11-24 06:58:19
zntu7868340250,410,9,5,UPDATE,2011-07-05 09:22:48,2014-12-30 01:03:39
kzqd7401653507,242,44,26,CREATE,2012-11-25 01:47:33,2015-02-10 03:34:44
xxlo8016382079,985,21,7,CREATE,2012-10-13 04:06:48,2016-05-20 08:24:32
ityb7153284759,996,145,26,UPDATE,2015-02-18 05:10:08,2017-02-11 11:28:15
ddet9722059581,950,62,9,CREATE,2014-02-03 02:51:16,2016-12-09 12:22:03
ucyq5744519087,267,101,19,UPDATE,2013-11-29 10:38:36,2013-02-25 08:43:42
nvvq3467943809,130,153,15,UPDATE,2010-07-04 01:38:53,2014-03-20 02:41:19
qbdi9934150764,187,39,17,UPDATE,2013-12-05 07:22:43,2012-12-12 10:10:20
cney8315843137,118,65,10,UPDATE,2014-11-13 02:49:14,2012-04-22 06:57:20
tnvc2982062271,324,91,14,CREATE,2010-11-29 03:42:19,2014-12-06 06:54:35
ftff7559540877,420,127,6,UPDATE,2010-12-09 03:50:11,2014-09-05 04:32:54
enya4087647535,780,66,21,UPDATE,2015-03-08 03:57:02,2014-08-23 11:05:24
jwiu2093372577,884,148,10,CREATE,2013-05-05 04:35:07,2014-08-24 04:02:42
sxdd0425106002,964,116,26,CREATE,2013-08-01 09:49:57,2015-12-27 08:28:54
ysid4119270153,860,90,3,CREATE,2012-02-19 02:33:01,2016-05-16 10:20:06
chuc6587937796,258,91,4,UPDATE,2013-08-06 10:39:02,2013-06-16 02:59:21
jtqn9419349070,776,74,24,CREATE,2013-03-06 02:48:35,2016-04-15 04:04:24
dbgi1208367327,856,160,22,UPDATE,2015-03-20 07:44:52,2014-12-18 02:29:53
gejj7347693983,202,43,16,UPDATE,2011-04-23 02:42:28,2015-10-27 03:14:49
kayr8843611048,900,88,2,CREATE,2010-10-18 07:30:34,2012-03-25 12:29:23
vcsl5443116288,450,145,22,UPDATE,2013-04-28 12:24:32,2012-03-25 12:54:16
ogyj1225326282,764,3,13,CREATE,2014-12-13 05:32:41,2013-03-04 12:30:18
auen5953664338,178,39,19,CREATE,2014-05-05 03:40:33,2016-08-10 02:38:31
omkg3611555600,619,124,20,CREATE,2013-12-22 06:41:45,2017-03-27 09:37:11
zopk4977440631,985,35,28,CREATE,2013-09-17 03:30:37,2016-10-23 02:06:41
qknv6686971856,592,13,1,CREATE,2011-10-19 12:13:30,2014-04-18 01:25:30
qsne9808834106,392,6,19,CREATE,2010-08-13 09:18:38,2012-11-16 08:59:02
gpen1480265309,766,129,5,CREATE,2014-01-24 11:14:16,2012-10-26 12:59:55
rdmd0120576058,312,121,15,CREATE,2015-02-27 07:17:13,2015-02-24 07:53:28
mhmq5109989234,383,102,2,UPDATE,2014-08-22 10:23:19,2015-05-18 02:20:36
sbvc5821992282,839,65,3,UPDATE,2013-09-08 09:58:01,2016-08-31 06:31:22
uvpg8871697871,930,123,18,CREATE,2015-04-14 12:06:45,2015-05-06 06:34:39
mctb8310321762,548,120,19,UPDATE,2012-03-13 04:00:36,2013-03-23 03:06:04
izfj5413701431,102,95,1,UPDATE,2015-02-19 11:59:46,2016-01-11 08:13:46
dtyu2737927098,354,36,3,UPDATE,2010-11-25 07:24:13,2016-03-07 01:15:15
adkf8077388976,721,41,24,CREATE,2015-01-21 09:19:15,2012-10-02 12:52:20
njei1456088502,998,29,3,UPDATE,2011-03-06 07:14:08,2015-05-26 12:53:50
cpvd9669742510,179,140,22,UPDATE,2010-07-06 07:39:27,2014-03-14 03:39:02
eicy2319365719,660,91,13,UPDATE,2014-11-24 08:33:57,2015-06-28 01:23:37
ypum2981099622,901,39,22,UPDATE,2015-01-15 11:43:17,2015-02-07 10:00:44
fgai2432298036,967,124,13,UPDATE,2011-06-01 05:33:19,2012-04-16 07:09:30
worr6927074149,890,151,16,UPDATE,2014-01-25 02:37:59,2015-08-13 09:09:53
hjio7608924427,862,6,22,CREATE,2013-10-20 11:11:55,2013-09-22 04:40:29
ssra9291329858,605,114,6,UPDATE,2010-08-01 02:24:02,2012-05-13 01:52:39
cymp5799428800,649,32,1,CREATE,2013-01-08 07:26:17,2013-12-09 04:55:38
srws5895956345,902,27,12,CREATE,2013-03-22 05:19:05,2016-08-17 07:15:52
xurt3807414079,305,100,25,CREATE,2013-02-08 03:05:43,2013-03-22 02:44:26
ptmb9021104414,881,28,17,UPDATE,2014-12-17 06:14:16,2015-03-09 07:08:06
eqzf3336755675,249,102,8,UPDATE,2012-09-22 04:37:43,2013-07-15 10:51:53
wotd6972364177,127,137,11,CREATE,2013-08-29 04:57:50,2012-08-31 04:13:03
mwvw0599622655,700,5,22,CREATE,2015-03-21 05:49:43,2015-02-18 05:01:42
yxzy8749216714,446,98,23,CREATE,2010-07-06 05:16:40,2012-01-24 03:19:19
ifbu7824689968,764,135,16,UPDATE,2012-08-20 04:38:26,2016-07-19 01:55:11
bemo0487741019,170,155,3,CREATE,2013-07-02 09:50:07,2016-11-17 10:49:01
ifau8912425868,785,163,1,UPDATE,2010-03-06 05:06:24,2015-09-13 07:37:24
tasv3980921716,355,135,2,CREATE,2013-11-02 12:31:40,2013-05-25 04:14:31
gtoq0771509637,481,106,20,UPDATE,2012-02-24 09:31:38,2017-03-05 12:42:45
yxsf9110488846,328,128,16,UPDATE,2014-09-23 12:23:25,2015-06-29 09:45:02
vphv1560859483,896,86,3,CREATE,2010-08-06 07:41:25,2013-06-14 10:43:12
fuso0639126859,108,56,26,CREATE,2010-06-27 07:28:30,2014-05-04 08:27:50
fykz8145267198,335,142,8,UPDATE,2011-12-24 09:22:09,2014-12-21 01:53:51
wtzy7798420022,896,137,24,CREATE,2014-11-21 12:02:27,2014-06-19 01:37:40
uyfn8712366893,581,124,18,CREATE,2014-10-07 01:59:43,2014-04-11 09:48:48
ilwk9978064996,572,126,9,UPDATE,2011-09-22 07:12:30,2016-08-07 05:10:47
oyjs3541800931,647,158,28,UPDATE,2012-08-13 06:17:58,2012-08-31 10:49:21
ojtv2019179896,481,98,24,UPDATE,2014-06-16 03:54:37,2017-02-27 03:35:57
ygkg6325699555,605,12,17,UPDATE,2013-04-29 10:26:27,2016-03-02 03:26:33
clms5728872990,891,33,27,CREATE,2014-02-22 03:29:59,2017-01-22 03:17:39
ujqk7245986825,522,6,26,CREATE,2014-10-07 01:54:23,2015-01-27 08:09:18
zccv8154340476,714,149,7,CREATE,2011-03-16 03:21:01,2016-10-22 02:34:01
zaxn4660157632,889,110,19,CREATE,2011-12-14 05:43:32,2012-08-10 02:44:09
mvjm3385593417,367,18,3,UPDATE,2013-09-04 12:46:17,2013-12-09 11:12:33
crrf2044298332,331,27,18,CREATE,2014-01-08 08:05:13,2014-05-06 05:00:12
zvft1744841532,572,26,16,UPDATE,2012-10-13 03:05:30,2017-04-26 05:40:52
zfbh0911579850,963,3,18,CREATE,2013-08-21 07:24:46,2013-07-23 07:39:44
zyxq7300178440,573,165,24,UPDATE,2014-10-22 02:13:12,2013-12-21 12:35:28
owbh2575088359,311,60,4,CREATE,2010-03-17 12:52:19,2015-05-08 10:46:33
isgb3992576010,677,153,26,CREATE,2012-04-01 06:11:53,2013-09-04 06:07:39
lbof8727611127,843,130,5,UPDATE,2013-04-10 12:09:14,2017-04-29 06:54:17
okqt5447793536,339,92,6,CREATE,2011-10-20 10:26:18,2014-11-12 01:05:10
kcmf6051439762,418,7,24,CREATE,2013-11-29 04:39:07,2016-04-23 04:50:07
buae0599093229,345,162,26,CREATE,2015-03-09 01:11:31,2016-02-14 04:17:53
nqvv9098947273,620,164,23,UPDATE,2014-07-16 07:44:14,2016-08-22 02:33:21
rpzu2995157040,848,91,8,CREATE,2010-06-14 07:05:37,2013-03-22 01:07:00
qffh4116171141,251,52,1,UPDATE,2015-02-27 04:13:07,2013-05-04 09:20:06
nurb0889283146,108,83,9,UPDATE,2014-05-07 10:57:51,2017-02-28 05:37:42
utca8210022076,450,139,19,CREATE,2011-07-22 10:05:08,2016-04-19 05:06:30
yxbq0150230230,631,9,23,CREATE,2013-05-17 04:48:46,2015-06-25 09:03:48
ksmo7002162838,228,9,4,CREATE,2014-05-06 08:22:29,2013-08-30 01:13:38
skgg0468526904,834,113,20,UPDATE,2014-03-06 02:10:12,2014-01-13 03:16:44
ntih1893107283,740,99,21,CREATE,2010-02-24 11:02:05,2012-08-15 02:30:05
ftgx0616488998,398,19,17,CREATE,2010-09-15 04:54:29,2013-06-09 02:54:08
shoi8607530888,575,68,13,CREATE,2011-05-21 06:42:29,2015-06-03 11:58:06
upyp3379135442,633,131,8,UPDATE,2011-02-05 06:43:12,2013-02-27 11:27:03
tmel0722420271,613,130,18,UPDATE,2013-02-09 03:34:21,2014-11-10 05:34:01
kxlw8650604372,812,157,27,UPDATE,2014-02-12 03:37:38,2012-11-04 02:32:58
kmrl1016773994,528,142,28,CREATE,2013-08-13 04:49:29,2015-11-15 12:47:49
jskp0595306258,292,46,20,CREATE,2012-02-10 06:54:41,2014-05-16 03:26:57
tify3239765869,467,53,15,CREATE,2011-02-12 06:01:12,2013-10-13 05:42:35
ommv1399213305,584,63,5,UPDATE,2012-09-02 02:33:07,2014-06-28 09:55:50
tktn4224934147,392,57,20,UPDATE,2014-08-05 11:34:01,2012-09-05 04:58:43
eymm5120330539,797,77,2,CREATE,2011-08-27 04:33:56,2017-02-26 09:24:18
scay4811420415,835,56,13,UPDATE,2011-02-16 12:15:42,2016-02-18 12:33:14
nurl9058571208,484,90,15,UPDATE,2012-05-01 03:50:28,2015-09-20 07:22:15
iqmw4018342351,418,128,19,CREATE,2012-08-29 04:59:54,2014-04-01 05:08:29
ovtd5739716951,541,33,6,UPDATE,2014-04-28 03:46:14,2016-09-20 09:02:50
knnz4235640789,398,55,15,CREATE,2014-04-02 03:26:57,2016-02-06 03:24:29
gzns3849180670,879,90,4,CREATE,2013-10-06 07:52:40,2015-07-03 03:34:00
scqj4334299597,708,67,10,CREATE,2010-06-06 02:32:38,2016-06-04 10:47:16
dktf8899411004,394,75,25,UPDATE,2011-12-07 08:24:23,2014-09-09 07:37:55
lewa9060044412,464,19,16,CREATE,2014-09-15 03:09:47,2015-03-04 04:17:41
frre6242317363,121,6,10,UPDATE,2014-02-24 05:29:14,2014-01-07 03:19:26
cbqc3026418515,790,135,24,UPDATE,2014-01-29 04:57:29,2012-01-22 10:47:56
hoea8394529690,391,64,27,UPDATE,2010-11-09 07:58:16,2012-06-18 12:37:58
ltnl5164350696,934,138,18,UPDATE,2012-12-13 12:55:55,2017-03-13 05:32:18
ntaw7687564081,669,159,19,CREATE,2011-07-02 02:03:56,2013-02-11 04:46:59
dxdg5948471724,454,19,2,CREATE,2012-09-23 02:35:44,2013-09-28 06:36:03
pdca9318810485,549,8,13,UPDATE,2013-12-10 07:36:58,2015-03-28 12:35:10
bwhc8904124368,623,131,19,UPDATE,2014-08-09 02:30:42,2016-02-16 12:55:34
uquy1814174418,470,141,20,CREATE,2012-07-18 06:51:58,2015-05-25 03:25:13
ykkk5561759907,884,89,12,UPDATE,2014-06-02 05:28:25,2015-07-28 12:51:47
voay4441373862,519,107,21,UPDATE,2011-11-30 10:13:53,2016-06-11 12:39:59
tcbx4026203898,432,161,14,CREATE,2011-04-12 09:28:15,2016-07-12 05:59:55
fzuv6629389129,222,144,7,CREATE,2010-10-14 06:28:38,2015-06-10 05:46:37
tvfv7333860691,922,36,27,CREATE,2011-08-08 12:15:23,2016-02-29 12:23:34
zymw0391083502,364,16,15,CREATE,2012-05-14 04:52:03,2014-07-03 12:33:47
xohx4072289377,205,114,19,UPDATE,2012-05-29 11:38:26,2015-07-17 01:34:43
djdx0154828704,810,128,14,CREATE,2010-03-07 07:31:48,2013-03-17 07:41:49
iden1511518638,411,106,12,CREATE,2011-08-10 04:42:59,2013-06-08 02:58:07
ains4391557592,944,159,18,UPDATE,2013-02-27 01:09:50,2014-11-10 03:15:03
fwzl6172844429,797,102,15,CREATE,2010-09-01 03:37:51,2016-05-13 02:40:55
vodu7959678170,998,121,20,CREATE,2010-12-17 03:29:26,2013-09-08 11:16:18
vooj0796568294,708,116,14,CREATE,2010-02-18 08:44:56,2013-02-26 03:52:52
fiub5322468928,212,123,2,CREATE,2014-02-24 11:10:26,2012-03-23 11:40:47
kkgo2591189685,209,139,21,UPDATE,2015-03-09 05:44:43,2014-01-31 03:42:40
qhri1320949374,851,129,13,UPDATE,2013-03-27 07:17:48,2012-02-11 10:17:40
ufog9536071180,131,6,12,UPDATE,2012-07-07 09:16:10,2016-03-13 09:50:02
imwk3426016911,962,38,3,UPDATE,2015-02-02 10:02:34,2016-11-24 05:04:08
fcvm0893857039,248,25,27,CREATE,2010-06-06 05:02:52,2014-11-09 10:20:33
aqmg7612447934,644,156,27,CREATE,2010-12-31 07:17:22,2014-10-12 02:42:35
mgyb6189132299,637,20,3,CREATE,2011-10-13 07:18:47,2016-08-23 03:51:29
ehgo9217872419,286,54,6,UPDATE,2010-12-31 09:33:39,2017-03-13 03:42:53
rcbc8675772864,945,50,7,UPDATE,2012-04-21 04:38:05,2014-09-15 08:43:37
dnyx5335061262,442,100,26,UPDATE,2011-11-20 11:08:31,2016-12-13 04:42:46
ivun4270420541,945,39,24,UPDATE,2013-08-25 03:04:11,2016-06-20 09:21:12
kxoo0894315211,790,152,15,CREATE,2012-08-05 03:31:19,2014-05-04 02:06:11
njoz4570968967,204,84,1,UPDATE,2015-01-15 03:59:18,2016-06-13 07:33:31
tsbh7476342371,940,86,13,CREATE,2014-01-01 04:17:52,2017-03-23 06:46:34
giqc1341592212,905,134,24,CREATE,2012-04-26 12:50:57,2012-02-27 07:21:01
sjtg8746822285,858,57,3,UPDATE,2013-10-19 09:29:27,2014-09-28 12:20:38
kpob8457371556,329,141,19,CREATE,2011-11-08 05:17:49,2012-12-13 12:44:49
nfyt0513917081,223,83,24,CREATE,2011-08-06 06:50:30,2015-08-14 03:45:34
mzzz7747009794,906,66,26,CREATE,2010-12-31 06:32:22,2014-04-09 09:33:36
iwrq8016386603,636,45,19,CREATE,2015-02-04 03:32:18,2012-09-01 07:20:02
qdai3696012417,502,1,20,UPDATE,2011-03-21 07:03:55,2014-03-22 07:11:34
ejpz6107318973,165,154,3,UPDATE,2010-01-25 07:42:12,2017-04-10 07:20:09
pqkb1525808200,834,11,25,CREATE,2014-04-17 03:49:38,2017-04-09 11:56:47
rpiy4042869117,167,11,20,UPDATE,2012-05-29 12:39:49,2014-04-27 01:35:43
ndzg4338608440,521,93,1,CREATE,2010-02-10 09:18:26,2012-10-15 05:05:21
whhh2922442156,688,34,18,UPDATE,2010-11-18 09:54:00,2013-02-11 06:43:50
vjgh4940760705,813,147,24,CREATE,2010-10-27 02:29:39,2014-04-10 05:54:36
kcse2080633092,981,100,25,CREATE,2010-02-16 04:59:46,2012-08-15 08:35:25
ptty2877169243,864,84,1,UPDATE,2012-08-08 08:38:03,2014-02-17 08:38:39
izhe7255048677,642,27,11,CREATE,2010-07-15 11:03:54,2016-03-19 01:50:59
qqej8220245475,733,17,21,UPDATE,2013-04-28 08:25:27,2013-03-22 05:19:11
hpro5447153261,111,30,1,UPDATE,2010-04-02 10:19:50,2015-09-08 06:22:14
ncus2769783344,823,55,24,CREATE,2012-10-26 07:03:59,2014-08-02 09:48:48
ovqc0496896958,830,102,26,CREATE,2013-03-20 10:31:22,2016-08-07 01:45:21
dvic8201268661,452,102,5,UPDATE,2011-03-13 04:44:47,2015-09-18 12:08:49
kmar9240778265,643,43,18,CREATE,2011-06-29 09:01:16,2015-11-12 05:43:16
trsb6920833893,577,111,25,CREATE,2013-06-11 06:00:59,2017-04-19 12:57:57
ohpd1634304033,275,136,26,CREATE,2014-09-07 07:18:20,2014-12-22 04:05:48
rlds8641675262,948,54,4,CREATE,2011-06-19 02:56:01,2013-01-01 10:41:11
qizr5647499910,119,42,12,CREATE,2012-12-01 02:04:57,2014-03-01 09:50:53
loot2227616580,452,33,14,UPDATE,2015-02-12 02:19:59,2014-02-08 02:38:36
pqts0237496770,468,148,27,CREATE,2014-02-10 01:43:42,2015-08-05 02:19:12
cbdt6513476138,369,32,21,UPDATE,2011-02-27 11:42:05,2013-01-12 07:07:51
tcjv0918756013,203,144,9,UPDATE,2013-12-10 12:17:07,2015-07-15 10:56:17
jwtq9124405407,951,146,1,CREATE,2010-02-09 06:00:23,2015-12-23 08:39:19
yroi8200381486,258,10,11,UPDATE,2015-02-01 05:49:47,2016-09-04 03:22:47
sjzx9903323948,217,141,4,UPDATE,2012-03-31 09:21:31,2015-03-02 10:45:14
zndp5658466268,702,59,20,UPDATE,2012-07-02 06:25:18,2012-11-04 10:32:55
clen6050941119,356,73,26,UPDATE,2012-04-20 12:36:06,2015-06-19 04:05:13
oram0029568979,380,97,2,CREATE,2013-09-22 08:53:07,2016-06-21 12:58:51
fgpy2023562772,606,138,18,UPDATE,2014-04-21 05:47:55,2016-12-07 04:47:10
zbai3544887836,269,24,25,CREATE,2012-10-28 10:25:51,2014-01-27 07:30:01
fson0280887908,501,15,2,UPDATE,2014-02-05 02:46:24,2015-04-24 07:01:39
ocha0760036163,730,66,11,CREATE,2014-03-30 04:43:37,2014-08-03 05:28:14
docl2368239386,521,150,22,CREATE,2010-05-26 01:47:36,2014-07-15 12:58:45
dddk6824714082,617,14,19,UPDATE,2013-05-06 08:33:48,2012-11-03 11:26:21
vqrx9391171250,244,37,21,UPDATE,2012-12-22 10:13:58,2013-01-26 11:28:22
fcem3217305738,514,53,21,UPDATE,2011-06-01 07:27:33,2016-01-27 09:05:12
twco5310618545,671,131,20,UPDATE,2012-08-10 07:18:39,2012-10-22 11:59:11
yxga8583615045,472,163,17,UPDATE,2010-02-08 08:24:34,2016-12-01 02:21:48
wmaa4101771268,547,137,11,UPDATE,2012-07-11 10:32:09,2016-02-18 10:33:56
eutj4926831635,873,146,2,CREATE,2014-07-07 03:05:05,2013-07-15 10:40:44
tcww4455563723,206,135,13,UPDATE,2010-07-09 09:59:01,2016-11-09 07:49:52
wtoq6772932281,372,152,20,CREATE,2013-06-07 02:42:59,2014-03-13 12:57:17
itjz1335881155,362,57,13,CREATE,2010-07-23 01:01:29,2014-12-29 03:10:08
ypuo9811278923,430,15,11,UPDATE,2010-07-28 09:12:08,2016-01-26 09:11:28
pvmw4503466660,175,143,2,UPDATE,2014-04-29 06:04:15,2013-09-08 06:30:14
ropz6483083320,241,47,22,CREATE,2013-02-22 02:36:41,2014-07-05 11:10:23
hppy7621874680,812,129,10,UPDATE,2010-09-13 05:37:12,2013-01-27 12:22:56
aojz4195531061,807,76,28,UPDATE,2014-09-28 04:04:52,2016-05-10 03:19:36
jbul9705687651,535,94,16,CREATE,2010-10-24 01:31:08,2014-06-03 11:28:05
klhr7946261489,902,97,17,CREATE,2014-04-28 09:49:57,2016-02-04 01:27:04
ymwa4723217629,619,21,12,CREATE,2013-03-20 01:44:58,2013-05-24 11:24:28
sezo4703248169,966,71,19,UPDATE,2013-01-03 08:30:27,2015-09-21 06:49:32
vpyv4670788419,203,100,4,UPDATE,2013-12-08 05:04:14,2016-11-10 07:20:34
koge3403548569,449,77,11,CREATE,2013-07-31 06:31:44,2014-05-19 01:01:25
gvbt1749560477,959,38,1,CREATE,2011-04-03 02:22:39,2015-07-24 11:46:47
pnfv7828345137,315,75,24,CREATE,2013-12-23 08:14:10,2015-05-27 08:19:36
ydiq2554961381,885,118,28,UPDATE,2011-01-30 07:48:08,2015-12-24 04:16:52
xsgu1588943511,191,114,17,UPDATE,2012-12-17 12:17:08,2012-08-23 04:40:07
gliv3952965600,661,7,11,UPDATE,2014-01-14 06:04:53,2015-10-15 07:40:53
ziym3110797013,255,128,7,CREATE,2014-02-25 09:45:18,2012-04-24 07:14:28
xeno5136547645,295,156,10,CREATE,2011-10-15 06:53:28,2015-07-22 10:29:41
ipez0676009260,138,8,6,UPDATE,2010-12-20 12:22:05,2013-03-13 09:20:36
amrq7026163510,301,108,18,CREATE,2013-08-07 01:55:34,2013-06-12 09:57:18
xpha1562732436,412,73,13,UPDATE,2013-02-05 08:41:18,2016-03-15 08:05:27
qyoi1842908717,602,80,15,CREATE,2010-03-26 09:00:30,2014-10-12 04:46:35
trul2430159782,487,135,21,UPDATE,2011-06-15 04:57:13,2013-10-29 09:35:16
mocc5586291677,710,157,14,CREATE,2013-05-12 04:39:54,2014-07-17 07:20:24
dihb0755453021,803,157,24,CREATE,2010-11-06 04:11:07,2015-10-08 10:26:49
jdkc8736741779,128,43,4,CREATE,2013-09-12 10:50:47,2012-12-23 03:20:24
zcvj9807883201,233,159,14,UPDATE,2010-11-29 05:29:47,2014-04-17 05:32:05
aphv9375800750,966,103,12,CREATE,2010-02-01 08:45:19,2015-05-08 07:12:11
fxwy8155513921,348,51,12,UPDATE,2011-10-28 12:43:25,2012-08-08 09:37:51
oftb5132299871,209,59,4,UPDATE,2011-04-14 11:52:26,2016-07-25 11:12:21
hyym3754588661,244,152,26,CREATE,2013-01-22 01:04:41,2016-06-16 06:59:26
bvhg1486433422,421,125,8,UPDATE,2013-06-20 03:48:05,2014-05-22 03:54:11
vgoh5726064732,321,103,25,UPDATE,2010-01-16 06:56:43,2013-03-17 01:46:19
sydr8407775722,566,82,11,UPDATE,2014-06-02 06:24:16,2013-05-30 05:35:34
tdal0877450591,564,153,11,CREATE,2011-09-19 02:20:20,2016-11-20 12:15:02
izty1637707521,306,125,20,UPDATE,2010-11-08 01:30:00,2016-08-09 02:31:47
pcis2531102889,252,23,20,UPDATE,2013-06-24 01:09:54,2016-09-10 06:42:17
rynf9786034712,369,161,19,CREATE,2011-03-09 05:09:46,2014-02-16 12:02:13
zsfn1887746877,131,101,14,CREATE,2011-04-29 04:29:41,2012-08-29 05:57:02
oxuh7862084738,622,116,6,CREATE,2013-01-17 12:01:47,2015-01-05 09:22:36
vioo9836309922,468,47,28,CREATE,2015-05-07 08:35:22,2012-10-07 11:53:29
anwi1866175546,138,112,6,UPDATE,2010-12-13 10:36:09,2012-03-27 06:00:37
mwkg7692194972,249,99,19,UPDATE,2012-01-02 04:34:59,2016-06-18 03:45:04
muek5735924208,249,151,18,UPDATE,2012-12-25 12:36:47,2012-10-26 03:56:19
tzxq3710891339,294,140,28,CREATE,2013-11-28 03:19:25,2016-08-02 05:47:20
bjgf0409025550,161,42,19,UPDATE,2011-04-02 10:47:11,2015-02-11 09:33:47
erhk5205918651,748,110,26,UPDATE,2015-03-29 05:09:15,2015-05-06 07:25:58
psvf8826485526,902,157,16,UPDATE,2012-02-27 08:19:18,2015-05-28 07:22:58
zhme0571780095,930,58,23,UPDATE,2012-09-16 08:04:52,2012-04-21 09:21:41
ckfu8663955948,595,136,2,UPDATE,2014-09-19 06:03:33,2012-01-21 03:05:48
svsi4677122307,199,146,16,UPDATE,2012-06-28 03:12:12,2012-07-19 12:11:43
zfoz5310443645,167,32,21,CREATE,2010-10-22 12:52:49,2014-11-20 04:37:27
sptw0698433450,499,158,23,CREATE,2011-09-10 03:02:11,2012-10-11 02:57:37
fynp6906132040,379,59,17,UPDATE,2013-12-16 02:01:37,2013-06-28 01:49:05
oelq1305111062,961,122,3,UPDATE,2014-05-12 03:49:51,2013-09-22 03:48:25
nwca9602732738,754,74,7,CREATE,2011-03-18 09:04:12,2014-07-14 10:37:20
ktnl6447283557,114,41,14,UPDATE,2014-05-15 06:52:34,2016-09-09 01:58:50
cxfy5293155168,266,105,18,CREATE,2015-05-07 06:39:59,2014-04-23 02:16:19
wnka4588246159,865,13,5,CREATE,2014-09-19 05:44:57,2016-12-03 01:03:17
jmdy5072888732,663,67,4,CREATE,2015-02-17 02:55:38,2012-07-10 01:05:32
iqjh2579919456,449,76,8,CREATE,2013-01-14 09:36:56,2014-06-02 07:12:31
uzgu1133405395,100,62,24,UPDATE,2012-08-28 10:40:59,2012-09-20 12:39:13
pfqz1100873690,487,112,11,UPDATE,2013-03-23 11:15:19,2014-06-19 02:58:36
budu4194877974,110,32,6,UPDATE,2012-04-11 11:47:50,2013-10-08 05:10:35
ohcu4433813626,932,57,19,CREATE,2012-10-10 02:22:57,2014-05-21 06:13:50
zvlj7437321214,675,106,2,CREATE,2011-12-29 02:52:59,2013-06-13 07:07:45
pwfe6907396722,143,104,24,UPDATE,2010-09-06 07:11:00,2014-01-14 07:21:07
wqov9848588087,654,79,16,CREATE,2011-11-24 08:24:47,2016-12-15 12:49:12
vxor3553882792,714,79,23,UPDATE,2010-04-11 04:15:11,2016-09-22 09:26:49
ovbq3477041251,341,23,4,UPDATE,2013-03-31 03:41:35,2015-06-06 11:30:54
dkgz7643233860,702,129,10,CREATE,2012-09-20 08:25:04,2012-12-01 05:28:38
brmi8481956919,701,41,12,UPDATE,2013-04-03 03:46:53,2015-02-07 01:53:39
lgpf0431238189,641,15,22,UPDATE,2013-08-25 10:50:48,2015-11-24 03:10:58
ikgv9666770148,940,129,23,CREATE,2012-04-26 12:32:08,2016-09-25 08:00:53
frar0311428751,304,1,8,UPDATE,2011-02-16 09:38:34,2014-01-05 02:42:11
yfwy9881138104,640,115,4,CREATE,2014-01-08 10:42:33,2016-10-05 07:58:27
vhzy5102185301,200,8,5,UPDATE,2011-01-27 06:28:48,2012-05-22 07:10:26
kyld5600902448,228,165,9,CREATE,2010-05-30 11:48:06,2014-10-04 06:41:35
ciiy6159728833,850,150,18,UPDATE,2015-04-05 11:48:52,2014-03-26 03:02:19
czsi4375039107,600,127,10,UPDATE,2010-02-10 04:30:14,2013-10-13 02:06:04
ugva4954092608,955,83,24,CREATE,2015-03-22 01:59:34,2016-12-29 01:55:02
tooh2007329042,504,86,24,CREATE,2011-08-31 11:57:15,2017-03-14 07:24:32
zzdw0472671998,896,158,7,CREATE,2013-10-05 04:42:58,2013-01-17 02:48:56
tekf8871116598,956,65,21,UPDATE,2014-03-31 02:06:35,2014-02-12 07:31:23
jveu6553800441,775,80,15,CREATE,2015-03-05 09:00:24,2015-09-12 01:59:49
rsee5140355545,674,146,7,CREATE,2012-11-18 12:29:16,2014-09-27 09:23:21
uxvg3460232599,112,35,4,CREATE,2012-12-06 10:37:34,2015-02-21 12:22:43
xllb9149297649,297,60,25,UPDATE,2011-05-25 11:00:24,2016-12-04 10:55:09
tefz0845445566,133,146,2,CREATE,2014-03-29 03:32:12,2015-08-30 03:55:37
xljg1632356171,554,144,26,UPDATE,2010-06-06 02:25:32,2013-12-19 07:56:34
gbxx2143774061,714,109,18,CREATE,2014-01-03 01:11:49,2014-05-13 10:44:11
iulj2359428153,859,151,20,UPDATE,2011-12-11 08:41:18,2012-11-22 11:20:58
nkcx0019832232,406,84,16,CREATE,2014-11-10 02:45:32,2015-07-13 11:41:28
gtev0526168350,260,13,23,CREATE,2012-10-26 07:33:05,2016-08-11 01:32:27
pgzo9535346709,653,42,9,UPDATE,2010-01-30 02:28:02,2014-02-16 10:34:50
cpjq1792332428,373,147,17,CREATE,2011-01-17 12:02:10,2014-02-21 10:18:02
ollc0422960446,539,70,19,CREATE,2011-01-28 03:52:18,2016-06-02 06:35:36
rhhl8782777427,465,63,11,CREATE,2012-08-20 06:50:36,2015-05-19 11:09:51
jutn4195312403,136,152,20,UPDATE,2014-02-15 12:41:24,2013-09-16 07:45:16
bvuq7670136895,362,43,6,UPDATE,2015-03-08 12:06:06,2016-10-26 01:00:49
njeg4301707445,767,102,20,UPDATE,2013-12-12 06:50:16,2016-05-02 08:07:27
tjbf6599295363,146,80,24,UPDATE,2011-03-12 08:34:01,2015-10-17 02:27:12
szdm4512809607,747,134,28,CREATE,2015-04-30 10:28:32,2013-05-22 07:22:40
olho6586112679,122,95,17,UPDATE,2013-05-04 07:20:16,2015-02-11 04:47:16
qiux1017940077,379,148,19,CREATE,2011-08-17 08:23:43,2012-02-15 04:46:17
uqdd7398726208,851,164,11,UPDATE,2013-10-29 04:53:47,2013-10-21 01:47:56
cvdf3494763533,687,110,2,UPDATE,2014-06-15 12:47:53,2016-08-02 07:55:57
kvsl2599034504,881,60,17,CREATE,2013-08-28 10:00:53,2013-12-29 02:23:22
gtgc6135360438,584,23,10,UPDATE,2014-02-27 03:49:15,2014-04-20 01:09:11
dlcs8147159716,877,98,2,UPDATE,2014-07-23 08:46:00,2012-04-22 04:22:58
uaar2139428661,585,107,11,CREATE,2015-04-11 08:54:03,2014-06-09 09:32:33
syfu3330938161,658,64,18,UPDATE,2012-08-10 06:04:30,2016-05-21 03:50:27
xixr4083612518,799,57,26,UPDATE,2011-12-26 09:09:06,2013-05-06 03:08:07
yxxl3631945056,597,122,24,UPDATE,2012-06-25 01:45:02,2012-09-09 11:28:44
jemt5308110523,582,103,21,UPDATE,2010-06-23 07:25:16,2016-10-03 02:54:42
yvyv4231647811,886,130,11,CREATE,2013-11-13 01:17:08,2014-04-05 05:17:03
gkhv9754180060,326,109,4,CREATE,2014-01-19 03:52:02,2015-11-20 09:24:07
fjwr7719962481,666,120,27,UPDATE,2010-09-02 11:01:08,2015-11-04 10:05:08
byqq9327976548,129,90,2,CREATE,2015-02-21 12:53:02,2015-07-23 04:33:15
aqqc6262626072,256,31,6,UPDATE,2014-08-23 09:45:47,2013-08-10 07:57:02
xksw7742580923,156,123,14,CREATE,2014-03-08 03:38:48,2013-10-07 11:38:28
qkjj4062093401,777,78,2,UPDATE,2011-07-21 11:34:52,2013-08-19 05:58:50
eqtr5352908637,632,36,7,CREATE,2013-03-11 06:02:55,2012-10-31 06:25:56
irol5003618638,741,1,2,UPDATE,2015-03-13 06:02:30,2014-09-13 06:20:09
jzoc1700743692,393,59,10,UPDATE,2015-03-15 07:39:21,2015-05-30 07:17:12
pvgp1342608660,687,2,2,UPDATE,2015-04-16 08:25:30,2015-06-19 03:02:39
trwc1746569367,349,41,3,CREATE,2015-03-12 04:14:35,2013-11-20 05:42:47
lwch1728088769,137,156,16,UPDATE,2015-01-07 05:04:16,2015-12-22 10:01:17
wlei6620607671,221,78,12,UPDATE,2013-10-29 07:50:15,2014-11-13 10:51:58
jzwy2788714080,825,157,19,CREATE,2014-12-03 10:40:22,2012-03-27 09:22:01
sgwl3344901201,680,149,16,CREATE,2010-11-30 10:40:18,2012-09-21 04:16:25
opwl6580328020,345,157,14,CREATE,2012-05-20 02:12:49,2014-10-01 07:24:05
nrln2473173636,325,6,11,CREATE,2010-12-29 11:13:54,2012-10-15 09:08:06
yraa1691795548,210,108,24,CREATE,2014-03-08 02:29:40,2015-12-15 02:42:44
duly7164729876,834,2,1,CREATE,2015-04-24 03:36:45,2017-04-05 03:49:41
ifzm2259479730,527,47,27,CREATE,2011-11-27 02:17:25,2015-01-14 10:33:02
hxie5933308665,411,147,10,CREATE,2013-08-04 10:30:25,2014-11-28 01:23:26
zymz1209889171,566,25,4,CREATE,2011-09-02 02:19:58,2012-02-11 06:34:29
lcez5280582403,499,72,9,CREATE,2010-12-17 01:30:36,2017-01-12 07:09:04
rzmq6198519050,956,154,17,CREATE,2014-07-31 02:59:54,2012-12-12 02:50:05
lqrn9573206829,671,123,27,CREATE,2012-11-27 08:38:01,2015-11-01 06:12:46
mnjz2443547539,340,124,27,CREATE,2011-08-21 02:55:08,2012-06-19 02:45:25
knno2475749791,800,43,6,CREATE,2013-01-29 05:45:27,2012-11-08 12:46:17
cdeo6680881709,201,71,8,UPDATE,2013-08-13 04:50:26,2012-02-23 08:21:30
khqj0599179050,292,74,7,CREATE,2011-10-31 10:13:09,2015-12-09 07:40:41
dtny4300826564,226,135,28,UPDATE,2011-08-13 10:58:20,2013-02-23 06:55:49
rhke6222630651,607,148,8,CREATE,2011-02-08 11:06:49,2015-05-14 03:35:45
ohsw8046021559,302,79,21,CREATE,2014-02-11 06:09:35,2013-12-27 10:24:21
eljk6982914581,528,99,21,CREATE,2010-10-10 05:19:44,2015-03-21 08:32:46
iguh5241693965,634,155,17,UPDATE,2011-10-19 03:33:12,2016-08-02 04:27:15
ozhx8573722628,211,35,21,UPDATE,2011-12-03 06:23:47,2014-03-17 10:52:58
zshe2637740628,836,34,12,CREATE,2011-06-22 01:52:07,2013-06-21 02:30:20
dgdf0244019489,642,141,9,CREATE,2012-06-12 07:47:29,2012-12-16 10:25:49
yzbp4486761025,598,126,25,UPDATE,2013-07-28 11:18:46,2015-08-07 04:41:16
rdvu1632527214,645,131,19,UPDATE,2013-04-16 08:23:48,2012-02-02 08:49:00
khlx0857840300,705,142,9,UPDATE,2013-08-05 10:22:10,2014-10-09 07:31:27
vwvf3738386586,312,95,1,CREATE,2011-05-20 04:26:49,2015-07-24 06:44:50
bsrh8561516994,712,39,20,UPDATE,2012-12-23 09:13:42,2014-02-27 01:50:18
uxkh1892359908,807,56,18,CREATE,2013-05-03 12:06:55,2012-08-10 11:52:43
lhyg3603051741,886,17,7,CREATE,2011-11-06 07:32:23,2012-10-22 02:58:46
vyqx6631633228,721,35,1,CREATE,2013-02-28 01:47:06,2014-09-12 02:22:01
wwtl0141205692,789,165,11,UPDATE,2010-02-15 05:27:13,2013-09-28 05:07:32
fwxh7124942496,250,122,20,CREATE,2013-03-31 12:09:13,2013-09-11 06:45:55
jmrn5148853321,723,125,18,CREATE,2014-12-18 07:16:39,2015-01-06 04:41:02
khen8316901262,693,15,14,UPDATE,2012-06-29 05:45:30,2014-07-11 02:50:09
apya6434436658,866,165,25,CREATE,2011-02-17 03:03:14,2016-08-06 01:51:30
jfkg5928329144,517,90,5,UPDATE,2012-01-02 04:41:08,2013-03-11 09:15:37
gizf1115560923,233,51,26,CREATE,2013-07-12 02:25:23,2014-11-27 05:59:44
ggpr7374223624,711,66,14,CREATE,2015-02-24 11:16:16,2012-03-06 06:15:28
oeqg4893282009,138,79,28,CREATE,2015-04-15 11:51:43,2016-05-02 05:02:35
ijut1077354010,196,136,17,UPDATE,2010-06-22 05:53:12,2016-06-15 03:54:50
okyk2206897567,577,74,5,UPDATE,2013-11-08 11:25:24,2013-04-04 04:51:12
zsdw1034476625,784,150,4,UPDATE,2014-11-03 03:34:27,2016-03-03 02:50:52
ofkt4019249554,163,100,1,UPDATE,2010-12-13 04:18:56,2013-06-16 06:15:44
imul0902634396,654,119,24,CREATE,2015-03-18 05:18:28,2013-11-06 04:33:44
jpei5724759890,747,25,26,UPDATE,2010-07-27 10:58:52,2013-03-08 12:03:26
egrr8959806216,574,75,5,CREATE,2013-10-07 05:28:55,2015-11-24 11:13:13
zttf7757030868,943,29,21,CREATE,2011-11-14 08:20:10,2016-03-28 06:21:06
ovtl0869007397,438,71,18,CREATE,2010-06-06 01:51:12,2016-10-06 07:42:09
subz1553449946,745,99,7,CREATE,2011-04-30 02:38:39,2015-04-10 01:27:06
kfoo1732700370,113,162,2,UPDATE,2014-05-22 01:13:40,2014-07-06 02:32:31
dgoy4309019370,340,18,19,UPDATE,2012-04-13 05:05:48,2014-08-13 12:20:36
fvtg5088976188,561,42,5,CREATE,2015-02-06 08:00:54,2014-09-28 10:21:09
wgia6949905176,818,41,4,UPDATE,2011-05-10 11:10:38,2016-08-08 08:43:24
codv8968203693,164,90,26,UPDATE,2015-03-23 08:01:19,2015-07-31 08:22:17
vnmh8123549968,723,127,19,UPDATE,2011-12-19 07:03:12,2015-11-20 12:31:06
kqct7122528348,946,152,20,CREATE,2012-07-03 04:19:53,2014-01-13 01:46:28
vxgw7830143466,681,144,24,CREATE,2014-11-18 05:17:40,2013-05-30 06:02:47
abee3597761695,558,8,13,CREATE,2010-05-23 11:43:14,2012-06-21 04:53:46
eyho3485228058,860,120,3,CREATE,2011-10-17 05:54:13,2013-02-15 05:21:06
ybqw2690800834,467,54,20,CREATE,2014-06-18 12:10:20,2015-02-25 06:28:26
frma4927466577,158,74,26,CREATE,2013-11-23 01:28:27,2012-06-28 08:48:15
gofe6783390916,857,22,13,UPDATE,2014-11-25 05:50:52,2012-12-11 03:06:08
zrgc5098930004,906,59,11,CREATE,2013-01-30 04:14:26,2014-11-22 09:04:56
jojx1672756266,856,15,13,CREATE,2014-03-24 01:43:18,2015-09-30 02:22:07
gmoc5584485863,319,6,28,UPDATE,2010-07-13 02:35:48,2016-05-09 01:24:32
cuqu7116605383,267,144,5,CREATE,2014-05-17 01:10:44,2017-04-26 11:26:56
pzuq6585405122,766,48,21,UPDATE,2014-09-12 09:31:30,2013-04-03 12:54:06
jrnm7096732071,954,132,11,UPDATE,2012-01-03 04:16:49,2015-12-04 11:47:04
tmuw6784416383,380,134,24,CREATE,2010-07-26 12:56:50,2016-02-10 02:35:17
ksqe0049320323,213,106,21,UPDATE,2013-06-16 07:45:57,2014-08-18 03:04:31
wfiv9463611453,559,87,15,CREATE,2015-01-25 11:21:48,2013-02-08 12:35:19
uhmt1191878056,177,42,9,UPDATE,2012-01-06 11:19:56,2015-12-04 03:39:46
ofbk1298763260,728,41,4,CREATE,2014-09-21 10:49:58,2014-03-08 04:58:47
zpay3863272479,880,106,19,UPDATE,2014-08-03 08:31:22,2017-02-19 02:14:25
dumf7496274260,965,77,26,CREATE,2011-06-26 12:29:58,2012-05-20 09:33:39
hgtx9897000674,775,155,3,CREATE,2011-12-20 08:05:53,2016-03-16 05:19:28
vgsh9483442491,990,92,11,CREATE,2012-02-27 03:40:46,2015-04-01 05:43:59
fxht5110086427,522,132,25,CREATE,2010-09-22 04:51:36,2014-01-06 07:22:29
qncg1137764567,128,97,5,UPDATE,2014-12-30 11:45:01,2013-07-13 06:39:58
zgbf7802434770,630,121,16,CREATE,2015-04-13 08:37:53,2016-02-11 06:37:20
hsjj6029501467,184,121,28,CREATE,2013-12-26 01:29:25,2015-01-24 03:56:05
dzvm3581390722,503,45,24,CREATE,2010-08-21 08:44:43,2017-02-03 07:52:53
llkk3622137978,968,3,10,UPDATE,2010-11-30 05:48:06,2017-02-25 08:40:04
addk8329014417,772,131,2,UPDATE,2014-04-20 01:16:57,2014-10-06 09:03:44
mrcc4823544233,468,159,25,UPDATE,2013-04-06 05:23:09,2013-06-16 08:02:06
lzpj2776640792,926,126,1,CREATE,2011-12-20 11:21:13,2016-06-12 02:31:26
otmz9919100655,375,38,22,CREATE,2014-11-18 10:50:15,2013-11-12 09:26:54
iygm1939698031,521,3,11,CREATE,2014-01-12 03:46:12,2014-08-14 10:24:03
yfcq9117962622,551,15,13,CREATE,2011-06-13 11:56:47,2016-02-09 07:10:39
ynwg9258795837,238,36,14,CREATE,2010-10-24 04:44:25,2017-04-26 03:47:52
naqx5575029073,746,67,5,UPDATE,2013-12-24 09:46:03,2015-07-15 06:36:02
qafl2933357592,923,107,6,CREATE,2015-03-13 08:14:48,2015-06-18 12:21:27
free3907760645,166,75,25,UPDATE,2013-06-09 01:47:24,2017-04-08 10:22:06
idaa1799859532,795,30,10,UPDATE,2010-03-26 02:49:28,2012-11-23 12:24:40
vfnr0921107775,386,17,5,UPDATE,2012-05-13 07:24:46,2014-03-14 09:45:17
yhlj1296820964,176,38,23,UPDATE,2012-01-02 02:22:37,2013-07-21 07:44:47
egqp2973465961,450,117,22,UPDATE,2010-04-20 04:58:00,2012-12-12 09:11:18
queq8662589860,251,62,26,CREATE,2014-07-03 03:59:16,2015-08-08 06:02:48
quqd7887394189,702,97,22,CREATE,2012-07-03 10:18:40,2015-10-12 09:53:31
coor6506124058,344,60,4,UPDATE,2010-11-18 04:16:11,2012-06-18 05:08:36
mqtc4572712163,478,119,19,UPDATE,2010-09-08 03:02:22,2013-12-18 11:13:19
ikff2189610061,693,63,28,UPDATE,2014-07-27 05:47:57,2012-10-05 05:44:58
waxt9926425611,425,29,10,UPDATE,2013-06-11 07:56:07,2015-08-21 01:10:32
dxsw9875211213,478,158,15,CREATE,2013-07-25 07:49:53,2015-11-05 09:02:56
rvux6464542584,183,1,27,CREATE,2012-11-22 02:40:18,2013-05-09 12:13:15
huzm7246643744,917,16,3,UPDATE,2014-09-06 08:05:41,2012-10-29 02:43:03
pzjn6892725126,558,87,13,CREATE,2010-09-05 10:49:44,2012-04-02 04:59:48
waue5641360191,595,113,26,UPDATE,2014-04-02 10:09:41,2014-03-27 09:36:53
qulc1882811603,999,12,5,CREATE,2010-04-06 10:33:31,2013-10-06 12:18:28
khvw5644855155,546,3,21,UPDATE,2011-03-11 04:57:26,2012-05-23 05:16:34
vjoh2141282175,719,150,21,UPDATE,2012-04-13 09:36:38,2012-07-22 11:41:51
zolc9912589980,467,18,24,UPDATE,2014-03-03 06:29:35,2016-11-28 01:39:05
yyjr6879497102,880,129,19,CREATE,2012-01-27 05:33:38,2015-05-04 12:18:20
iioh1260901112,728,75,6,UPDATE,2012-09-25 10:25:49,2015-10-26 01:00:37
jndq1133650274,153,89,5,UPDATE,2012-04-09 06:21:29,2015-11-23 01:34:34
eumg0443389404,860,104,17,UPDATE,2010-03-17 04:58:08,2013-11-11 03:54:44
kqsv7616091096,823,100,3,CREATE,2011-12-30 07:07:30,2015-05-18 08:00:52
ujgd3101543011,937,139,8,UPDATE,2012-05-13 01:00:03,2012-05-23 08:41:30
eugy6160241061,478,133,14,UPDATE,2010-12-10 12:08:05,2012-05-02 02:39:04
xdmz5645548294,456,7,20,UPDATE,2011-11-24 03:18:26,2014-03-27 10:16:04
aprt5101034704,316,87,2,UPDATE,2014-06-10 04:23:44,2012-09-26 08:24:15
wbqx2501665671,191,3,12,UPDATE,2010-03-23 02:44:34,2014-02-11 07:45:45
ggpl8526563597,783,39,21,CREATE,2014-11-16 01:14:32,2015-10-24 11:33:54
hhat3804372214,355,114,13,UPDATE,2011-08-06 09:24:16,2015-06-30 10:16:09
muxj0392014284,628,161,19,UPDATE,2011-02-18 07:47:47,2016-01-18 09:14:54
iubc0152573927,993,2,10,CREATE,2012-07-24 12:29:25,2017-01-23 03:25:10
zard4746405819,336,137,7,UPDATE,2013-11-26 01:04:19,2015-10-30 02:17:14
ajti6659691049,864,124,27,UPDATE,2014-05-11 03:04:54,2017-02-05 11:30:46
avye9834775418,489,108,2,CREATE,2014-12-02 11:15:44,2015-01-17 12:11:34
xyxc8176570898,930,157,27,UPDATE,2013-03-16 08:43:59,2015-08-08 05:19:26
dyzf8349758306,277,37,19,UPDATE,2011-11-29 03:17:33,2016-02-01 01:49:30
bfud5037718161,695,111,9,UPDATE,2013-11-10 10:47:20,2013-05-27 02:01:47
wcus0438739809,921,110,5,CREATE,2011-09-17 01:48:45,2014-01-30 04:28:25
zlmr2719810734,261,26,26,CREATE,2010-10-14 03:12:36,2015-06-11 08:40:59
tqst0803346388,684,87,20,UPDATE,2012-05-07 08:37:57,2014-02-05 03:15:29
luaf4560559902,259,132,16,UPDATE,2013-01-12 01:18:26,2013-10-20 07:39:09
uguy5329227999,439,87,4,CREATE,2013-07-14 10:23:31,2015-05-14 12:22:08
neqh7268617413,720,9,16,CREATE,2015-05-12 11:20:20,2014-11-24 12:57:27
vhnc0120259663,273,58,18,UPDATE,2014-12-01 04:23:32,2016-04-04 02:26:40
iikz2822821982,356,74,6,CREATE,2011-02-07 09:53:39,2016-12-27 09:00:45
lema0186156995,995,134,2,CREATE,2013-10-25 12:43:21,2015-02-20 10:07:23
lywa0495784057,537,115,9,CREATE,2010-11-07 03:16:44,2016-01-12 04:57:47
ketj3031080264,389,151,9,UPDATE,2014-08-15 12:18:33,2014-08-18 08:32:04
jmnv7640067760,707,132,8,CREATE,2010-08-13 03:24:05,2013-02-25 06:42:51
lkle4613658868,399,31,15,CREATE,2013-07-20 11:02:25,2017-01-09 07:51:50
kjmc8898089031,519,83,16,CREATE,2013-01-26 01:17:59,2013-08-13 06:04:24
ahqn2184589136,363,63,5,CREATE,2010-01-31 09:59:37,2016-06-16 08:07:39
fild9613032404,423,4,17,CREATE,2010-07-12 05:52:49,2013-04-18 08:25:33
lsjj9646527608,692,55,26,CREATE,2010-05-29 11:40:24,2012-12-22 04:25:32
wbpj6049018550,399,79,27,CREATE,2014-09-04 10:22:17,2012-11-17 02:26:04
kzkq0977119625,594,79,5,UPDATE,2010-06-04 10:41:23,2015-05-19 08:49:06
xsgp4689586239,245,75,23,CREATE,2010-09-14 08:03:37,2013-08-02 09:01:48
owae0713706295,851,27,19,UPDATE,2015-04-29 05:08:39,2013-11-25 10:44:05
sstw0398676463,312,134,24,CREATE,2012-02-13 02:14:29,2016-02-13 09:15:26
bjzp1129507875,494,13,18,UPDATE,2014-12-03 10:01:58,2014-08-02 01:23:54
kdgd0290304254,633,10,21,CREATE,2012-09-03 10:40:18,2014-02-26 06:48:17
sqde0695669644,149,22,24,CREATE,2014-01-11 01:41:50,2012-11-01 02:19:25
linj4489773178,813,48,23,CREATE,2013-02-13 07:47:51,2015-11-06 06:55:52
coge6162277605,511,3,9,CREATE,2014-01-01 11:26:00,2016-08-09 07:59:32
kgem6443382654,529,128,12,UPDATE,2012-04-20 12:27:30,2014-09-22 12:28:25
hopi4222018813,967,23,17,CREATE,2012-06-17 10:21:36,2013-10-10 11:51:51
mwqv6455706260,302,26,11,UPDATE,2015-02-03 01:11:50,2017-02-01 12:34:33
ftxd2956197408,361,88,19,CREATE,2012-10-30 01:22:22,2012-06-13 04:42:49
dugx9532073719,965,164,18,UPDATE,2012-05-24 05:29:02,2015-02-23 10:20:03
clgv5733186050,132,84,18,UPDATE,2015-02-20 11:11:00,2012-12-06 11:42:39
ixey0526391433,273,111,3,CREATE,2012-02-04 02:44:56,2014-02-14 03:57:46
rbes7616588312,308,131,17,UPDATE,2011-07-15 01:49:10,2014-08-18 07:41:06
bnbp0719821324,590,25,13,UPDATE,2011-09-26 04:03:45,2012-12-21 11:08:40
vijn7675004389,331,69,24,UPDATE,2014-10-18 12:51:01,2013-07-09 08:35:08
ogof2345783659,831,1,8,UPDATE,2014-04-30 01:23:11,2013-03-01 10:12:14
gxhg6316011508,892,140,25,CREATE,2011-07-22 09:38:58,2013-04-23 03:09:34
gvbz9153948768,434,106,18,CREATE,2014-10-09 04:43:46,2012-03-22 01:59:48
jnmv7673850002,933,4,2,UPDATE,2014-03-09 11:59:17,2012-04-08 05:45:28
jnny3130425059,831,84,28,CREATE,2013-04-08 05:58:33,2014-06-29 03:56:19
ekmr0785259321,604,100,18,UPDATE,2011-10-30 06:23:47,2016-05-06 01:36:55
okti4685614240,940,20,12,UPDATE,2014-08-24 05:29:21,2013-07-09 02:55:43
vesn3788877031,767,26,11,CREATE,2015-04-10 06:11:18,2013-07-27 01:14:45
crbo4104492204,863,122,21,CREATE,2015-03-09 12:06:45,2016-02-04 03:28:26
ddwk0102821307,686,23,28,UPDATE,2014-12-11 08:27:23,2014-02-23 02:26:11
mlck8727222960,261,79,27,UPDATE,2015-02-14 10:11:58,2016-05-02 03:48:57
fmgh3918488962,741,117,21,CREATE,2013-02-07 07:02:27,2013-05-28 08:39:33
bmlo8657686445,970,17,24,CREATE,2014-12-03 07:02:56,2014-04-11 08:28:22
asli0052827550,220,79,12,UPDATE,2014-11-05 11:51:47,2014-04-17 10:17:56
fpbu9899008915,743,42,7,UPDATE,2014-08-03 03:01:51,2014-12-03 04:26:32
jqex9558001837,399,148,26,UPDATE,2010-08-30 03:11:42,2017-01-23 08:58:50
biod4186425450,849,125,7,UPDATE,2010-10-27 10:15:18,2013-04-20 04:19:06
tljs8273345387,310,72,14,CREATE,2010-12-06 10:48:31,2016-03-30 02:08:42
ljse4872010541,966,136,27,CREATE,2011-10-21 06:48:35,2016-05-05 01:04:27
kivc3738606238,717,122,3,UPDATE,2011-11-29 09:02:53,2015-04-13 06:37:10
corq6798449660,820,110,10,UPDATE,2015-04-09 01:18:18,2016-08-23 06:21:16
niiu7139668493,202,160,25,UPDATE,2014-02-13 11:03:32,2012-04-06 03:22:51
wlgf0379202224,640,43,27,CREATE,2011-09-23 12:51:33,2013-09-22 02:06:34
ymef0430374295,324,10,20,UPDATE,2012-10-21 09:34:12,2013-01-17 04:33:51
beky0886605320,178,57,5,UPDATE,2015-01-13 01:50:38,2013-02-12 08:09:38
keev0042264924,137,58,7,CREATE,2011-10-14 08:53:02,2016-11-15 06:01:11
bkxf9780184948,115,10,14,UPDATE,2010-12-11 03:04:20,2015-12-19 02:36:34
qlln4728090866,985,150,9,CREATE,2015-03-21 01:57:21,2013-07-14 12:03:07
gljo9625054478,598,152,17,CREATE,2010-07-01 01:57:27,2014-05-21 03:32:20
ggyj6222742974,627,9,6,UPDATE,2013-07-26 08:35:23,2016-02-08 02:03:12
npmb7635825932,981,60,24,UPDATE,2012-05-02 04:46:56,2013-03-27 06:01:42
juua4247658049,968,45,11,CREATE,2014-04-21 02:10:28,2014-08-04 02:51:07
pvmc5372278777,590,88,15,UPDATE,2013-09-27 01:03:25,2016-07-12 06:15:22
bwbm9519688776,801,65,18,CREATE,2012-10-03 09:00:12,2014-01-13 08:18:59
jjzd2900500704,196,32,20,CREATE,2014-11-10 01:19:44,2016-10-14 01:04:27
nwzo5127968447,939,80,24,CREATE,2012-09-13 12:09:50,2012-12-09 01:21:28
keli4099807286,973,131,16,CREATE,2012-09-26 06:49:51,2012-04-08 05:14:30
nhhy6104885948,776,22,6,CREATE,2014-03-21 08:11:02,2016-07-06 04:00:15
xeik3094669607,601,129,23,CREATE,2010-02-27 09:21:22,2013-05-24 09:56:57
sper4944101706,865,65,20,UPDATE,2013-10-19 10:08:53,2012-12-15 12:30:24
rmkp0081065674,622,24,18,UPDATE,2014-06-28 11:48:23,2012-06-21 03:31:22
bfje0641440260,113,36,25,UPDATE,2010-10-03 06:47:35,2015-12-08 04:59:56
deru5008980953,641,42,2,CREATE,2011-12-13 11:22:25,2015-04-29 05:37:58
dlac9654673237,151,123,11,CREATE,2014-08-05 12:30:02,2015-09-23 03:07:41
exqi8227925057,479,148,22,UPDATE,2010-05-31 07:07:56,2012-07-17 03:55:59
lzra1225786491,259,14,2,CREATE,2012-01-06 12:42:21,2016-01-30 08:28:41
mbvg7444575026,274,47,15,CREATE,2012-11-17 10:03:48,2012-10-29 12:53:04
ivgc5813522652,484,108,8,CREATE,2012-12-03 09:43:42,2016-02-17 11:42:04
nwzz8890947117,157,79,16,CREATE,2014-10-06 06:27:06,2016-09-03 04:41:49
bxvh8279150784,826,121,11,CREATE,2014-03-23 01:18:45,2015-02-26 03:16:32
pkrv4586169096,947,82,15,CREATE,2010-04-01 04:39:39,2017-03-19 07:37:27
kebo2946744382,258,103,3,CREATE,2011-10-11 04:11:51,2014-01-23 12:02:16
gxow9065425096,926,89,6,UPDATE,2014-09-13 02:17:22,2013-02-25 02:10:14
bnok8924877106,648,139,17,CREATE,2010-06-11 12:06:20,2013-11-02 05:02:38
apgs0553204932,669,69,4,UPDATE,2013-01-29 09:03:17,2015-12-29 03:46:35
awwy7785534943,326,100,2,CREATE,2012-12-08 08:15:37,2014-03-26 09:04:22
nhaj7484386281,347,78,18,UPDATE,2013-10-16 10:17:10,2015-05-17 07:23:58
notm2353972032,987,120,16,UPDATE,2013-06-27 04:03:57,2015-10-16 02:35:17
kwzc0174997207,127,49,20,UPDATE,2012-03-21 04:01:16,2012-12-15 03:52:15
exig4618110068,780,14,12,UPDATE,2015-02-18 04:00:25,2016-06-09 12:56:26
btbc3141626500,862,51,26,UPDATE,2013-09-27 10:06:21,2016-01-03 11:32:23
xzjh6183716570,521,77,3,CREATE,2012-12-12 09:14:30,2013-01-18 08:35:43
mjeg6135608722,654,159,6,CREATE,2015-02-21 12:27:46,2016-05-21 05:50:40
aclo5291539381,422,8,8,CREATE,2014-04-10 06:55:27,2013-08-27 07:44:52
hklp9350637362,786,22,21,CREATE,2014-06-28 05:25:05,2014-03-29 07:20:23
hhoa6450633944,240,113,25,UPDATE,2012-01-31 08:45:11,2015-01-24 07:39:19
appe1766074572,778,163,12,UPDATE,2013-10-08 09:18:36,2013-06-15 09:22:43
oorr4509759439,473,125,18,UPDATE,2013-11-18 08:08:55,2012-07-24 04:28:08
nmfn5920033716,590,16,10,CREATE,2013-12-05 08:14:52,2017-03-14 01:20:07
zgkf5439020977,592,154,26,UPDATE,2012-04-12 08:18:52,2017-05-09 03:05:42
cnzw5562126817,753,91,19,CREATE,2014-06-13 11:01:13,2014-10-09 08:18:46
bbef4682233241,566,122,7,UPDATE,2012-10-29 07:03:23,2013-07-26 06:32:35
myzo0028875072,235,159,28,UPDATE,2014-04-09 11:51:25,2016-03-14 05:15:33
dmfa8538793128,935,149,4,UPDATE,2014-12-02 10:57:37,2016-11-23 03:29:55
laze7084685164,956,56,28,CREATE,2012-01-12 07:22:52,2015-09-12 05:09:57
deav6727384286,951,65,11,UPDATE,2010-05-13 01:48:58,2014-04-15 05:18:06
eiyp0496346290,997,50,20,UPDATE,2013-07-24 09:24:35,2013-08-12 06:29:45
blpx6617565893,729,12,18,UPDATE,2010-07-01 10:45:21,2013-01-27 03:04:05
xsdo0051009203,854,126,15,UPDATE,2012-01-09 01:44:23,2015-02-13 05:22:47
swlg1405596653,484,3,21,UPDATE,2012-12-07 10:31:14,2012-12-03 03:17:34
syxv5311853539,742,2,2,UPDATE,2014-07-22 12:02:41,2014-12-20 02:20:34
ippn3151478878,133,37,23,CREATE,2015-03-22 04:14:47,2013-11-05 06:09:10
oewf1282583514,796,94,28,CREATE,2012-11-09 10:49:43,2015-03-22 09:23:11
rxcy2575222425,382,96,8,CREATE,2014-02-15 04:12:30,2013-10-01 11:58:37
mwsy3401406813,209,84,25,CREATE,2013-03-11 10:12:41,2015-11-28 08:16:19
rytp6401251883,199,37,4,CREATE,2012-06-17 02:49:44,2014-11-22 12:25:25
zjtw7932051187,825,140,5,CREATE,2012-11-06 09:06:00,2012-10-17 05:12:05
jhmo4691690176,421,2,15,CREATE,2010-03-20 08:09:22,2014-01-01 06:34:18
gtjh1143131899,361,87,23,CREATE,2013-06-12 07:31:16,2012-10-11 08:54:11
mssc4890956626,710,137,3,CREATE,2011-05-10 02:07:13,2014-05-24 06:29:25
fbcq7081037110,436,132,19,CREATE,2014-04-18 06:42:06,2016-03-09 12:12:19
xaop4372539996,927,51,27,UPDATE,2011-03-24 11:56:13,2013-05-06 07:00:48
nevs3739084752,524,80,9,CREATE,2014-06-11 07:01:06,2014-10-16 01:11:22
uhiv2032872857,137,83,11,CREATE,2010-07-06 01:24:29,2017-02-11 10:06:14
ywnt2920541872,210,134,12,CREATE,2012-06-11 02:40:10,2016-04-30 05:01:59
pebb4752098317,823,137,13,CREATE,2011-09-07 07:23:55,2016-07-21 09:55:17
ekml7310438343,215,127,6,CREATE,2014-09-20 07:45:58,2015-06-15 01:13:42
lpcl0940661225,740,70,14,UPDATE,2010-08-24 07:55:44,2013-05-31 06:38:00
ionf9363140663,855,30,4,CREATE,2012-11-25 10:53:03,2014-06-10 06:53:15
xwhd3642619485,705,89,13,CREATE,2012-12-18 03:40:27,2013-09-30 01:50:57
eyjn1232964290,854,124,9,UPDATE,2012-06-06 03:32:45,2015-06-03 08:40:50
npiv6987321769,933,80,12,UPDATE,2012-01-22 05:19:30,2012-10-24 02:12:49
gipn5018328550,914,28,1,UPDATE,2010-10-25 11:20:14,2015-03-14 05:16:58
jziy6937294101,117,122,2,CREATE,2011-08-15 06:46:40,2017-01-04 04:52:26
wilv5081979651,322,113,20,UPDATE,2012-08-25 01:25:24,2012-07-15 12:24:06
sphv4929026887,164,144,8,UPDATE,2010-10-24 01:08:02,2016-08-01 07:26:25
aump2432632186,335,113,12,UPDATE,2012-02-12 01:11:46,2012-08-21 03:50:35
eyfg0634894026,682,87,23,UPDATE,2010-12-01 02:30:01,2013-03-05 08:00:14
aloa8794373164,386,157,14,UPDATE,2013-10-03 06:12:50,2012-05-13 07:18:19
llbt7555510899,788,110,26,CREATE,2011-10-30 02:27:34,2013-11-25 07:04:50
tllq0975620286,558,107,18,CREATE,2015-01-25 06:43:25,2014-04-24 11:36:45
iqqo4695021783,453,9,15,CREATE,2012-01-24 07:01:40,2015-02-15 06:22:15
thaa5330294246,529,55,17,UPDATE,2011-11-23 05:03:33,2012-07-01 12:26:55
csub4439482308,490,4,7,CREATE,2013-12-08 01:45:19,2014-02-13 11:22:15
thqc2821955274,361,5,20,UPDATE,2010-10-21 04:07:38,2015-06-12 05:00:15
zijk2220844476,949,21,6,CREATE,2011-02-20 12:56:49,2016-11-03 11:41:55
leuv0750604482,851,147,2,CREATE,2014-04-07 08:32:04,2014-10-14 12:32:04
gnsm5225563091,707,139,25,CREATE,2014-01-02 09:15:18,2016-01-17 11:08:03
imkg3546844122,537,163,6,CREATE,2010-12-20 03:34:13,2014-10-13 04:35:29
hqga9777569291,693,53,6,UPDATE,2012-10-18 03:49:53,2012-10-02 06:34:50
lukw9872306433,804,98,10,CREATE,2010-12-29 03:38:16,2016-01-31 08:14:27
aalt7842921109,375,65,6,CREATE,2010-10-15 09:37:57,2013-07-18 03:33:19
rjjq3905174388,848,91,4,UPDATE,2010-10-30 11:10:00,2014-01-13 12:12:57
tzsa1897006940,418,44,17,UPDATE,2011-05-13 01:16:39,2013-07-15 06:55:15
bvti1584841315,530,21,22,CREATE,2011-09-05 07:22:02,2015-05-13 05:48:36
bsvk1856411379,915,1,2,CREATE,2013-11-29 03:01:09,2016-06-16 07:38:25
kbvz4779459203,425,103,8,CREATE,2014-01-05 12:38:20,2015-02-19 09:45:24
kbbv5686062568,350,148,3,UPDATE,2013-07-19 05:14:41,2013-07-14 01:53:11
ugyb2612744161,385,107,27,CREATE,2011-03-13 01:49:31,2014-01-13 12:15:44
fdsv2611747914,642,163,20,CREATE,2014-11-16 11:37:21,2013-06-04 07:02:56
lzca4080488547,506,117,19,CREATE,2010-03-24 12:13:08,2015-10-15 07:41:48
yvec8193343644,405,56,13,UPDATE,2011-12-01 11:51:34,2012-12-23 03:41:48
mpdf8052867422,998,85,23,UPDATE,2014-11-05 02:04:31,2013-07-28 05:52:21
jxqq0675352426,144,122,12,CREATE,2011-02-13 05:57:57,2012-08-23 03:11:02
bizh4835623037,982,78,14,CREATE,2012-03-21 05:39:08,2014-08-06 11:54:08
pvbz5486450518,324,119,7,CREATE,2010-06-22 02:18:26,2013-05-21 02:31:06
klel2918322175,197,39,9,UPDATE,2014-09-23 03:44:44,2016-09-05 06:21:20
rzqu3587510662,260,138,27,UPDATE,2013-08-25 12:01:51,2012-08-21 02:59:49
xjyc9841494846,533,75,2,UPDATE,2015-04-21 12:08:53,2013-03-11 04:54:44
fyto2206835786,525,144,28,CREATE,2013-05-19 10:12:02,2013-12-15 07:33:38
ytzs1532059824,485,93,17,UPDATE,2010-12-04 09:04:55,2014-04-09 11:51:05
tumd2052453350,600,93,20,UPDATE,2010-11-23 11:55:05,2014-04-10 06:09:23
lggh0822327901,650,116,20,CREATE,2012-08-16 06:14:03,2015-12-01 12:08:28
zqgv3478243365,171,114,18,UPDATE,2011-09-11 03:27:21,2014-11-05 06:39:31
kifm3106019311,259,85,23,CREATE,2010-11-06 02:00:57,2016-03-17 10:25:52
ysdu9796836467,398,124,22,CREATE,2011-11-27 04:45:28,2014-08-08 05:50:54
zsjv8442063601,850,119,15,UPDATE,2011-01-14 10:06:06,2014-01-23 07:53:53
rufx9301017574,909,145,27,UPDATE,2014-09-26 09:57:36,2012-08-17 12:02:50
syoc3028635908,434,36,21,CREATE,2013-05-02 09:01:34,2016-09-13 09:28:38
hmvj5536892605,660,64,1,UPDATE,2014-05-12 01:54:36,2013-03-27 08:34:36
mpnb7472962950,275,42,28,CREATE,2015-03-20 05:39:48,2016-09-12 03:45:09
pggy3177831191,300,43,2,CREATE,2014-10-11 04:47:36,2016-07-09 04:54:07
wnmd2687844902,508,73,1,CREATE,2014-06-09 09:16:50,2013-01-10 08:39:20
dgjg1552620281,550,143,24,UPDATE,2014-05-08 08:50:56,2012-09-16 03:18:11
vbaw2352843351,414,110,5,UPDATE,2014-05-02 11:03:24,2015-03-29 12:05:28
ucmh8448632195,832,34,1,CREATE,2012-08-31 03:14:26,2015-10-08 11:32:05
bpwd4093918735,156,42,23,UPDATE,2014-08-30 10:20:49,2016-12-20 07:23:10
lvgv5796603923,612,103,17,UPDATE,2014-10-26 05:38:44,2012-09-14 07:29:22
ijzf2738280608,775,18,9,UPDATE,2010-04-24 12:22:52,2012-02-12 10:44:29
mymt3452690841,159,143,4,UPDATE,2012-06-04 08:21:18,2013-01-29 04:29:32
wxta9067941941,288,100,15,UPDATE,2013-02-18 08:55:12,2016-03-09 07:09:35
cgjn3027644764,981,143,15,UPDATE,2012-11-26 12:53:41,2016-04-16 02:17:14
pwiq3101629561,862,50,15,CREATE,2015-05-09 08:58:59,2014-03-20 03:35:25
dund0688009701,409,49,15,CREATE,2014-05-28 05:47:18,2017-02-04 04:35:47
znsw4233947668,192,117,9,UPDATE,2010-09-13 03:00:01,2014-01-12 02:26:10
