Id,CollateralID,AccountID,is_pledging_authority,is_primary_owner,ChangeType,CreatedDate,LastModifiedDate
yzpe4469,xyh97864279,ht636646483037,True,False,CREATE,2012-07-07 02:04:24,2012-01-25 12:16:20
icmd4820,xyh97864279,oc089789313288,False,False,CREATE,2010-04-27 04:00:35,2015-07-14 09:25:19
ckfp1999,xyh97864279,ta104986283716,False,True,UPDATE,2014-07-14 05:38:54,2016-09-07 10:06:14
canf8675,yes44790638,ww790638600881,False,True,CREATE,2014-08-02 10:31:56,2016-08-18 11:12:15
vvxm1628,jgb24865261,gb248652614613,True,True,UPDATE,2011-10-18 10:53:50,2016-12-14 12:28:27
laph9180,jfz77335332,cj577733533254,False,True,UPDATE,2011-07-07 10:57:02,2012-05-31 10:18:19
maxm5422,umo05311479,wx004205311479,True,True,UPDATE,2013-12-12 03:20:53,2015-06-21 05:06:00
eqok6593,svk57681306,dw130016576813,False,True,CREATE,2013-08-13 09:30:48,2012-09-11 11:24:02
jsnx0277,pda29053017,ds283631742905,True,True,CREATE,2010-08-15 09:00:02,2014-04-05 07:35:42
krhk4025,lsl04482576,fj039591476104,False,True,CREATE,2010-03-29 10:22:01,2015-06-01 10:39:30
wohm9092,nlt43010836,cn941116904771,True,True,UPDATE,2012-07-06 04:40:50,2012-03-06 03:39:22
yszq7804,fiy66625223,un881739493969,False,True,UPDATE,2010-11-27 10:46:35,2015-01-31 08:54:35
mssj6233,wqq17585158,nb259131255441,True,True,CREATE,2011-11-30 11:22:59,2012-12-23 08:11:27
dbdz0830,bgz79130353,jh825062512080,True,True,UPDATE,2012-03-21 06:21:04,2016-10-15 06:38:46
ruri3870,xcq64619451,bm353806635138,False,True,CREATE,2011-03-09 07:35:25,2014-10-08 10:42:43
osgw7245,jot33482509,ak194513954414,True,True,CREATE,2011-04-12 06:06:24,2014-07-17 01:11:10
dgbk6552,kdu07860522,tt348250917877,False,True,UPDATE,2010-02-18 05:05:14,2015-08-05 08:32:10
pjkc8628,xvu48403465,kd207860522001,False,True,UPDATE,2015-03-23 06:54:34,2013-10-15 11:04:23
fscl6424,sym92132912,ci994484034653,False,True,UPDATE,2013-09-16 07:48:28,2012-10-07 09:14:31
armq6699,kwv92780943,ew686009213291,True,True,CREATE,2012-03-10 02:22:31,2015-10-06 10:07:45
sfdg1005,mgc26357538,om497744392780,True,True,UPDATE,2013-07-25 08:51:31,2012-12-27 01:23:47
awor1314,ldd88238028,do001172600263,True,True,CREATE,2011-05-01 10:05:20,2014-12-05 12:18:36
sjud0830,wul26415963,fs808886267558,False,True,UPDATE,2014-07-12 09:18:50,2016-04-03 03:39:34
ycyd8157,ena68278476,ef920591144124,True,True,CREATE,2010-11-24 03:25:57,2013-09-18 09:39:07
opzi7368,jgg21633373,zt882638845173,True,True,CREATE,2010-09-14 01:22:21,2012-03-12 06:17:28
fiyw4894,vbt86482977,dk545539776531,False,True,CREATE,2011-06-22 07:38:33,2016-05-20 07:01:12
lcug0108,rwa59876868,bl737503368119,False,True,CREATE,2012-02-18 09:19:46,2014-02-24 06:42:58
hxnp9446,mqn33062244,kw297782752203,True,True,CREATE,2014-07-26 10:05:59,2012-03-06 11:49:21
qlzw8909,foj42617544,lx876868757711,False,True,CREATE,2011-05-31 10:04:58,2016-07-15 05:20:47
cipv1042,vne09447779,qn330622449732,True,True,UPDATE,2012-09-11 07:01:35,2013-01-10 10:38:00
yqek0609,sdn54950955,wf234261754429,True,True,CREATE,2014-08-26 02:40:25,2013-06-26 08:01:05
erhw2109,ekg91044811,lr951009447779,True,True,UPDATE,2010-03-18 10:44:21,2013-04-13 08:14:34
iezp9820,lsq94678232,mu874279549509,False,True,CREATE,2010-04-17 10:11:52,2015-10-06 04:18:13
dcuq5328,rmv70241818,xd149002629104,True,True,CREATE,2011-10-28 07:11:53,2017-02-03 01:39:55
uhtp9059,upl28910842,fp163842770894,True,True,UPDATE,2013-01-03 02:18:32,2015-07-16 11:43:25
wtcz9084,vlc43291072,bo108756132967,True,True,CREATE,2011-01-23 05:17:00,2013-06-23 01:48:40
aiqa1807,xfh69125566,am498855224720,False,True,UPDATE,2012-08-26 04:16:39,2017-05-05 11:40:56
jcdo9939,cfa94514445,yg047911816746,False,True,UPDATE,2015-03-27 05:44:02,2016-11-19 12:27:31
zcbp2203,swm37113317,mx296980005597,True,True,CREATE,2013-06-18 05:47:31,2016-04-15 11:40:05
qgyv7309,hvz31055406,ot566635574977,True,True,CREATE,2014-09-09 09:58:01,2013-07-22 01:59:10
sioh4245,zrs24073991,sh144459600909,False,True,UPDATE,2015-04-11 03:38:24,2014-07-19 07:46:43
tlhi6667,voe22015396,mp711331737546,False,True,CREATE,2011-09-03 02:01:20,2015-06-16 01:04:05
ivyb0695,bcj20087076,hv331055406398,False,True,UPDATE,2013-01-11 09:10:09,2012-03-11 02:15:19
fftx7873,ftn10584853,zb950240739915,False,True,CREATE,2010-10-17 01:11:22,2016-02-25 09:23:33
evsv1011,cfn06101222,ps055082201539,True,True,CREATE,2010-07-03 09:01:18,2012-09-24 07:07:02
hurs0112,ibs93492505,ht012118120087,False,True,UPDATE,2011-08-02 01:09:21,2016-05-14 07:41:23
sfxz6739,wrx31023566,ga930466173105,True,True,UPDATE,2013-03-29 03:22:41,2017-01-25 07:49:08
fmwt6181,dcj37147511,qa720512970970,True,True,UPDATE,2014-04-21 02:30:32,2016-07-20 03:23:13
jhkg8857,mtr69215642,rp390032636867,True,True,UPDATE,2013-07-02 06:30:22,2016-05-28 04:36:27
reuj2859,bdu93660675,ab812573836000,True,True,UPDATE,2011-03-01 03:17:07,2013-06-28 01:12:57
wtkc8278,egr24061580,us295367988334,True,True,CREATE,2010-12-09 04:47:27,2014-01-23 05:18:26
kuka6066,mfz10828416,jb117405974986,False,True,CREATE,2013-11-20 03:27:44,2014-09-26 02:39:07
xbmw9697,tus32721602,gl564277581352,True,True,CREATE,2013-05-01 03:35:59,2014-09-08 12:42:57
dgkh8994,srj20722181,tl660675866876,True,True,CREATE,2012-03-22 05:56:02,2013-12-24 07:18:09
ynny2511,iyt30844111,gr240615809997,True,True,UPDATE,2014-02-14 11:26:29,2015-07-10 03:06:06
lehn8220,egn49670684,mm371082841602,False,True,UPDATE,2013-10-19 08:02:09,2014-11-30 06:48:39
upss1658,ekk74351630,vx436632721602,True,True,CREATE,2010-04-11 08:11:56,2014-08-20 05:57:43
pbkr1319,bbv84492930,mm761417207221,True,True,UPDATE,2012-07-23 12:00:18,2012-06-13 09:40:36
wfmt5957,lsk74883499,vj186002013084,False,True,UPDATE,2010-09-28 05:05:38,2014-11-26 09:04:18
llic4054,atc02850970,rz050921408749,False,True,CREATE,2011-06-28 11:44:44,2012-12-02 07:36:18
ecig1443,aae50664553,fw800545500260,False,True,UPDATE,2012-12-30 08:05:31,2012-11-03 08:26:19
yaxu2545,dsf10635854,vj110698659553,False,True,CREATE,2014-01-05 11:28:49,2015-01-16 02:57:00
fgcc4233,gag35017534,uu236542474647,False,True,UPDATE,2014-04-15 03:06:07,2013-04-25 07:00:12
wgkc9500,xhj92382186,kx977152493473,False,True,CREATE,2013-07-06 08:59:02,2012-02-14 09:29:46
njzg7802,vaz37606272,zs970107131662,False,True,CREATE,2013-10-17 05:36:46,2012-06-26 09:22:36
zazh9583,pdo35012986,ss645534527853,True,True,UPDATE,2011-04-22 05:32:35,2015-04-03 03:02:41
tdxy1103,wux42997454,fj063585444341,True,True,UPDATE,2010-07-17 07:34:01,2016-09-20 05:30:41
ekxw9888,jik04849393,ga635017534391,True,True,UPDATE,2011-12-16 10:47:58,2012-04-28 08:02:48
sgoa2986,xhj44694016,xu319923821866,False,True,UPDATE,2010-09-17 02:38:22,2014-01-22 09:24:16
hnzu8514,dkb38306807,bj493073760627,True,True,CREATE,2010-02-03 06:05:11,2015-03-18 12:54:10
nlty4096,prj07430669,lw719451435012,True,True,UPDATE,2013-01-10 09:24:16,2016-03-01 10:50:58
khup2922,ywc24086455,gb711498881429,False,True,UPDATE,2012-05-30 06:17:57,2016-04-21 10:57:15
iszs2114,zob94186747,dq749100523400,True,True,UPDATE,2010-12-20 11:33:20,2012-11-10 08:44:41
fjtd1606,ppx92111236,az847519282937,True,True,CREATE,2010-03-21 01:38:20,2013-02-27 10:56:14
jqil8573,hlp37500314,so799415477223,True,True,UPDATE,2011-10-16 09:49:37,2016-09-10 06:36:46
xwps4234,ovw26016567,mf231643858098,True,True,UPDATE,2011-10-24 07:55:39,2012-11-06 03:23:33
enjl0997,rpb49019021,qc699996688115,True,True,UPDATE,2010-11-09 09:40:35,2013-03-15 02:01:20
qzai2178,vds67989279,qo645507170315,False,True,UPDATE,2010-11-05 01:52:03,2014-07-03 03:40:35
afze3346,ggm17896641,te186747087773,False,True,CREATE,2012-07-15 07:51:53,2014-06-26 11:16:01
xzun0693,fqo28545952,px921112364208,True,True,UPDATE,2011-09-15 03:35:40,2013-11-27 06:50:55
aojb3007,afx05571844,jh313750031468,False,True,UPDATE,2011-04-04 04:16:23,2013-03-28 09:54:01
amiy7437,tay60094013,hb287026016567,True,True,CREATE,2011-09-04 08:40:39,2016-03-21 04:46:43
awub5949,wtj60256681,lm967915490190,True,True,UPDATE,2014-03-05 02:56:34,2015-03-08 05:01:01
ofdf7643,ohx98570057,ze161745786798,True,True,CREATE,2012-04-28 01:33:51,2012-06-21 06:53:37
chbb5954,gjl87810906,rl351736188417,True,True,UPDATE,2012-06-25 07:33:55,2013-09-22 08:12:12
nqov8309,kaf88649438,rv456562706520,True,True,CREATE,2011-08-27 02:52:25,2013-07-22 12:39:38
jjpa7186,rnn83800193,wt485241565670,False,True,CREATE,2015-04-17 07:28:50,2013-11-27 06:12:05
qpdy8499,wge99599965,ul668355124153,True,True,UPDATE,2011-11-19 01:32:16,2016-03-03 04:40:15
pzmy1062,nbe93767617,yf300550488487,True,True,UPDATE,2013-07-16 04:19:21,2013-11-07 09:39:43
hjqz8435,rrp66225981,hk681839157724,False,True,CREATE,2011-10-23 10:05:14,2013-04-21 01:44:08
arfi5578,sgt27434545,eh700570866988,False,True,CREATE,2013-08-26 05:13:54,2013-12-09 03:35:33
uims3963,gou07904524,ly781090638089,True,True,CREATE,2011-01-04 07:37:08,2013-07-01 09:14:16
pxxj2348,cwe12113620,ka788649438538,False,True,CREATE,2014-03-06 04:01:15,2013-03-07 09:37:43
mdfq6246,ums34938555,pw999838001932,True,True,UPDATE,2013-12-25 09:51:21,2015-08-24 06:43:52
wykn0460,vcs49175862,gx396269959996,False,True,CREATE,2011-04-26 02:54:34,2012-10-28 01:10:53
gkht6410,mea80250337,zs748697893767,False,True,UPDATE,2010-02-24 06:22:10,2013-12-13 06:22:07
idrs6261,srw05915267,ou076074719662,False,True,UPDATE,2012-02-26 05:57:25,2014-09-22 02:13:16
fwur2189,nte18629145,gt608886062612,True,True,CREATE,2013-08-20 12:57:39,2012-06-01 02:41:26
lyso6740,lwn47404946,vc091389296704,False,True,UPDATE,2014-06-09 08:49:08,2014-01-05 09:59:57
cpis8798,sqm14432483,mp462337529792,True,True,UPDATE,2011-08-11 05:20:27,2015-04-12 02:16:25
uzwi7307,swo58819974,uu894711563283,False,True,CREATE,2015-01-11 06:23:48,2012-07-23 07:18:28
dezv8169,xpt86498737,kx550885743475,False,True,UPDATE,2010-03-13 04:07:00,2014-11-17 12:58:03
izpl4263,sbr21167337,lp586201039535,False,True,UPDATE,2011-02-02 10:30:26,2015-10-22 07:58:56
aceo8962,ojd19477684,sq250337427792,False,True,UPDATE,2010-02-25 08:15:03,2014-11-29 09:13:56
wwfz8116,aoy65133082,rw059152676609,False,True,CREATE,2011-06-16 04:44:04,2016-05-18 02:49:31
uikt7392,fjw46290553,rn321862914545,False,False,CREATE,2012-04-27 08:16:08,2014-01-12 01:28:20
ojvp3450,fjw46290553,yl736347404946,False,True,CREATE,2013-05-02 02:07:42,2014-09-01 02:05:05
bzec7173,fjw46290553,rp160406144324,False,False,UPDATE,2014-08-07 12:27:01,2014-06-26 10:12:55
nfsc2123,qbr26116071,jo521358485881,False,True,UPDATE,2015-03-08 11:50:02,2016-08-02 02:05:09
ybtr6656,fqp11684036,dy634846473386,True,True,UPDATE,2012-07-15 01:44:32,2016-07-05 03:07:43
gctb1083,fjj33952392,xt072201485077,True,True,UPDATE,2011-01-26 06:19:43,2016-09-03 05:39:42
dbmc2485,vxf94331021,by882971564198,False,True,CREATE,2013-11-18 09:46:45,2012-07-28 04:39:20
tkhd1746,meh55848073,we119364471658,True,True,CREATE,2011-04-07 05:40:05,2016-05-17 12:13:37
rhqy0268,vex26536615,qi260841516816,True,True,UPDATE,2010-05-09 03:33:16,2015-11-27 07:14:02
nbvx9899,fii07798682,de553995202449,False,True,CREATE,2014-11-26 12:26:31,2012-09-13 09:31:08
uucc3750,bpa29408878,li888836402370,False,True,CREATE,2011-11-11 07:13:25,2012-06-06 07:49:27
wgkk4867,uyu02437085,mk266379732914,False,True,UPDATE,2012-01-04 11:43:15,2014-06-05 09:24:59
qfdh1819,beo54363487,qb926116071082,False,True,UPDATE,2012-08-23 07:19:20,2012-03-22 02:47:31
otob6594,htv05895053,ag167116840366,False,True,UPDATE,2011-12-06 07:22:23,2014-01-20 12:18:37
fkfs6338,pgv03625063,do967913395239,False,True,UPDATE,2011-09-27 05:12:58,2013-04-30 07:59:47
hhiw5564,lob89909666,pz613735194331,True,True,UPDATE,2010-05-28 07:01:26,2014-08-24 02:21:56
ycjt9640,wpz09051155,zv751496621558,False,True,UPDATE,2013-07-23 08:05:53,2013-07-10 07:07:01
bzkd5490,dhm53884863,xp642328659072,False,True,UPDATE,2012-09-23 10:42:37,2014-12-11 12:51:47
bwqa6709,gwi22613419,lw881602998116,False,True,CREATE,2012-03-19 09:07:38,2015-04-30 12:48:46
kyfm5764,beu67275812,zb120757652720,True,True,CREATE,2011-08-15 12:02:10,2014-04-25 10:45:25
idhm8177,ltr89819359,zy564388564213,False,True,UPDATE,2013-06-16 12:08:07,2016-06-12 07:04:14
leqv5595,ulv06569148,nc857660143749,False,True,UPDATE,2010-11-30 04:51:28,2012-06-22 11:05:36
bevd7159,ays40612950,zo348745551564,True,True,UPDATE,2012-02-15 04:39:02,2014-07-05 01:43:03
eisv4286,yss26358556,yl895053296256,False,True,CREATE,2012-03-20 01:17:37,2012-09-13 11:59:17
xifd0412,sza94788291,gv036250635496,False,True,CREATE,2010-07-15 06:34:20,2015-09-09 12:04:13
xtwv0666,kih00598757,al458990966694,False,True,UPDATE,2011-05-23 07:31:32,2013-02-05 04:12:28
uxlj5291,ypv68556920,ta809109051155,True,True,CREATE,2015-03-06 09:26:17,2015-04-15 07:40:54
jyxy3040,puw07971817,hz868730538848,True,True,CREATE,2014-11-11 03:13:43,2014-09-15 04:26:02
zgzx3986,whx53585649,oh216988262261,True,True,UPDATE,2010-04-25 10:11:21,2012-12-05 06:01:03
cstr2555,wab43548273,zn426604070867,True,True,UPDATE,2010-08-03 11:35:27,2014-01-09 03:42:20
qima4468,mrr13891832,zq430648883139,True,True,UPDATE,2014-02-28 05:03:45,2014-07-25 06:22:13
cgsi5134,fih22358895,oq858504987836,False,True,UPDATE,2015-03-30 05:56:42,2013-03-07 01:11:22
zxrn9562,apd25131186,ig851270533666,True,True,UPDATE,2011-05-21 10:45:12,2012-03-30 08:47:37
ogzn9702,bet79452455,lj025219236741,True,True,UPDATE,2013-11-21 10:34:41,2013-12-19 05:50:51
yvxy8411,jyy94788202,lq556518019553,True,True,UPDATE,2010-07-19 08:58:46,2015-02-14 12:30:10
yoju9079,als73479785,yf882914322147,True,True,UPDATE,2012-05-15 10:46:56,2015-09-21 05:21:06
ijyd6345,elx12577029,hc059875761160,True,True,UPDATE,2012-03-04 10:48:41,2015-01-31 10:57:34
wyeh7886,ofb97813919,yp768556920429,True,True,CREATE,2012-02-25 01:41:17,2012-12-25 03:40:47
olvn0905,ewb32040771,hp748079718173,True,True,UPDATE,2013-07-12 05:11:27,2014-03-19 09:34:10
cavq0720,ldj62193325,kn848795358564,False,True,UPDATE,2012-02-07 04:40:44,2016-09-11 04:06:02
laux3067,iry38471501,oa589282943548,True,True,UPDATE,2013-12-27 02:35:37,2013-03-15 03:36:49
eilz1833,dvb87212675,vd554724639138,True,True,UPDATE,2012-06-22 04:40:48,2015-08-28 11:33:55
mtdf2458,gnx68702766,kj627360731692,False,True,UPDATE,2012-03-20 03:35:57,2014-05-15 08:27:42
ntvf0576,joc14663980,vn138926447507,True,True,CREATE,2014-06-07 05:17:18,2016-10-28 12:05:01
donm7873,aor15195571,wv337210633957,False,True,CREATE,2012-03-17 09:36:02,2016-11-07 02:34:08
oozw8347,cpd96323441,tt394379645140,True,True,CREATE,2011-03-24 11:18:12,2012-03-06 05:18:26
ehbx0542,fxx68621214,co025980344876,True,True,CREATE,2012-02-18 07:45:43,2013-03-20 12:19:15
lkmf3519,itk75080694,ux978548191563,True,True,UPDATE,2011-11-17 06:01:18,2013-01-02 11:15:29
cbwp3101,bpk86250645,do577029486144,False,True,UPDATE,2012-05-26 12:56:22,2015-11-03 07:53:35
nrjc2566,vfe76300764,fb978139199099,True,True,CREATE,2015-05-12 09:22:28,2013-11-04 05:36:39
upwy8686,dvi52456188,ve233204077133,True,True,CREATE,2011-03-13 02:27:22,2015-11-13 09:20:36
apet4518,lre77121849,kp699562193325,False,True,UPDATE,2011-03-13 07:58:35,2017-02-13 12:32:19
evqu2601,ayz74876547,jr669494384715,True,True,CREATE,2014-12-30 01:48:40,2013-04-29 05:03:47
soyf2421,hce75624043,sv977297738721,False,True,UPDATE,2010-12-27 03:39:08,2012-05-14 11:21:01
jjgh9165,yhw66266546,bj666796143568,False,True,CREATE,2013-06-01 11:09:10,2016-02-26 12:23:02
yyyv4087,pic99657082,mr693597269104,False,True,CREATE,2013-12-16 10:26:40,2013-07-08 06:30:45
wvny7564,pks16738346,up350199590528,True,True,CREATE,2014-04-18 05:14:52,2015-11-28 01:42:57
efjq2921,itx96831992,lb677767279275,False,True,UPDATE,2011-11-02 05:41:28,2016-11-30 02:12:27
stat4165,juq48572302,ma124689351890,True,True,UPDATE,2011-07-23 07:05:46,2014-08-09 07:13:12
ytyx1075,xpj78903149,mx214088571550,False,True,CREATE,2011-11-25 03:58:59,2012-02-20 04:16:48
ikoi8262,leb42947364,zg806941760362,False,True,UPDATE,2013-11-04 11:47:32,2013-09-30 08:17:16
vdst0726,vgs67716601,kw625064581918,True,True,UPDATE,2013-05-11 06:11:25,2015-11-21 03:03:23
ixdf5482,pzp96115386,vf276300764141,True,True,CREATE,2011-10-19 11:11:59,2016-01-25 03:42:13
uzzk4994,whh22824212,zd592524561884,False,True,CREATE,2011-06-06 05:08:16,2017-03-30 09:42:06
ttin3789,jix78841091,qq077907712184,False,True,UPDATE,2013-03-21 12:06:05,2012-04-27 10:15:21
qwzk6266,hkp13484425,na433728574876,True,True,CREATE,2015-03-05 05:45:02,2016-01-13 02:08:12
mmbe9964,voy23442019,tl749888562756,True,True,CREATE,2013-12-30 05:48:55,2012-09-02 12:05:58
svrq7288,ten30764360,et863551002706,True,True,UPDATE,2011-01-17 06:19:06,2013-08-20 08:18:31
zazg0960,omk65558050,dr694849693796,True,True,CREATE,2014-04-27 04:37:48,2017-05-14 08:12:17
ukab1284,yhx71605322,bf538327773201,False,True,CREATE,2011-12-28 01:40:13,2013-09-20 08:55:46
vwht3598,vwx43499471,io745371124746,True,True,CREATE,2012-06-21 06:25:01,2014-06-17 09:19:05
iabv9293,rzi89955579,hn928600883255,True,True,CREATE,2014-11-16 02:53:43,2017-01-08 10:12:39
dttd6267,bai48622834,xb230228774186,False,True,UPDATE,2010-02-22 09:02:27,2013-07-11 02:37:27
jhyw4782,xjj71001607,pi903149310228,True,True,UPDATE,2013-12-09 02:48:09,2012-01-29 04:19:56
pldi7909,ibm92928424,eb429473645503,False,True,UPDATE,2011-07-12 06:13:04,2015-09-29 01:21:34
xbty2429,vgn70398656,tv826771660144,False,True,UPDATE,2014-10-15 02:10:03,2012-07-18 06:03:59
snsy8369,mth32904023,um793796115386,True,True,CREATE,2012-07-03 03:35:36,2012-03-29 08:09:23
xpuu1585,zqn38413959,bh882017228242,True,True,UPDATE,2012-08-11 10:49:53,2015-05-12 03:59:47
tbbo8635,mft51697096,sw514491857884,False,True,UPDATE,2011-11-17 12:06:07,2013-01-18 10:14:32
mcvf6150,obc40151650,xc998476998313,True,True,UPDATE,2010-02-15 01:14:23,2016-12-02 05:22:58
yuiw6346,san73177396,jf697495544522,True,True,CREATE,2014-09-19 05:25:53,2015-12-28 12:36:50
kugz3192,fzj73415966,ex039267355759,True,True,CREATE,2014-11-13 06:52:47,2014-07-09 01:04:38
pjbs2180,skq38532359,ik159896618972,False,True,UPDATE,2014-11-07 05:35:56,2013-03-22 02:30:22
trie0112,div43796786,op099541793884,False,True,UPDATE,2012-05-06 01:41:48,2012-05-30 08:54:48
alnn0287,xez35071778,mt322704345279,False,True,UPDATE,2010-06-06 11:58:44,2014-07-07 12:41:04
atyx1306,vvz32847593,dc994718296150,True,True,CREATE,2010-03-29 05:19:11,2014-09-19 02:49:20
ueqp4512,cyq57445190,ic995557967712,False,True,CREATE,2010-03-01 07:44:22,2014-08-04 10:21:30
wfca6604,crq35499341,ba048622834736,False,True,UPDATE,2011-05-29 08:40:10,2015-06-21 02:58:44
huus7012,ahn37531029,ps993710016074,False,True,CREATE,2015-01-29 10:47:22,2013-07-26 03:22:43
ezik1709,bzz40877858,wm466969292842,True,True,UPDATE,2011-01-30 03:40:32,2012-08-24 09:33:08
utie7151,uuw93372577,mu466216570398,True,True,UPDATE,2013-12-11 10:54:13,2016-03-11 07:21:02
eanx3023,ysi74119270,ml813718673329,True,True,UPDATE,2014-01-14 10:39:25,2012-11-05 10:36:29
xhds2159,dls37639419,tl345033503673,False,True,UPDATE,2014-07-27 10:50:03,2012-12-11 02:05:24
mpha4241,tsp32722357,qt496762684609,True,True,UPDATE,2010-10-21 08:59:45,2012-11-17 05:56:31
iwvs4748,ekf61104836,fv909393012715,False,True,UPDATE,2011-09-28 07:43:39,2015-08-15 04:58:52
kjqr4999,yjj22532628,lm861702677094,False,True,CREATE,2013-07-27 01:48:10,2015-09-26 07:53:42
sifs2617,uom80361155,zf967355194911,False,True,CREATE,2011-02-10 11:57:19,2016-06-26 09:42:39
smmf4904,syv10813668,uj596602244741,False,True,UPDATE,2010-05-24 06:34:35,2012-11-25 10:29:58
xgkc8793,emh41064729,vu532359317330,False,True,CREATE,2014-08-17 03:47:41,2014-08-31 03:28:56
ihax2758,sda05760586,iv437967868340,False,True,CREATE,2011-05-16 04:42:23,2016-06-13 04:12:02
prbs7302,bvc58219922,ax653507177880,True,True,CREATE,2011-02-14 03:55:22,2012-04-29 04:46:22
cyhc0020,flm43383103,ty171532847593,False,True,UPDATE,2011-10-05 03:48:41,2013-10-02 10:48:25
tlsj2161,gto31978027,jp814406574451,True,True,CREATE,2010-10-06 03:06:22,2012-12-04 07:11:32
kzjm3395,jdn88976330,ie794380963549,False,True,CREATE,2010-11-13 02:33:48,2016-12-14 03:27:06
pvok6788,dvw69742510,cn688315843137,False,False,UPDATE,2013-04-09 06:23:03,2012-01-19 06:19:48
hbsr2763,dvw69742510,wk271173775595,False,True,CREATE,2015-04-30 03:29:20,2016-01-30 11:47:53
eqjq9264,dvw69742510,wo876475359244,True,False,CREATE,2012-03-13 09:28:40,2013-03-28 06:06:57
csng1025,doq42760369,fs575042510600,False,True,CREATE,2012-02-16 07:07:35,2016-07-06 09:58:59
lguk2664,rfp42880049,qf015307086587,False,True,CREATE,2010-03-15 02:00:17,2013-05-23 09:23:54
gucs0110,rtn80741407,np419349070132,False,True,UPDATE,2011-11-05 08:15:25,2015-01-07 05:11:05
fivu3028,ueq99333675,yd223573476939,False,True,UPDATE,2012-07-04 08:45:14,2017-01-21 01:16:50
vehn0910,kvf76272059,fk110483649544,False,True,UPDATE,2011-03-01 09:18:10,2013-07-20 10:17:04
awco8243,xit67146130,yj122532628266,True,True,UPDATE,2012-04-13 09:23:40,2015-10-18 06:28:53
dubj3489,occ77410190,db862803611555,False,True,CREATE,2010-05-05 09:27:42,2015-05-23 04:55:10
bdvx9167,asv39809217,pn440631081366,False,True,UPDATE,2013-05-01 07:03:20,2015-11-03 09:48:35
oklj7776,bxy12591104,sn698088341064,False,True,CREATE,2012-09-14 12:38:10,2013-04-04 04:29:55
szsu6980,lpi83324806,zz095161012057,True,True,CREATE,2010-07-29 07:52:42,2014-04-25 09:54:37
gsxl8302,gzw67198699,vu998923403385,True,True,CREATE,2013-04-25 02:01:12,2012-03-07 06:52:49
nsai9716,noz12366893,uv188871697871,False,True,CREATE,2013-10-10 02:50:30,2012-09-18 05:34:25
peck1057,oyj43541800,yp762497554137,True,True,CREATE,2011-03-04 05:20:17,2013-11-21 08:08:16
rmpj3689,enk40446325,yf379270984727,False,True,UPDATE,2015-01-19 12:11:23,2014-09-16 07:13:39
uuir4774,wxy99061267,gn308145608850,True,True,UPDATE,2015-02-12 03:57:59,2015-06-20 05:59:01
hfbz7410,ffc34047616,py251026022319,False,True,CREATE,2013-08-09 08:18:37,2015-03-12 12:50:09
hxri9887,jmj38559341,mg981099622308,False,True,CREATE,2010-06-09 04:16:00,2015-06-24 09:13:05
qhts4384,yzv37174484,ta085369270741,False,True,CREATE,2013-08-27 03:24:52,2016-06-26 02:57:04
ygsg1340,vcp09678730,ad244276036929,True,True,CREATE,2014-10-30 09:45:54,2016-01-15 09:47:14
uiee2513,lcs83594803,mp579942880049,True,True,CREATE,2013-10-16 07:36:47,2016-03-02 10:49:27
prck9814,shu76111274,zg530153807414,True,True,UPDATE,2011-02-17 09:02:50,2016-02-11 07:20:45
risi4097,cmf60514397,kx104414249933,False,True,CREATE,2014-02-10 11:20:17,2016-12-09 11:14:19
ahim7299,qdn09390989,ot769723641776,False,True,UPDATE,2014-04-20 07:09:45,2014-01-25 03:15:05
vyuk6682,lla40079941,uu552992874921,True,True,UPDATE,2012-06-15 03:14:25,2016-12-17 12:56:59
ugod4124,itc83146470,kc468996876600,True,True,CREATE,2012-12-28 06:16:20,2015-03-17 02:25:23
aepi2948,qwz50230230,if008912425868,True,True,UPDATE,2014-10-30 10:23:43,2012-09-11 09:21:12
mhxs3667,skg20468526,sr716098207715,False,True,UPDATE,2011-10-15 03:56:23,2012-07-18 03:33:02
pkhn5277,ikp37090616,nl104888469919,False,True,CREATE,2014-09-15 02:54:35,2016-11-19 09:04:56
llyq8383,drq88823293,hf248063912685,False,True,UPDATE,2011-08-21 09:33:35,2017-04-29 03:47:09
lyca8758,die42027163,wm719869927798,False,True,UPDATE,2010-07-16 10:57:09,2015-03-13 05:01:33
guct4115,rlz01677399,no712366893254,True,True,UPDATE,2010-12-25 05:00:35,2014-10-02 10:14:32
zzxe4711,eti52323976,pw429435418009,False,True,UPDATE,2010-01-16 09:09:35,2013-10-24 10:06:04
qfkw3471,rjg55615422,pz798964044632,False,True,CREATE,2013-08-09 06:04:11,2017-03-09 02:46:00
vxal1726,add05390484,ms572887299061,True,True,UPDATE,2014-11-26 02:42:11,2015-11-07 12:06:10
uvia4576,fmh85712086,uy530438154340,False,True,CREATE,2010-11-08 04:57:30,2015-01-13 05:06:25
jyeg5751,vtd57397169,mw157632295033,False,True,UPDATE,2010-08-15 02:00:58,2012-04-25 09:38:26
zqgy2476,cdg79038491,rr120442983329,True,True,UPDATE,2013-08-10 06:04:05,2016-06-28 03:34:22
modz5836,trp97367588,lz327599091157,True,True,CREATE,2013-03-14 06:22:13,2016-06-24 08:06:04
eoqs1455,swy44412379,nw017844042712,False,True,UPDATE,2012-02-02 10:03:00,2015-11-15 08:11:10
btpu0443,czo26418515,is033992576010,False,True,UPDATE,2014-01-08 11:48:27,2014-08-30 12:59:37
uycg6243,ltn35164350,jv127420354477,True,True,CREATE,2012-07-05 07:33:49,2013-02-24 10:47:20
fuef5205,iux79385948,os514397623264,False,True,CREATE,2015-04-13 03:53:42,2014-10-29 01:11:12
kolw7138,exm48534388,dn093909894727,True,True,CREATE,2010-05-07 11:45:02,2013-08-03 07:56:19
aqjs9862,sbs17441802,tl704007994116,True,True,CREATE,2012-10-14 09:53:17,2013-02-02 05:31:04
xxve6772,ayi44137386,bg889283146470,False,True,UPDATE,2014-03-24 05:58:54,2012-09-06 02:58:10
uoge7304,wfz67662938,nc433601502302,False,True,CREATE,2015-05-10 04:23:59,2015-07-07 12:22:18
gmhk7467,eyr19242039,mz628382062046,False,True,UPDATE,2014-12-13 06:04:05,2015-01-31 12:34:56
toxo9948,ccw93773515,ih189310728337,False,True,CREATE,2010-03-22 04:43:42,2016-08-20 02:20:08
cebv0464,nrx15186380,rd827628607530,False,True,CREATE,2012-07-17 04:39:29,2014-03-19 09:58:57
hkkc3878,wzl61728444,tv135442106907,True,True,CREATE,2014-04-26 05:39:24,2012-10-03 02:02:42
kgcm4758,dsv26907965,xl686506043722,False,True,CREATE,2011-11-30 06:56:27,2015-09-30 01:53:42
qvys0285,mkf28040025,zd943487059530,False,True,CREATE,2010-11-18 09:08:45,2015-01-15 08:21:29
bptn8714,kyh49374616,gl976586984691,False,True,CREATE,2013-06-11 12:19:18,2012-04-14 09:05:21
ckrc0385,kng26016911,tk154224934147,False,True,UPDATE,2014-06-07 03:53:41,2014-05-04 01:44:55
ibfy8135,aqm87612447,do539048448114,True,True,UPDATE,2010-02-02 10:26:39,2015-12-05 08:12:51
ggtk3667,cnt65029217,fm585712086260,False,True,UPDATE,2012-07-06 03:53:08,2016-01-20 07:31:09
uubq9161,nte86437895,zo113573971695,False,True,CREATE,2011-06-10 02:42:49,2013-06-08 10:05:49
umwl9672,gxy42054169,yi078967903849,True,True,UPDATE,2014-07-02 06:03:43,2015-10-25 09:09:06
hytm2981,ozu57096896,js334299597367,True,True,UPDATE,2014-10-09 11:25:49,2012-12-05 12:43:52
nqvq4326,bgi46134159,gw920690600444,True,True,CREATE,2010-03-22 11:11:46,2013-01-20 07:49:35
bwbu6481,kys54147845,qv173630782302,False,True,UPDATE,2014-04-03 07:18:57,2016-10-31 09:24:18
dtwy3512,hzl70814737,ea839452969073,False,True,UPDATE,2013-09-11 11:06:08,2015-03-02 11:59:43
rdse5026,ywv63866038,iv639627687564,False,True,UPDATE,2014-02-27 07:54:10,2015-09-17 02:52:12
paxq9179,jpz61073189,iu471724754293,False,True,UPDATE,2010-06-17 12:09:33,2014-07-10 08:59:36
senn6857,gir38640428,wh889041243682,True,True,UPDATE,2011-12-26 05:07:56,2015-02-17 08:39:13
aigq6227,msi40857929,cm180280556175,False,True,CREATE,2014-05-16 04:12:39,2012-09-06 04:40:47
rclf8777,ugj60705020,yk137386256194,False,True,CREATE,2015-02-22 06:18:19,2014-01-26 06:46:25
zjqq9872,yky77169243,fz676629389129,False,True,UPDATE,2012-08-10 09:15:52,2014-01-24 02:36:58
coaa9815,qqe38220245,ge691924203910,False,True,UPDATE,2010-05-13 03:32:14,2016-12-13 04:33:47
qhpq0063,yyr74482769,sg722893773515,False,True,UPDATE,2013-05-19 03:23:00,2015-08-22 08:26:51
pggl4734,khw95877488,qi141151151863,True,True,UPDATE,2011-09-29 06:12:15,2016-04-15 01:05:05
dtfc4567,kew77826577,jt759298756172,False,True,CREATE,2011-03-31 02:01:43,2014-10-25 05:44:43
sdkp5170,pdf63430403,uv959678170526,True,True,UPDATE,2013-04-25 04:47:10,2017-02-23 09:35:58
tewy6939,kqi77564749,tg748353224689,True,True,CREATE,2011-12-13 01:56:05,2012-05-25 08:10:11
cdee6017,ylw03434023,bn896852330132,True,True,CREATE,2013-01-27 07:04:58,2016-05-28 06:08:25
bzga0668,fgz61381693,og953607118000,True,True,UPDATE,2015-01-12 11:04:51,2014-05-07 03:19:16
rcwb1540,rho44054072,fh176180893857,True,True,CREATE,2014-06-11 10:32:56,2012-10-01 11:24:54
ycck3558,jzx99033239,ls447934268761,True,True,UPDATE,2015-04-20 08:20:22,2013-05-19 10:58:21
wyze9397,emc92360509,hg292178724195,True,True,CREATE,2010-08-27 06:44:45,2014-09-28 09:29:37
esnl2343,eot79363420,ew643789533506,False,True,CREATE,2013-11-11 01:45:30,2016-08-18 07:14:10
jvkf6322,icq87836344,gx042054169880,False,True,CREATE,2015-01-10 12:39:14,2017-02-22 06:08:58
xvoo4429,aah60036163,nj254570968967,True,True,UPDATE,2013-10-02 03:06:20,2014-10-18 11:04:22
kynr0171,ddd06824714,co371204613415,True,True,CREATE,2013-07-27 07:46:10,2013-11-14 02:23:05
gjfm6865,ofm78283217,sz468222854147,False,True,UPDATE,2011-06-26 10:07:02,2014-02-06 03:09:25
lqku1479,yhy54563828,an961051391708,True,True,UPDATE,2014-05-12 12:59:56,2013-02-20 05:06:11
czdo0048,tmd77126864,uo979408168016,True,True,UPDATE,2012-02-26 05:03:38,2013-12-03 12:35:28
wfjl2623,wwi45556372,ib696012417879,False,True,UPDATE,2010-05-19 11:15:29,2016-10-09 07:37:43
yogn0868,bit31133588,vr900115258082,False,True,UPDATE,2010-08-30 04:47:15,2015-04-25 12:22:10
rghm7465,cpo35566450,ei691173798433,False,True,CREATE,2014-07-10 04:07:55,2015-01-31 12:55:28
aylc4517,tsc33201990,hh292244215679,False,True,CREATE,2013-03-07 12:45:31,2015-01-25 01:37:57
ybte9172,evp55310615,hy502042080633,True,True,UPDATE,2013-11-25 04:19:14,2013-08-07 02:11:53
isle2939,lhr79462614,hh169243433672,False,True,UPDATE,2011-03-28 05:03:30,2014-08-21 02:56:48
ejpo0762,ans85447032,qe382202454759,False,True,UPDATE,2014-08-18 03:58:15,2016-04-20 09:19:22
ckiw2473,qko19820634,jy617448276978,True,True,UPDATE,2012-05-16 10:20:57,2016-05-27 09:50:44
vvdi1906,qhz60477199,if689695877488,False,True,UPDATE,2014-06-20 07:25:19,2015-07-19 11:52:58
ojod9106,qiz54961381,km859240778265,True,True,CREATE,2011-01-28 02:32:26,2013-08-02 11:30:24
asiu1210,gli73952965,hd893675916343,False,True,CREATE,2012-09-21 11:58:52,2016-09-09 02:43:12
qqhm7926,ylj72145136,qw416752624077,False,True,CREATE,2011-05-18 09:34:28,2017-03-31 12:13:58
gaqd2105,cml26006187,el609222761658,True,True,CREATE,2012-12-26 08:29:11,2013-09-26 05:15:06
kjpi7989,cml26006187,mp677027556513,False,False,CREATE,2011-11-02 08:35:59,2012-04-02 12:31:15
woei6077,cml26006187,va918756013763,True,False,CREATE,2012-04-25 06:03:31,2013-12-14 11:24:46
qqfh4482,jdi91075545,yz232482003814,False,True,UPDATE,2013-02-08 05:21:52,2012-10-13 06:23:20
zhiy8635,xxf99273980,bz239487551565,False,True,CREATE,2010-08-23 01:56:02,2012-11-12 06:53:29
fkar2550,vaa07509142,en605094111909,True,True,CREATE,2014-03-03 03:05:14,2012-02-08 03:15:10
yfib2917,lbt22998717,tn936342023562,False,True,CREATE,2012-11-05 02:15:01,2013-03-18 01:56:33
rpbo1938,vhg14864334,ic887836344502,True,True,CREATE,2013-03-22 06:21:37,2014-05-19 09:37:21
wcdv5124,bks01784077,ch007600361635,False,True,CREATE,2014-09-13 05:10:37,2012-02-12 06:39:52
atve2912,ned91257816,tj863130682471,True,True,CREATE,2014-01-24 12:39:28,2014-04-12 05:50:38
qqop2355,zvh02889527,vf117125078283,True,True,UPDATE,2015-02-20 09:13:47,2013-03-20 03:34:03
uool2062,nxo87746877,tw665310618545,False,True,UPDATE,2011-12-30 08:42:27,2016-08-13 07:59:44
wumj3647,vio89836309,ph045228241017,False,True,UPDATE,2014-09-03 11:01:20,2015-08-08 06:01:38
ikdh5654,hgw00007692,mx268316359666,False,True,CREATE,2010-02-05 10:31:23,2016-03-01 09:41:05
ofly5085,dmo20817163,fw566677293228,False,True,UPDATE,2013-01-16 04:33:04,2015-01-09 05:54:40
mffz6186,esf02555009,eq115587829811,False,True,UPDATE,2012-02-24 08:18:51,2015-02-20 09:26:04
cscp6516,vfk82648552,wu503466660923,False,True,UPDATE,2010-11-25 08:11:32,2015-08-22 09:12:48
abks3630,vck78866395,me199076218746,True,True,CREATE,2010-07-21 12:50:28,2013-01-04 02:04:54
yueg6840,idk73963531,vv310615161970,True,True,CREATE,2011-03-10 01:42:09,2013-08-08 08:34:04
crue3264,gat34505095,hr794626148986,False,True,CREATE,2014-06-09 12:55:34,2012-06-11 02:53:13
ioeg1695,zrq51110627,oa928544703248,True,True,CREATE,2015-04-06 06:33:06,2012-05-05 06:29:09
djnp3334,tnl64472835,be788419820634,True,True,UPDATE,2014-09-06 12:37:01,2016-02-19 07:01:58
kloj4231,suw36245882,vb117495604771,False,True,CREATE,2014-02-16 04:59:20,2015-08-10 12:48:14
kbue1437,esf32009525,tp372184255496,True,True,UPDATE,2010-07-27 10:15:32,2012-11-27 03:31:59
rhht0280,hde05395552,nm894351187073,True,True,UPDATE,2015-02-22 05:39:15,2014-05-18 09:11:51
crod0129,ucn94877974,zi003110797013,False,True,UPDATE,2013-11-09 02:51:04,2016-01-22 07:51:13
ikrw8508,zvl57437321,kf645812306760,False,True,CREATE,2010-01-16 02:02:46,2016-12-01 11:48:28
rvkj8451,bac88619848,fa261635101334,True,True,UPDATE,2011-07-01 03:33:07,2012-05-03 07:58:46
igco2102,gwk79241343,kq686184290871,True,True,CREATE,2012-04-25 05:00:22,2015-09-06 02:17:56
xizq8442,ker23386059,pd978206445586,True,True,CREATE,2012-02-07 05:26:28,2015-07-18 02:59:38
zmam2129,pfa43123818,by755453021370,True,True,UPDATE,2011-11-13 04:29:17,2015-12-03 04:12:07
pxvo7999,yfr09031142,fd927398078832,False,True,UPDATE,2010-08-09 07:07:56,2016-11-21 09:11:08
wylx1452,mxg43996510,va007509142815,False,True,CREATE,2014-04-21 03:40:03,2016-12-26 02:00:01
scwe3402,yzc24482280,tb513229987176,False,True,CREATE,2012-11-25 08:37:35,2014-07-17 09:38:48
rbuw8588,qdx50391074,oy117781486433,False,True,CREATE,2011-07-03 03:36:34,2015-01-25 02:12:12
oaby2019,ooh20073290,kq064732001784,True,True,CREATE,2010-06-28 08:42:41,2016-02-02 02:20:06
avqg4529,fqt60188711,da108774505912,True,True,UPDATE,2012-12-27 07:45:22,2016-09-24 03:14:51
sytm1472,ykg41786051,zx217488253110,True,True,CREATE,2013-03-30 02:17:48,2015-12-27 04:15:35
snbk7762,ook32599197,ba603471216111,False,True,CREATE,2014-03-23 10:23:29,2016-10-18 10:33:07
spmn5198,zmq45445566,ox237862084738,True,True,UPDATE,2011-01-09 05:13:01,2014-12-22 09:41:50
rnox6074,gbx52143774,at922638418661,True,True,UPDATE,2013-01-28 01:13:51,2015-04-01 05:11:34
aikk9497,tdj50230019,ds921949724420,True,True,UPDATE,2011-06-08 02:11:36,2013-03-27 10:04:59
lkry6277,bsy35036549,wt716371089133,False,True,CREATE,2014-10-06 12:01:53,2014-02-01 02:31:41
vidh3485,hjw33242865,kg555009545205,True,True,UPDATE,2013-03-23 08:30:20,2016-04-24 04:14:48
ptlm9560,hla78277742,fk826485526550,True,True,UPDATE,2013-04-28 08:59:16,2014-03-16 12:02:45
veud8089,tbv24767013,jv267886639559,False,True,UPDATE,2013-06-19 03:47:52,2015-02-18 02:06:36
rsps8858,huw57371659,jj223073963531,False,True,UPDATE,2013-12-02 08:30:32,2012-09-02 04:04:06
dhhw5330,wii96076750,tw069843345050,True,True,UPDATE,2012-08-12 10:40:37,2016-04-01 09:00:42
gurh7060,haj79400774,oi044941305111,False,True,CREATE,2013-12-24 04:47:20,2013-08-05 06:26:34
amlp1970,vdf34947635,ci732738291564,True,True,CREATE,2010-08-28 12:27:54,2014-06-26 06:29:10
knum5290,qmg34061353,xf052931551684,False,True,UPDATE,2011-10-07 03:40:46,2017-03-20 05:52:49
rrgi3416,vxt16048321,sb597416507288,False,True,UPDATE,2011-07-02 08:30:10,2015-08-02 02:25:22
zjop3488,psj38161781,rf991945609681,False,True,CREATE,2012-07-02 04:14:16,2014-10-15 06:31:44
qxon1154,lnw31945056,pf211100873690,True,True,UPDATE,2011-01-11 12:44:14,2014-10-12 02:48:50
axwf2117,yvy14231647,zf974092644338,False,True,CREATE,2013-09-06 09:05:15,2014-11-14 06:23:34
zrjd1430,acu35257719,bm373212141252,False,True,CREATE,2014-07-29 01:27:15,2012-12-25 07:58:05
jvko9861,zdc54826886,cw861984858808,True,True,UPDATE,2015-04-13 06:01:53,2012-02-16 05:29:33
lamp7346,fqm58092386,gw279241343477,False,True,CREATE,2015-04-24 11:21:39,2014-08-16 12:16:03
sjmy7053,trl35290863,zf643233860590,True,True,CREATE,2011-09-18 06:58:14,2012-06-12 12:37:39
rgum6689,cjz84170074,bv585904312381,False,True,UPDATE,2012-09-03 12:48:42,2012-08-22 03:02:42
lhwr6710,way05582174,sx701489709031,False,True,UPDATE,2015-01-23 12:11:21,2015-09-03 12:47:31
qegh2105,ocu87694748,wy988113810439,False,True,UPDATE,2011-07-16 05:35:26,2016-08-08 03:44:10
kwwy9013,gfe87140804,nw128915600902,True,True,UPDATE,2015-03-02 11:13:36,2016-09-01 09:14:01
dued7658,pwl65803280,xx728833038443,False,True,CREATE,2011-07-22 11:04:23,2014-04-16 06:51:00
utsl6755,rmy98216917,gv849540926089,True,True,UPDATE,2011-06-16 11:18:06,2015-05-16 12:32:00
upde0609,ylq76059222,pm421356047267,False,True,UPDATE,2011-08-31 09:37:36,2013-10-05 06:51:19
nrjv1432,ldh08665360,it111659813466,False,True,CREATE,2014-04-18 09:52:48,2015-11-19 07:03:40
mkfo5411,zze80582403,rs605140355545,False,True,CREATE,2014-12-18 08:56:39,2012-09-21 07:36:47
qwxc2947,lqr79573206,py599197391492,True,True,CREATE,2011-04-28 11:15:47,2013-11-11 07:51:48
axqj8912,hhb23502475,mq454455669990,True,True,UPDATE,2012-12-02 03:31:45,2012-08-16 07:41:07
emws4182,seh70923230,bg515214377406,False,True,CREATE,2013-08-16 10:14:56,2013-06-08 05:44:43
lmxa0800,vwc82656431,ya815350230019,True,True,CREATE,2011-03-28 01:57:28,2014-09-01 11:17:26
tdaw3372,swk04602155,vi526168350365,True,True,UPDATE,2012-12-12 07:33:26,2016-06-30 12:28:03
ucgi8422,hig07524169,eb479217923324,False,True,CREATE,2014-01-05 11:18:02,2012-05-12 11:02:32
hnqe0955,qic87050263,ed604463773878,True,True,UPDATE,2011-03-31 10:37:31,2013-11-18 10:21:37
wbgz9731,ywf94898373,tn419531240351,False,True,CREATE,2013-04-21 12:56:04,2015-09-12 03:42:37
wqjg2260,xqx25272144,ej519444301707,True,True,CREATE,2015-03-29 01:38:15,2013-11-08 11:53:19
tfrb8386,wvf37383865,dr295363031845,False,True,UPDATE,2014-10-20 12:01:36,2013-09-24 11:00:53
anab2585,dqu50518923,lh065861126798,False,True,UPDATE,2014-08-16 07:13:22,2013-01-18 12:22:45
ddvn0543,fnx41526366,gy774013739872,True,True,UPDATE,2010-03-07 10:08:55,2012-05-30 09:16:02
mjtc3398,kdg05692941,sl476353329092,False,True,CREATE,2013-02-04 03:30:34,2013-06-03 06:00:34
yxrv9376,nvz48853321,gt406135360438,True,True,CREATE,2013-11-17 05:11:31,2014-02-14 01:15:24
ylwu6104,apy26434436,vx716048321394,True,True,CREATE,2011-06-13 03:05:24,2015-05-29 03:07:36
rtkp4725,fga66991115,jv309381617815,True,True,UPDATE,2014-02-14 09:16:21,2016-09-05 03:56:34
hqpf8064,esv62460044,iy531363194505,False,True,UPDATE,2013-08-17 04:14:43,2014-10-20 01:27:38
ewls2796,qzl35401022,bd052361214231,False,True,UPDATE,2013-01-05 03:36:35,2013-12-06 12:10:53
roju3439,dwh03447662,vr754180060352,True,True,CREATE,2014-01-18 07:55:19,2014-01-26 07:14:04
czgm3403,wim27090263,cf944693279765,True,True,CREATE,2010-01-21 09:28:34,2016-03-22 01:15:36
pkwk7356,vul02455895,ek260723228774,True,True,CREATE,2010-05-18 12:24:28,2014-12-15 11:11:55
heej9758,ben08684535,jj406209340164,True,True,CREATE,2014-08-01 07:28:18,2015-06-05 10:35:16
ochi6440,ltx34499466,mz721435003618,False,True,CREATE,2014-09-13 09:33:16,2016-11-20 06:31:24
dccg2368,goy43090193,kc743692556913,True,True,UPDATE,2012-09-18 01:35:26,2013-06-13 10:38:04
qtlg1744,ykw68069499,rw217465693671,True,True,UPDATE,2012-08-17 11:18:45,2017-02-22 07:31:31
spwr5591,itw93936981,ir694748662060,False,True,CREATE,2014-04-13 08:10:02,2013-03-31 12:51:51
dffx1831,waf28348716,fe871408046053,False,True,CREATE,2010-06-08 11:41:04,2014-10-28 05:25:17
dcau3075,end97761695,op416580328020,False,True,CREATE,2010-04-14 10:35:36,2012-06-06 12:25:55
okux6230,ybq62690800,xv636098216917,True,True,CREATE,2012-08-30 09:28:34,2013-10-16 03:36:56
gila5851,bzn66506783,vn647298760592,True,True,UPDATE,2013-10-17 08:52:21,2014-05-02 01:59:59
mavn2433,fdc00412591,ch586593330866,True,True,CREATE,2010-06-26 09:35:58,2016-07-25 11:30:35
qaot9090,dec48586328,cc917192435280,False,True,CREATE,2010-01-27 05:24:53,2012-04-19 04:31:47
pfcz2327,uqg58540512,qm198519050181,True,True,UPDATE,2010-05-16 08:03:50,2016-06-12 11:14:48
cfko8667,ztm60678441,cx679124435475,False,True,CREATE,2012-11-20 01:35:52,2013-09-28 11:48:56
gbxp0014,adq38123946,tf497916720668,True,True,CREATE,2010-01-24 04:08:02,2015-01-03 10:20:15
ysjv2128,tgz80568918,qj059917905071,True,True,UPDATE,2013-03-06 11:36:02,2015-01-27 06:25:01
vvhu8972,rkm32724799,fs431266222630,True,True,CREATE,2012-06-01 01:11:02,2014-10-08 10:31:10
ipxm7825,gtx98970006,cg021559615069,True,True,CREATE,2014-05-04 12:45:41,2014-09-07 09:24:22
wmbi0607,zjf99151100,gu752416939652,True,True,UPDATE,2015-04-21 02:29:21,2015-03-02 01:03:27
wfcv1623,cyz67341578,qi287050263774,True,True,CREATE,2015-01-15 01:39:43,2015-11-07 04:57:18
prpk1607,sjx01467119,oi401948983734,False,True,UPDATE,2013-01-24 07:58:27,2012-04-28 12:55:24
geux4982,khs22137978,rd901632527214,True,True,CREATE,2013-05-13 02:53:04,2013-11-09 09:37:18
zuyj2415,mrc04823544,mc300565537383,False,True,CREATE,2014-12-28 07:20:11,2017-02-21 01:50:26
vcil5888,mrc04823544,op615169946505,False,False,CREATE,2014-01-12 05:21:33,2014-10-07 07:06:49
cwmh3709,mrc04823544,sl182360305174,True,False,UPDATE,2012-11-29 09:24:52,2013-12-01 09:26:01
coal9794,qpi79583752,ul322802790141,False,True,CREATE,2010-02-06 03:11:04,2015-10-18 08:54:42
xdwe7521,flc93335759,hn124942496383,False,True,CREATE,2012-10-21 05:31:13,2015-10-02 03:35:56
jiez0513,nid62179985,ol496583169012,False,True,UPDATE,2012-08-03 02:18:50,2017-02-12 10:28:03
lqvr7060,hxb54351129,we366585708592,False,True,CREATE,2013-02-19 06:11:52,2016-10-19 03:59:44
qejm1657,vkc59616400,zf111556092300,False,True,CREATE,2014-03-16 11:57:35,2015-05-22 04:48:19
dmtq8708,dkc73941898,os460044893282,False,True,UPDATE,2010-05-18 10:51:53,2016-03-10 01:10:32
uxsu5518,qtc45727121,zl354010222222,True,True,UPDATE,2013-12-21 12:44:49,2012-04-19 11:16:44
hiqr2135,sjw65399264,sd810344766258,False,True,UPDATE,2013-07-26 01:28:11,2016-07-07 07:44:56
unew1109,vfe13976964,zz548227090263,False,True,CREATE,2013-11-09 10:37:59,2012-01-19 01:45:56
eyzh4727,kew43744793,lk475989024558,False,True,UPDATE,2011-04-16 02:08:36,2014-01-04 08:25:20
rqfn1884,exa41360191,zt937757030868,True,True,CREATE,2011-09-18 11:25:49,2016-10-27 09:29:42
wjxn8676,khv25644855,gp397085315534,True,True,UPDATE,2015-01-10 07:19:40,2013-03-04 04:59:46
hrur5722,vtp90969912,hn327003705428,True,True,UPDATE,2010-09-05 12:24:22,2015-02-06 03:12:23
hovl8998,qvp10264611,uf116508897618,True,True,CREATE,2011-08-08 02:01:10,2015-12-24 12:11:29
vkyv7617,bfp65027448,ts517686518968,True,True,UPDATE,2010-06-30 11:29:40,2015-11-22 02:45:16
kgpr4879,svf61609109,hw123549968804,False,True,UPDATE,2013-07-29 04:56:12,2012-06-06 12:17:32
yrra3960,deu26616024,cm716078301434,True,True,CREATE,2010-05-24 03:30:21,2015-07-15 08:11:00
gewx7024,waz44177510,dv616954832348,True,True,CREATE,2012-09-21 04:31:47,2015-07-11 10:37:04
hdyg7339,dqq56710091,qw269080083459,True,True,CREATE,2013-04-16 11:37:38,2014-11-29 04:52:55
tuwq7020,zsu43722142,bz766506783390,False,True,UPDATE,2012-06-16 03:03:57,2013-10-09 11:50:00
kdfs2736,ubc01525739,vk930004125916,True,True,UPDATE,2012-02-12 03:00:55,2015-08-16 11:46:39
rarf6655,zra39466596,mo055844858632,False,True,UPDATE,2012-02-24 03:09:20,2013-01-07 04:54:25
toer5676,hbi18923481,tx835988658540,True,True,CREATE,2010-04-07 12:38:39,2015-04-16 05:20:41
sboi9971,qtv58306318,gj673207158606,False,True,CREATE,2014-10-02 11:31:08,2015-02-06 09:03:34
jmik0130,scc38739809,ks680049320323,False,True,UPDATE,2011-07-01 07:56:07,2012-10-12 01:40:12
yrhl7888,tqs90803346,tz453492111918,False,True,UPDATE,2013-07-22 03:01:07,2012-11-11 03:45:56
xqaj1231,vig86265329,re987632605324,True,True,CREATE,2010-09-01 10:13:50,2012-01-26 09:00:24
ltxn8720,qhx41377700,vd447749627426,False,True,UPDATE,2013-12-26 02:29:01,2016-03-26 04:57:16
dnas4863,sqe82198238,ke067452099483,True,True,CREATE,2011-05-22 12:39:13,2015-08-23 01:48:11
csdg7757,waq49578405,tl110086427678,True,True,CREATE,2014-04-01 07:29:43,2013-07-16 03:28:49
jwcs7933,kjm39764006,qb341578024347,False,True,UPDATE,2011-05-01 09:06:45,2013-12-02 09:01:58
eynw7991,ucs82322889,jx014671198358,True,True,CREATE,2014-10-05 02:10:53,2015-11-25 02:46:42
ihvk3569,afe91367839,kk362213797821,True,True,UPDATE,2015-01-15 12:39:16,2012-06-12 11:43:55
wsxj8354,zuu65276086,mp789204823544,True,True,UPDATE,2010-02-05 01:58:00,2012-09-09 06:52:30
bxqg1395,zkq09771196,bk640792696799,False,True,CREATE,2010-08-21 05:29:30,2012-06-03 10:37:28
abff3709,vzo02607137,yg219396980310,True,True,CREATE,2015-04-15 11:55:44,2012-05-21 08:49:25
apit7340,vek63119911,uy222960925879,True,True,CREATE,2011-01-09 06:07:53,2015-10-15 02:01:00
tvgg8731,fir04254401,rz502907360132,True,True,UPDATE,2015-04-10 11:31:32,2012-06-27 06:10:20
rzsg2819,jas89773178,fr243907760645,True,True,UPDATE,2012-06-10 09:56:07,2014-04-05 08:04:06
vlgo2679,kge26443382,pl532393909211,False,True,CREATE,2012-12-12 02:26:14,2013-06-08 09:55:47
ydrf8288,att06036455,do968209640425,True,True,UPDATE,2014-01-06 05:17:54,2016-10-23 06:50:21
hawx2279,fzb40814819,fq400866258986,False,True,UPDATE,2015-01-10 04:09:11,2014-08-25 02:34:40
auit8504,trb18605087,hr418986056506,True,True,UPDATE,2011-06-11 10:52:46,2014-08-17 02:38:17
fook9540,esn61658831,cq572712163689,True,True,UPDATE,2010-05-08 10:12:27,2013-02-16 02:51:27
cjcr0597,ovi93767500,sj465399264256,True,True,UPDATE,2014-12-30 10:44:38,2013-05-14 12:47:28
ozsc9453,hwn94130631,ny112139769646,False,True,UPDATE,2014-03-15 04:01:57,2013-06-19 08:41:20
cfhd8142,xlk87687585,zm724664374479,True,True,CREATE,2013-09-24 01:19:38,2012-08-09 11:32:21
lbrt8611,prl04250590,vq648285641360,False,True,CREATE,2011-01-17 08:27:26,2016-11-14 07:59:40
boge0334,kti46856142,gc811603219256,True,True,CREATE,2014-09-21 11:05:53,2016-08-22 02:26:00
yxak0048,zdc31441044,jo721412821759,True,True,CREATE,2013-10-07 04:04:37,2015-01-05 03:49:41
uslc1164,mpp07896287,nd802677687949,False,True,CREATE,2014-04-01 01:17:37,2012-02-18 09:24:02
vwfc6290,bwa88962343,ym090111299961,True,True,CREATE,2014-04-22 03:24:48,2017-02-15 09:53:23
urgu9579,ikm52827550,eu060443389404,True,True,UPDATE,2011-11-21 11:52:14,2014-05-24 03:42:34
krtu0160,jqe99558001,zh096412331015,True,True,UPDATE,2013-07-25 02:11:26,2015-08-17 11:44:58
baam2085,czc55568273,ij602410611127,False,True,CREATE,2013-10-22 05:07:25,2012-02-10 04:37:42
gept8109,czg54166503,ya177510103470,True,True,UPDATE,2011-02-25 06:31:38,2013-06-04 12:00:22
akjb7253,tdo44966076,qq567100918526,True,True,CREATE,2012-02-19 02:38:11,2016-01-28 06:10:41
boed0855,gfq37920222,tz804372214287,True,True,UPDATE,2011-02-25 09:19:30,2015-01-13 07:42:12
kmzj9611,bbe62088660,qo849201525739,True,True,CREATE,2014-07-24 12:41:38,2013-12-16 07:05:24
qhmq3654,gvu41455978,ik058190394665,False,True,CREATE,2011-05-20 03:07:38,2015-05-15 09:59:16
dgvg5180,ayl08662316,ye983477541892,True,True,CREATE,2010-09-15 08:50:12,2016-02-14 02:48:25
hdvv5977,iuu27429749,gj810938349758,True,True,UPDATE,2010-12-18 02:54:52,2012-08-19 02:54:46
fuxw2429,uua42476580,xh718161602804,False,True,UPDATE,2012-01-13 02:49:16,2013-10-25 08:27:21
bbcn4797,pbb81895196,lm727198107341,False,True,UPDATE,2010-09-05 09:52:35,2016-12-10 03:00:19
ltcb6178,qaf04925251,gx881609456055,False,True,UPDATE,2013-12-05 12:47:39,2016-08-29 08:15:20
nixd5963,lbo07286151,la922799994897,False,True,UPDATE,2015-02-03 12:16:30,2014-12-13 01:08:43
qlrp2078,krm94669607,vh700120259663,False,True,CREATE,2010-04-02 01:51:36,2015-12-29 10:11:25
yiim7751,rmk90081065,sx982384601861,True,True,CREATE,2011-01-11 01:31:35,2013-02-18 02:23:05
aixs2630,smi54165008,qo957840572259,False,True,CREATE,2013-03-16 02:00:05,2015-11-14 03:39:02
ftoq2119,mvh23763088,kj439764006776,False,True,CREATE,2014-12-08 03:50:46,2012-12-18 04:38:29
mrrj3718,ymf78649181,gd886823228898,False,True,UPDATE,2010-07-29 11:40:55,2013-10-17 08:46:36
hpdt4074,gct81352265,ng184589136783,True,True,CREATE,2012-08-19 12:07:20,2016-05-13 02:45:01
lxok3323,rbx55827915,ok545596465276,False,True,CREATE,2014-12-31 12:12:23,2012-07-18 04:00:01
mqqz2267,ruz60234294,fc185502766097,True,True,CREATE,2010-07-18 07:38:34,2017-03-07 06:39:50
tciz3795,xqs50967342,gp468958623960,False,True,UPDATE,2015-01-27 05:28:39,2016-06-09 11:08:48
bqxb3510,gft32049322,uh540720398676,False,True,UPDATE,2010-11-18 05:15:54,2015-02-07 06:14:48
kahz5680,haj74843862,sn507875672502,True,True,UPDATE,2012-01-21 05:25:23,2013-12-06 09:02:58
tnyw6320,zsk09801749,qd806956696449,False,True,UPDATE,2011-12-23 03:38:27,2013-07-03 07:40:02
hbvk3185,jeg68111631,zh784040616227,True,True,UPDATE,2012-12-07 05:52:08,2015-05-22 12:02:04
wlgi7052,mtz16570654,ww338265474104,False,True,UPDATE,2011-08-21 11:25:17,2015-08-12 07:24:28
xbdh1599,obq91539381,mw036455706260,False,True,UPDATE,2011-01-29 08:39:17,2015-05-18 11:55:37
rfxb0482,hho46450633,zb408148195320,True,True,CREATE,2012-03-10 03:15:58,2016-06-08 06:55:08
ptej9101,ffw08114509,pt331860508740,False,True,CREATE,2012-01-31 12:43:26,2015-11-04 06:11:18
rfhx7331,exx71678295,br960761658831,False,True,UPDATE,2015-04-06 03:56:14,2016-05-24 12:32:18
upjj6943,ziy12681775,ee132432937675,True,True,CREATE,2012-01-07 07:30:10,2014-01-30 09:51:30
iygm1887,zom02887507,fe345783659413,True,True,UPDATE,2014-05-09 03:42:49,2016-05-27 07:17:22
herw1013,qla36708468,sc253191539487,False,True,UPDATE,2010-03-24 10:40:16,2014-11-18 10:41:13
akrb3335,wuu60649049,pi500029118313,False,True,UPDATE,2012-04-15 08:52:16,2017-03-04 06:35:59
iwya8503,vba58935874,mr078525932182,False,True,CREATE,2014-03-31 02:22:17,2013-05-09 01:13:08
dqfp7688,dsu55966530,gi010673788877,False,True,CREATE,2010-05-09 02:32:45,2016-04-05 01:00:33
iasq6685,ppn31514788,ku492204794801,False,True,CREATE,2012-02-14 02:24:30,2013-07-05 09:28:14
wusv3619,for78825752,lc287272229603,True,True,CREATE,2012-04-22 06:59:04,2016-09-02 01:06:48
nlwc4707,wym13787564,ut623434865768,False,True,CREATE,2011-02-28 04:11:57,2014-06-30 02:32:26
szsw3246,rgg51187512,mr282755013509,False,True,CREATE,2011-02-25 02:08:48,2015-07-21 12:51:40
mvcf4316,hdx43131899,jq299558001837,False,True,CREATE,2011-01-01 06:54:17,2014-01-30 05:40:14
myzq0772,fbc67081037,qj450555682733,False,True,CREATE,2011-04-10 05:22:26,2016-07-11 07:35:45
wxkv8963,hpe16343739,ce720105416650,False,True,UPDATE,2014-09-21 07:30:37,2016-04-02 04:55:54
ouzl2746,klm85760972,ac252679844966,False,True,UPDATE,2013-03-12 06:32:50,2014-11-08 01:22:48
ufff2097,vzq09831722,is849349250379,True,True,CREATE,2014-01-17 04:56:31,2013-01-26 04:14:45
ejib7505,clg94066122,fe430374295986,True,True,UPDATE,2010-05-15 10:09:57,2013-09-04 09:23:47
ovms2358,hxw91364261,oi268700422649,True,True,CREATE,2013-08-20 05:40:25,2014-12-13 10:44:15
hapa6303,uid07145698,ix849480513472,True,True,CREATE,2013-02-22 06:33:46,2012-04-25 01:26:02
rfgi7248,ivy85509140,jo962505447800,False,False,UPDATE,2011-05-20 03:12:09,2016-09-19 07:35:57
uclk8032,ivy85509140,jn491237635825,False,True,CREATE,2013-03-09 03:18:54,2014-01-30 10:36:45
lxsc6435,ivy85509140,gt658049976253,False,False,CREATE,2012-10-29 12:26:21,2015-07-16 09:41:27
jplz5155,gwa36487943,wb895196887763,False,True,UPDATE,2014-08-06 01:38:58,2013-06-29 04:09:50
ydui3540,jic99379409,af049252512796,True,True,CREATE,2014-11-04 12:25:50,2012-09-08 01:10:10
nwdq6208,npm21783152,yl980728615166,True,True,UPDATE,2011-11-02 03:31:45,2013-04-15 06:01:03
abyj9022,bgy39482308,xe283094669607,True,True,CREATE,2011-04-06 04:00:51,2013-10-21 09:33:25
ehis8781,zij82220844,ix706128900810,True,True,UPDATE,2012-04-06 12:45:53,2013-12-25 12:50:11
uktx1097,kcu07485225,iw414402605416,True,True,CREATE,2015-04-10 08:22:35,2012-12-05 04:03:03
gbmn7104,yke12230089,jd546965467323,False,True,CREATE,2015-03-10 12:12:13,2013-06-20 11:31:46
wfdk2858,atg30643304,pc505713301225,False,True,UPDATE,2014-05-02 03:01:56,2014-05-07 12:34:41
htod4680,jqn90517438,gv444575026892,True,True,CREATE,2012-08-22 07:05:41,2013-09-19 05:03:10
fvqg2367,wbv18158484,vc705788909471,True,True,CREATE,2015-01-22 11:34:31,2015-01-03 07:42:14
bvpy0360,rhx94573477,ht507841655458,False,True,UPDATE,2011-11-30 01:35:54,2013-07-12 06:46:40
wnto7979,eie25686425,bo294674438285,False,True,CREATE,2010-04-01 08:39:57,2017-02-03 02:55:35
ztxc0329,ckn17479141,wh673428924877,True,True,CREATE,2012-11-15 01:47:45,2015-06-22 08:17:23
puxx5272,vec81933436,tl204932284677,False,True,CREATE,2014-12-14 09:08:06,2016-11-18 10:09:59
ydrc5703,mkj70206753,ha174843862813,True,True,CREATE,2013-09-01 04:46:40,2012-06-25 03:44:02
rtbe0937,mnq37557354,mo326098017499,False,True,CREATE,2010-03-12 02:38:43,2012-10-09 10:22:29
empu2846,jwz22175712,kf811006811163,False,True,UPDATE,2011-01-19 02:58:41,2016-01-05 06:29:15
hfof8396,cha41494846,xz316183716570,False,True,CREATE,2013-11-01 08:14:50,2014-07-20 04:26:55
qryr0003,ytz41532059,sm722409052915,False,True,CREATE,2011-07-19 12:13:15,2014-05-01 10:57:45
yylb4613,rhe70250822,pd506373623564,False,True,UPDATE,2012-04-08 05:54:59,2013-04-09 07:12:49
jisz8341,kwp36522943,ia138176607457,False,True,CREATE,2014-10-19 01:10:39,2012-07-05 09:20:41
zmgg6609,jho83646776,tp943990535920,False,True,CREATE,2013-04-05 04:58:18,2012-10-12 09:58:29
ptgx8748,fxf30101757,fh439020977833,True,True,UPDATE,2012-01-23 03:03:57,2015-04-22 01:47:38
dfrj4087,ehm39553689,tf752546822332,True,True,CREATE,2010-11-14 09:21:08,2012-03-09 04:23:41
jnjy4383,mvx05866317,io750725418853,False,True,CREATE,2013-09-17 06:50:12,2013-08-30 02:00:29
ulhm0198,nwy49027094,ze708468516478,True,True,CREATE,2010-08-31 03:22:56,2013-02-28 07:36:12
vlpn8038,ytx28433514,uu606490496346,False,True,UPDATE,2014-02-28 02:39:08,2016-01-24 07:22:12
pcly5716,pwd40939187,rv565893587400,True,True,CREATE,2013-04-10 07:23:56,2013-10-16 09:40:10
eyhc5679,ydi35527382,wl214055966530,False,True,CREATE,2013-02-05 08:23:01,2013-04-09 07:41:28
bxay5156,fsm41277490,ld394973315147,True,True,CREATE,2013-10-17 01:13:07,2013-09-20 01:37:38
bayy5271,yla44764788,cw258351437882,True,True,UPDATE,2011-03-21 05:36:58,2017-01-10 01:38:23
hnbh5227,dge88009701,mw623401406813,True,True,UPDATE,2013-01-12 04:19:53,2015-08-02 04:26:43
rezh3640,pkt92418484,nd883571479320,False,True,CREATE,2010-08-23 02:32:15,2013-05-31 06:57:24
kjoy7991,cni94596536,ye916901768557,False,True,UPDATE,2014-12-28 05:30:51,2016-10-17 06:27:32
miyo4184,rnp58052172,bm684489095662,True,True,CREATE,2013-03-07 07:06:52,2015-03-15 07:16:37
uofu4510,tqk78865799,wn711072434372,True,True,CREATE,2012-03-13 12:56:08,2013-08-24 10:34:04
byep4925,skg74414244,sd739084752830,True,True,CREATE,2012-10-09 04:55:10,2015-09-22 12:43:20
uxgg1950,bwq35689927,rl609729205418,False,True,UPDATE,2011-11-22 02:21:24,2016-02-16 12:56:30
vbhm9996,rru71498420,qa983172243731,False,True,CREATE,2014-12-04 12:32:17,2013-12-25 05:12:30
feil1597,axl58805972,cl094066122526,True,True,CREATE,2014-12-23 06:48:23,2014-05-08 11:03:46
widq9219,ibv97915914,oy310913642619,False,True,UPDATE,2013-01-18 01:11:28,2014-08-10 04:36:39
difs3929,gyx98658477,vg964290714569,True,True,CREATE,2013-02-07 04:31:24,2014-11-27 11:56:59
welh7345,bkt29134406,ip750183285509,False,True,CREATE,2011-03-09 07:46:00,2016-06-21 06:39:22
xqrv7532,aft97652980,ap018297508197,True,True,CREATE,2014-11-09 11:24:44,2012-09-29 03:47:37
cgky0363,mfs35092703,be902688742412,True,True,CREATE,2013-03-05 09:55:57,2015-07-06 08:58:25
rdur2751,kqr77580985,ey700634894026,False,True,CREATE,2012-03-26 04:16:22,2014-03-28 03:03:33
zboe1673,zji82178208,xj164775375555,True,True,UPDATE,2012-02-23 09:46:04,2016-07-31 01:57:50
mjso0741,oqx36139897,kj756202860628,False,True,CREATE,2013-03-05 10:43:16,2014-05-03 09:06:42
plov0259,wvb31738278,ft524533029424,True,True,UPDATE,2015-01-14 09:23:58,2012-06-15 09:24:28
gmrs0191,sup42218441,gy230833282821,False,True,UPDATE,2013-10-10 07:22:32,2013-12-05 09:54:09
tvii5312,hio49630323,ka220844476966,True,True,UPDATE,2013-05-07 01:47:24,2016-02-16 08:54:06
uopu3555,rqs17033607,cu074852255630,False,True,UPDATE,2014-01-03 08:51:00,2016-07-03 04:44:35
hbgj4274,lmo97416423,cy441223008977,True,True,CREATE,2014-06-05 04:11:08,2016-11-12 04:10:09
sahp7577,xkf34406970,kw987230643304,True,True,CREATE,2013-01-23 04:05:57,2013-09-01 02:20:25
kgis1700,szr30979646,xm999343905174,True,True,UPDATE,2013-09-17 06:33:11,2017-01-27 03:12:04
tvzy7802,zbd09943892,hx006940371815,True,True,CREATE,2014-12-26 01:46:57,2014-02-28 02:18:17
umpc1593,knt73033739,sv018564113794,True,True,UPDATE,2011-03-08 05:21:58,2016-10-11 12:04:33
ekaw1331,zbp73781894,li032353568606,True,True,CREATE,2012-10-31 07:20:09,2013-06-25 01:58:16
fwzm7173,uiw05952428,ed274416177072,False,True,UPDATE,2010-11-03 10:47:22,2014-10-15 04:00:32
xwdi6252,wos42749211,lz624080488547,True,True,CREATE,2012-06-30 07:52:38,2015-12-05 08:44:41
vioa5355,ddq70713541,ad644897780528,False,True,UPDATE,2013-08-24 01:00:14,2015-01-12 06:34:56
slzg7006,iig91987122,mm753524261097,True,True,UPDATE,2010-02-22 11:20:05,2014-06-15 04:30:07
wwcq7815,agv92179138,fp573548645051,False,True,UPDATE,2010-01-24 10:35:31,2014-06-14 03:08:22
yzxm7959,nip75201562,zy217571203587,False,True,CREATE,2014-07-29 05:05:06,2013-06-09 06:37:13
tlcc9591,hah04339879,ch841494846109,False,True,UPDATE,2012-10-05 12:27:53,2013-04-20 05:52:43
yebo5694,yqp97523176,ga231415320598,False,True,CREATE,2012-07-08 12:39:54,2014-11-01 07:03:03
wchq1662,din19564043,qk533507025082,False,True,UPDATE,2012-09-13 08:21:49,2013-03-27 06:16:40
czju4569,jto36995552,gv347824336522,True,True,CREATE,2012-12-13 02:20:44,2012-06-24 10:07:14
jbzn0928,vns79620850,zh144769796836,False,True,CREATE,2011-10-05 04:44:08,2014-02-06 07:49:41
rdpa7170,sfi85606082,mg063601525793,False,True,CREATE,2011-03-31 06:29:17,2014-11-01 12:56:46
ltnt7666,wmc69229886,yo630286359083,True,True,UPDATE,2014-06-25 09:25:40,2017-04-08 11:32:35
eqtl7763,ivk06566857,gm058391747296,True,True,CREATE,2014-06-10 04:09:32,2015-12-03 10:10:25
ktly1224,nvp18184806,xx783119189012,True,True,CREATE,2012-01-06 07:04:23,2016-02-06 07:44:54
jpaf7414,axf78769292,dg941552620281,True,True,UPDATE,2014-08-11 12:57:44,2012-08-06 10:23:44
gdfh7121,yad10340120,sv351424384486,True,True,CREATE,2013-08-17 07:16:06,2014-12-19 11:02:38
txqc1478,ksl34842985,we939187359325,False,True,CREATE,2014-11-12 08:48:40,2013-07-13 09:30:18
wtdo8255,qtw19134233,di355273828060,True,True,UPDATE,2010-08-30 05:22:37,2017-02-08 04:40:23
ucnp0341,uqc25582577,mf084127749067,True,True,CREATE,2014-02-26 01:02:15,2013-01-24 11:44:24
oxsf9421,uhi51989642,nh027644764788,False,True,CREATE,2015-04-27 08:42:09,2014-05-19 11:05:45
vevn0106,sbk26575498,gp743906880097,False,True,CREATE,2012-09-21 12:21:31,2014-10-09 01:13:27
mopy7977,dvz51816915,jn476687219241,True,True,CREATE,2015-05-12 02:14:54,2016-03-29 06:21:51
ntqv5463,ubp30847456,kp309571269894,False,True,UPDATE,2011-04-27 09:41:23,2014-11-15 10:39:04
qscc9594,loc44207451,zx350154434995,False,True,CREATE,2010-09-08 03:47:31,2014-06-04 01:02:11
ckyv7461,ulv89430193,yu796697486015,True,True,UPDATE,2013-12-01 03:40:29,2017-02-10 03:25:11
dfqc9628,rpx25447473,db199254802596,True,True,UPDATE,2011-10-24 01:03:45,2014-12-12 12:52:37
rwfv0682,qlp91144242,sc495201235939,True,True,CREATE,2012-12-10 02:16:27,2013-04-16 06:32:00
ddvs6448,iid36120519,ar927385766671,False,True,UPDATE,2014-08-03 03:41:37,2015-07-02 02:18:52
fxgt1916,bug13250287,fm984206641728,False,True,CREATE,2012-11-15 01:11:51,2016-09-18 06:52:41
frbt9695,vqy83844882,lx880597248407,False,True,UPDATE,2014-09-18 09:06:13,2013-04-09 10:19:33
slvz3369,ngx65329455,ib197915914910,True,False,CREATE,2013-03-10 05:48:18,2016-08-13 01:04:54
kmzf4098,ngx65329455,oq403986584779,True,False,CREATE,2012-01-14 12:13:20,2016-06-27 11:04:49
fjql8838,ngx65329455,xo801012913440,True,True,CREATE,2011-07-18 11:59:26,2014-05-26 11:58:34
kewd4166,kfw98094377,bf915121397652,False,True,CREATE,2012-08-22 11:40:14,2012-04-22 10:21:35
yerl0174,uom35902663,zm091501676350,False,True,UPDATE,2011-02-20 01:17:05,2013-09-06 01:33:29
asbw5191,jxe30853517,nq001513546497,False,True,CREATE,2011-11-18 03:17:07,2016-04-17 03:23:10
onyd5757,sny60909837,ab155007982397,False,True,CREATE,2015-04-25 02:46:17,2014-10-02 12:03:12
jcxz2589,knm52075412,ye212048002562,False,True,UPDATE,2011-03-08 01:56:56,2016-08-13 06:25:12
irne8945,fgp15248134,pd396039050065,True,True,CREATE,2012-11-13 02:52:38,2013-05-03 05:57:52
mrkp4929,mii70544979,ai787573309889,False,True,UPDATE,2010-12-18 06:16:36,2014-12-01 11:37:25
zwuf1379,gwf85196137,sf844161656568,False,True,UPDATE,2012-03-20 01:32:11,2012-10-13 09:19:26
qiyz7479,loc54580919,if630323462117,True,True,UPDATE,2013-06-06 09:32:38,2013-07-29 07:56:57
wnjh0788,gnj31928235,qs170336078658,True,True,CREATE,2012-04-27 05:58:26,2016-11-15 05:46:59
eckc1148,web27074127,il049741642332,False,True,UPDATE,2014-03-30 04:58:52,2017-04-15 06:57:27
uthf6086,dbs02855296,xh832934406970,True,True,CREATE,2013-09-01 02:50:49,2014-01-17 05:08:47
kzbe5494,woo52141057,jf433093309796,True,True,CREATE,2015-05-04 07:28:09,2012-06-16 01:54:06
uqdn8387,vlr93547456,xj235353130994,False,True,UPDATE,2011-02-18 07:50:42,2012-01-24 05:14:56
yffk6351,lvv42769350,dk409013069373,False,True,UPDATE,2011-02-04 12:17:18,2016-10-12 04:43:41
gbtd1474,lcv12059279,nk147904310353,False,True,CREATE,2011-12-07 04:35:43,2016-02-23 03:05:05
zksh1158,hba24034463,wj705072270578,True,True,UPDATE,2010-02-25 12:56:51,2012-05-01 10:44:58
whkj6693,bru86528439,qt107790844990,False,True,CREATE,2013-03-24 09:16:37,2012-06-07 11:20:13
lrcl7969,zes70136692,on168202876711,True,True,CREATE,2011-04-24 05:21:14,2016-07-14 01:46:24
evch4092,zvc04047338,nh541130347536,True,True,CREATE,2010-09-29 01:10:31,2013-05-03 02:15:11
gzaj8325,xyc14289842,vd871221636037,False,True,UPDATE,2015-04-22 12:13:44,2015-04-22 01:28:45
gxuc4780,hyn47967427,vx217913850685,False,True,CREATE,2013-05-18 06:27:18,2012-02-10 01:02:49
lgiy0495,voq43933694,ni575201562291,False,True,UPDATE,2014-07-07 05:22:57,2015-12-14 10:09:18
inqw6713,xpw11701954,dv169043398792,False,True,UPDATE,2012-10-15 08:25:25,2014-12-04 09:39:37
vopp1338,nnt10515009,sx510219752317,False,True,UPDATE,2015-03-20 06:11:02,2012-03-14 11:53:47
nsbg7126,mvl93831112,ic312534519564,True,True,CREATE,2010-07-11 04:13:48,2012-04-11 02:34:17
myob4986,kfz54246859,rz052936518369,True,True,UPDATE,2010-05-06 05:45:41,2015-08-13 01:35:26
cmgw8075,daw18378781,ki421349825767,True,True,UPDATE,2012-04-17 12:03:59,2017-02-04 08:42:33
vfvs7202,nlp81027316,cx485797277861,False,True,UPDATE,2012-07-07 05:03:38,2015-09-27 07:22:06
khsy8867,knw04572974,hy426716072031,True,True,CREATE,2014-02-25 09:08:59,2015-10-21 02:59:38
ntrg9020,cth98008531,yi986679427579,True,True,UPDATE,2011-11-02 09:11:44,2012-03-24 09:58:55
mxyh7052,zlc69359976,eq577950282830,False,True,UPDATE,2013-10-24 11:52:07,2014-02-05 01:48:48
roib1422,vuj86949489,hs480669641564,False,True,CREATE,2013-08-18 02:59:51,2014-11-12 12:32:15
suik3712,vpd34568218,vw769292073742,True,True,CREATE,2013-10-14 09:00:06,2014-10-26 03:33:56
jbmw0990,qbh59356253,ad103401206170,False,True,CREATE,2010-02-10 09:18:38,2016-10-12 02:48:07
msso2056,qgo43098983,hk433484298550,True,True,UPDATE,2012-06-12 09:58:11,2014-07-08 04:43:47
qlmj0657,dzz61751375,gj183819134233,False,True,UPDATE,2014-12-22 04:23:24,2015-11-21 09:57:41
axpa7856,web51776249,tj359262255825,True,True,CREATE,2013-04-20 01:40:17,2015-06-18 12:54:19
qgut3040,iat33320331,be902480925198,False,True,UPDATE,2011-02-09 11:25:14,2015-08-22 06:45:08
ejqi9221,rec02565521,lb649413561226,True,True,UPDATE,2013-01-08 08:33:02,2012-11-25 08:22:57
bnim5168,cee16864122,pn291511777319,False,True,CREATE,2013-10-29 02:41:06,2012-09-18 01:31:51
vkxy8169,kfm20934337,ij467394474352,True,True,UPDATE,2011-01-19 05:35:57,2014-11-28 09:29:22
xswf8765,wtw24381338,ga049932042599,False,True,CREATE,2010-09-06 06:44:25,2012-06-21 06:08:18
mrwk1653,iwp83219102,iz114380729118,True,True,CREATE,2012-10-31 11:11:00,2014-05-06 01:39:43
hgjb4204,muf89109701,xq193529116228,True,True,UPDATE,2013-07-28 11:45:48,2014-10-19 03:54:41
ikhn8617,svk68096160,ru474734131700,False,True,CREATE,2011-07-27 02:33:36,2013-01-18 04:49:28
efpq5192,fuz51840943,pj114424253512,False,True,UPDATE,2011-01-13 06:25:26,2014-10-08 05:36:25
hdxj4797,khl44576930,ii336120519804,True,True,CREATE,2010-03-05 02:00:09,2015-04-05 05:05:07
sknh0536,ysk69394893,oc346132502875,True,True,CREATE,2011-12-27 07:40:23,2013-10-15 11:51:09
pwwy1052,icn67385063,pg153088384488,False,True,UPDATE,2011-07-01 03:48:31,2012-03-08 04:41:46
ytij8712,ofx63396983,ji243256565329,False,True,UPDATE,2012-11-06 06:22:27,2015-01-26 03:43:00
qyzz8482,dyt02557649,md875909554710,True,True,UPDATE,2014-08-28 12:45:18,2014-11-03 07:09:04
xbiy3209,lif37116302,lq854735581766,False,True,CREATE,2013-10-31 01:26:16,2012-02-11 03:45:04
tijw4086,mkv48109999,kl925028543307,True,True,UPDATE,2010-03-11 04:56:39,2015-07-10 07:24:33
atxy9003,fuk71498644,iu732032897732,True,True,UPDATE,2010-09-08 02:29:57,2016-11-11 01:15:44
vvav4071,xtn79420918,kt475065250517,False,True,UPDATE,2012-03-23 10:16:14,2012-08-23 10:39:14
jalj6402,hjt23997944,jn171160430143,True,True,CREATE,2014-06-24 09:58:07,2016-11-01 07:02:25
vuym7171,wgj06631413,hg983789479289,True,True,UPDATE,2011-02-23 03:44:27,2013-10-29 05:35:07
adxz3835,pia97821480,jo075412642418,True,True,UPDATE,2011-12-30 05:41:19,2013-02-06 11:02:03
daze5365,qrg04831682,gp152481348576,False,True,UPDATE,2012-08-14 06:31:29,2016-07-07 05:52:17
uaqm4548,bba22737182,xm667054497950,True,True,UPDATE,2012-01-06 09:07:20,2013-06-19 09:33:57
bvut8197,pxy96066897,dp388185196137,True,True,CREATE,2012-06-20 02:25:59,2016-09-22 03:27:02
ecel1235,anm21471895,qz601522545809,True,True,CREATE,2013-09-29 07:51:10,2016-06-08 01:38:09
dfka0540,dpk04010901,tu228632993192,False,True,CREATE,2011-09-03 04:30:58,2016-02-17 09:31:47
rhwz9831,lpn09860084,ca269418622527,True,True,CREATE,2014-08-11 12:40:02,2015-02-10 09:12:27
abne4334,jzw11190761,vv564326578772,False,True,CREATE,2012-11-07 08:57:49,2012-12-14 08:03:31
uddz6792,stu00066739,ne087676976424,True,True,UPDATE,2010-10-31 01:37:41,2013-02-14 03:35:01
frzu1203,hks92415065,nm815537833583,False,True,CREATE,2014-05-01 01:44:17,2013-11-16 09:38:08
iyyd0315,dyx50781700,wx641914820766,False,True,CREATE,2013-03-04 08:57:15,2016-09-15 11:30:16
zfsw4701,tvk21552718,av350690428661,True,True,UPDATE,2010-03-03 07:06:52,2013-02-25 05:07:25
bogd0659,mvb63866224,mu592791692582,False,True,CREATE,2012-03-06 12:50:41,2014-10-23 11:04:37
xybw9428,tlw72475461,ag403446391395,True,True,CREATE,2010-09-01 05:10:49,2014-09-13 06:52:10
rvrv8377,dkm33853516,br486528439443,False,True,CREATE,2010-07-09 03:43:54,2013-09-25 03:17:00
knai4698,hgu13901855,mn168701366921,True,True,CREATE,2012-12-30 05:43:19,2013-02-27 12:25:33
albi4950,pdu16827848,bo149780404733,True,True,CREATE,2013-11-29 01:14:32,2013-10-23 06:01:29
zhtz2726,qgo04848120,cv559876614289,False,True,UPDATE,2010-09-17 06:05:41,2016-05-01 03:30:46
jfku8918,udl12434478,sx776051103479,False,True,CREATE,2011-09-16 06:05:09,2016-08-14 06:42:20
fvip6595,hdz89341007,eq373034879844,True,True,CREATE,2013-09-27 04:10:23,2012-08-15 05:55:06
gdpx7887,zbn90734661,rx034357857057,True,True,UPDATE,2012-08-25 10:58:14,2016-04-24 05:10:22
klff9131,zal72256772,wu465177924389,True,True,UPDATE,2010-08-30 12:58:30,2013-11-15 06:04:03
mnyg5354,alv66511113,eh624065963394,True,True,CREATE,2013-07-29 04:14:24,2014-04-08 02:19:38
jqdv0454,eic64591707,rv127476668128,True,True,UPDATE,2010-04-07 09:46:26,2015-02-24 10:57:19
avbk4429,tat37235307,ui685921389880,True,True,UPDATE,2014-12-27 10:38:57,2015-11-20 02:55:34
wbme2332,rhq71683039,ny378781154209,False,True,UPDATE,2013-01-21 04:07:36,2017-04-14 08:38:44
qkcf2291,hql65778496,lp810273161131,False,True,UPDATE,2013-07-10 03:35:35,2014-02-25 05:04:15
xnrd8352,loy16335479,ek160457297405,True,True,CREATE,2012-08-31 07:37:49,2016-11-19 02:58:44
ydbd2334,nxj06812704,wp601398008531,True,True,CREATE,2011-07-17 03:29:15,2015-12-04 08:25:14
jycm6002,ode82043963,gf519338693599,True,True,UPDATE,2010-03-11 09:38:34,2012-06-20 11:03:18
pokc8637,otc23817397,pp331391898694,False,True,CREATE,2012-04-19 03:46:25,2013-08-09 07:12:01
nhnn4292,nlw20795532,ch754823873934,False,True,UPDATE,2012-07-29 01:51:06,2014-02-24 08:36:48
bbbl7715,qyj03611739,tj822004581859,True,True,CREATE,2012-10-21 01:55:45,2014-08-25 06:34:16
gkyd7730,igq52246193,gh671608538322,False,True,CREATE,2015-03-02 08:52:57,2012-01-17 09:28:10
chnw3739,qnr49403869,pa361591067812,False,True,CREATE,2010-03-10 04:02:06,2017-05-01 05:56:55
dfbc5144,ani23870175,lp535025994622,True,True,UPDATE,2013-07-17 11:44:45,2013-08-19 10:38:40
lueg8309,dfa98833702,bs249268293918,True,True,CREATE,2014-06-23 07:11:25,2012-06-26 02:14:14
imad6499,bbn39639022,td203315714645,False,True,CREATE,2010-10-08 07:53:25,2012-02-21 04:06:45
ggkz8813,vkz77282209,ce256552129389,True,True,UPDATE,2014-12-18 11:57:34,2016-08-30 10:38:11
zxjw3461,cpf28075357,ce816864122206,True,True,UPDATE,2014-08-27 04:38:24,2014-04-01 05:55:21
tsps8544,bfz52824564,vg676209343372,False,True,CREATE,2011-02-20 05:36:13,2012-08-21 07:29:04
tebe4088,tth44664613,zi540942438133,True,False,CREATE,2010-03-18 10:43:17,2015-04-13 07:14:08
sggv8642,tth44664613,hq046868383219,False,False,CREATE,2014-09-26 12:31:50,2012-11-08 10:54:31
jevm6713,tth44664613,jg760792683891,False,True,UPDATE,2012-11-15 08:48:05,2017-02-14 05:24:28
famu1634,ffm14057735,ep423317328566,False,True,UPDATE,2013-09-06 06:01:57,2017-02-17 08:33:06
qfes2809,pot49611002,vh143261141896,True,True,UPDATE,2012-02-24 11:34:52,2015-11-09 07:25:36
lozm1670,lge62851447,ff946318268562,True,True,CREATE,2013-01-12 03:31:11,2016-07-07 08:44:19
yfvj2436,xug69233209,jk128412867780,False,True,UPDATE,2010-03-23 09:38:49,2012-11-14 09:00:02
rmvm8480,vcj88141959,ie934886803526,False,True,CREATE,2015-03-10 04:15:08,2016-08-03 06:39:14
lryd9058,kag27107600,ro506393778216,False,True,UPDATE,2013-04-01 05:35:44,2012-05-12 08:48:47
jkyd6418,ysg84996257,ev396983392717,False,True,CREATE,2012-05-15 02:31:27,2013-03-11 06:17:57
uupy3916,tal11183122,yt025576491963,True,True,CREATE,2010-06-28 01:25:49,2016-07-21 10:32:29
izzv1930,amk24163171,bl213711630270,False,True,UPDATE,2013-07-01 07:06:12,2014-10-26 11:10:10
zurx1505,gmq46389063,wv144748109999,False,True,CREATE,2011-04-01 09:59:26,2015-04-25 10:40:54
kkwh3329,tkm19930952,ob729300714986,False,True,CREATE,2011-05-20 03:10:52,2012-09-21 09:29:50
ubwn0291,tfa03805022,ac884785317942,False,True,UPDATE,2011-11-28 07:38:19,2014-06-09 02:31:13
cqhj9716,zcb87382781,mg247343417323,True,True,CREATE,2010-12-15 10:55:47,2013-10-10 01:50:35
qwgg5943,gjq24267352,bb564300645061,True,True,CREATE,2012-04-15 10:58:06,2014-06-26 04:54:16
iwss1519,aqc33462016,my382849663755,False,True,CREATE,2010-06-15 04:29:51,2013-01-30 05:14:37
zlye5962,vuv27805470,av182958663148,True,True,CREATE,2011-02-25 01:25:12,2017-03-22 08:37:15
tial2163,emf17287571,kk265058066623,True,True,UPDATE,2014-08-25 10:48:10,2014-03-06 04:08:21
prig8053,lvg09715784,nj182881731094,True,True,CREATE,2011-07-18 06:53:24,2015-02-18 08:38:12
ehic9809,hxo03399752,ea668971687921,True,True,UPDATE,2011-05-25 06:43:59,2015-10-28 03:17:52
eqco4899,ohb29200154,my147189548069,True,True,CREATE,2010-11-19 01:34:33,2017-01-02 10:11:32
rxvs1040,mun50774753,dp204010901087,True,True,CREATE,2013-04-22 12:25:56,2015-02-09 10:17:20
osyz3236,wdd49419863,db951098600847,False,True,UPDATE,2012-07-26 09:58:04,2013-06-24 03:05:31
xxyd5785,vxq50780746,hc501181119076,True,True,CREATE,2011-07-16 10:35:53,2016-05-28 04:24:01
jixr6193,mdl29479111,kb350549000066,False,True,UPDATE,2012-08-06 07:28:43,2015-05-25 03:39:11
jspy7277,uap99329987,fe035782168924,True,True,CREATE,2015-01-31 02:07:46,2017-01-22 11:55:18
qpdz3174,wco67566120,qt141364499635,False,True,CREATE,2014-06-26 04:43:16,2013-01-21 07:59:13
ijnx9403,nnp39320790,op454653779475,True,True,UPDATE,2014-11-09 12:01:33,2012-11-07 01:43:17
xlzn4891,pkv66717087,ct562851398566,False,True,CREATE,2011-07-07 04:16:31,2015-07-06 01:42:18
drcx6729,cwc03025295,yg052365165246,False,True,CREATE,2013-03-22 01:33:39,2017-02-09 04:36:48
griu4736,tsh24304280,ju618462100695,False,True,UPDATE,2014-08-30 12:01:17,2013-11-28 07:58:21
dipc8440,qfs85047028,ud351653180713,True,True,UPDATE,2015-02-16 11:01:36,2017-04-27 11:47:06
mrik2382,sbi73756065,fx901855219204,False,True,UPDATE,2014-12-01 03:58:33,2012-04-06 11:24:13
hbtq1050,lin36045777,du168278488408,False,True,UPDATE,2014-06-18 03:07:13,2014-12-28 03:06:58
ftzm4960,lqt32067915,qq420484812075,False,True,CREATE,2011-01-22 07:46:33,2015-09-08 12:15:26
xvrh5276,kha68265214,di503312434478,True,True,UPDATE,2011-11-18 08:33:31,2016-10-26 04:41:32
envf8348,dcw57857886,ug981919893410,False,True,CREATE,2014-08-07 11:30:29,2016-07-01 06:01:54
ttgi8097,bmi97952538,on477453179073,True,True,CREATE,2012-08-09 05:42:12,2017-01-28 05:49:07
atez5783,jlz05165179,av444490876972,True,True,CREATE,2012-11-14 01:16:46,2012-03-20 02:46:10
qqrh2008,rmz08118984,up864045446693,True,True,UPDATE,2013-10-04 03:02:43,2017-01-17 10:29:22
dsbp0349,tfk07795313,qu685638884692,True,True,UPDATE,2014-07-11 05:41:37,2013-09-30 04:55:03
csit4294,mki91227705,xj861196721832,True,True,CREATE,2010-09-22 10:12:04,2012-08-31 08:10:32
qyup5285,iyt55372493,jm765047442677,False,True,CREATE,2014-03-29 05:56:21,2014-05-10 02:57:47
ybzb1734,ayl12971387,gp039014918383,True,True,CREATE,2013-01-21 04:03:32,2015-03-22 05:50:24
skaq2053,ikr53498584,zn784967421535,True,True,UPDATE,2011-02-18 12:41:26,2014-09-02 12:12:15
mvxj5809,fsi50460002,yn633547985515,True,True,CREATE,2014-07-12 06:45:57,2012-07-31 08:49:56
cuji9180,bmz99242391,nx706812704562,False,True,UPDATE,2012-05-10 04:42:09,2016-04-18 06:34:46
cetm4031,bbi98446003,ub890820439633,True,True,CREATE,2013-08-13 08:44:04,2013-06-28 03:53:21
ekpl6011,bmj82027841,fy294722381739,True,True,CREATE,2013-12-24 04:06:56,2014-10-23 06:47:54
cajc8022,kwy51309788,ue221275020795,False,True,CREATE,2013-08-27 10:52:51,2016-05-07 05:02:37
trwo8208,zyb66581849,ge233390809036,False,True,UPDATE,2013-11-21 11:00:26,2016-03-04 11:22:51
yodk5104,fik91192645,uc553361658865,True,True,UPDATE,2012-07-21 10:51:10,2012-02-13 10:17:38
demx1559,xjv77494116,tk675669876249,False,True,UPDATE,2013-03-03 01:58:57,2016-11-21 11:00:56
buou0007,jfy17092122,cv064904951054,False,True,CREATE,2013-11-05 01:42:54,2014-12-18 06:09:34
mcvw6692,xii16520070,nn369976999729,True,True,UPDATE,2011-04-18 02:19:57,2017-01-29 06:59:46
omkn6978,luj82927746,tv021632474576,False,True,UPDATE,2013-03-22 05:36:51,2016-06-11 02:04:46
adpd3068,egm42679963,ib902272737790,True,True,CREATE,2011-08-13 06:36:49,2016-07-07 06:39:50
fvmm1262,cxe84434355,tj282209775380,True,True,UPDATE,2014-04-18 06:04:14,2015-10-13 12:24:03
roko1311,jix59415937,pf280753570167,True,True,UPDATE,2012-06-19 09:06:47,2016-06-22 01:08:37
aeha7801,hdd46590514,lb535282456408,True,True,UPDATE,2013-12-18 09:30:47,2016-04-13 11:52:08
ropr5698,hol92943738,ov977144664613,True,True,UPDATE,2010-01-19 04:46:14,2016-02-05 03:15:13
nzbp3893,ivr02731311,xw539187955585,True,True,CREATE,2015-02-21 09:44:09,2016-11-03 11:32:28
usbz5810,taf61550567,uh859586100885,False,True,UPDATE,2013-06-19 08:52:48,2016-12-19 06:32:34
pvyx0205,wxq67993210,od615996959614,True,True,UPDATE,2011-01-23 01:39:28,2016-04-28 06:47:40
pqqh5215,vgl24308261,hp219608463185,False,True,UPDATE,2011-08-17 05:34:34,2012-03-13 01:42:10
igux9484,bcx98132870,bn209181518845,False,True,CREATE,2014-11-09 08:54:01,2014-11-22 12:22:11
hncl3643,osu24632824,pu896799094867,True,True,UPDATE,2013-10-07 10:56:12,2012-11-14 04:16:47
nvin8878,pqq66119276,yk951837731176,True,True,UPDATE,2011-08-18 04:52:58,2014-02-08 04:36:11
anqh3773,ixn19258945,st959615791408,False,True,UPDATE,2014-07-03 04:55:12,2012-11-15 08:54:35
grkb4575,mwk38539198,jz076007226977,True,True,UPDATE,2011-06-08 12:51:37,2017-01-13 09:37:30
zkld1926,xdm94316474,ga499625732380,True,True,UPDATE,2012-01-19 10:19:46,2014-11-29 08:41:58
hhnb0384,ypf17744043,ta511183122418,True,True,UPDATE,2011-02-22 07:16:49,2012-06-11 08:36:30
uzsh1377,zqz22868855,wy840241631711,False,True,CREATE,2014-05-15 11:55:25,2013-11-24 12:39:31
bfil8529,ypd02793665,mt308284638906,False,True,UPDATE,2010-10-30 12:48:17,2015-09-28 01:15:55
nrji8405,nwn42106394,ff062996619930,False,True,CREATE,2011-12-21 05:49:49,2015-09-17 10:15:19
bvza1566,qix30825076,fm466858792038,False,True,UPDATE,2013-08-03 04:49:39,2017-03-08 09:22:23
nebs2460,aim76015823,ed028643861078,False,True,CREATE,2014-05-21 09:06:31,2015-08-29 02:31:37
aati8014,jsc35460459,gq524678327843,False,True,CREATE,2014-09-02 11:48:33,2013-05-27 05:58:47
feod3865,grl35550674,gh361933904738,True,True,UPDATE,2014-07-02 12:55:22,2012-12-16 12:57:05
jzre3141,mtg46915936,ry549793187630,False,True,UPDATE,2014-09-16 08:30:44,2015-05-25 04:28:35
duxe8547,nre00639822,da700694237121,False,True,CREATE,2013-12-19 06:16:50,2017-04-09 11:08:50
dltd8651,jcb99889230,oe757124342594,False,True,CREATE,2010-07-30 03:39:18,2015-12-29 12:15:05
scqz8003,nez02997446,ql715784436649,True,True,UPDATE,2011-10-12 01:15:44,2016-01-29 05:34:20
qnlo0090,zld24016548,xo033997524719,True,True,UPDATE,2014-08-12 11:59:31,2016-08-25 01:02:31
btnk7181,fsb02106052,qo332920015427,False,True,UPDATE,2014-03-17 11:03:13,2016-08-24 05:11:33
bmht5919,kcr97766519,ri346950774753,False,True,UPDATE,2014-01-09 04:27:07,2016-07-24 08:56:03
tktp3985,hzk80942558,jf202651494198,True,True,CREATE,2011-02-13 01:49:16,2015-08-05 06:28:34
dfzw1548,izp44350056,uo668349145078,True,True,UPDATE,2014-09-03 08:42:46,2015-08-20 04:30:30
sfkb1610,rfi94235306,jg600474505529,True,True,UPDATE,2013-03-10 10:28:15,2016-12-25 06:16:11
vpuz2322,zdh95172688,py981837612407,False,True,UPDATE,2012-06-30 05:40:55,2017-02-10 09:41:40
zjpv0267,xln33942049,jw291193869918,True,True,UPDATE,2011-12-17 03:21:32,2015-04-01 03:29:15
tfyb3282,ucv69255152,ah831104255470,False,True,UPDATE,2011-01-08 03:43:04,2015-11-17 11:10:47
wvze6035,kso45032329,dz061927006440,True,True,UPDATE,2015-04-09 05:16:27,2016-07-25 07:17:21
dpok6663,and06299706,bf087714864849,True,True,UPDATE,2014-12-19 05:56:32,2017-04-25 12:28:39
ijqe1497,iny66192068,la252957569759,False,True,UPDATE,2011-05-08 02:35:40,2013-02-13 01:36:45
yxur4509,gbs18429469,he430428075408,False,True,CREATE,2013-06-01 05:49:46,2014-03-27 01:37:13
xamp1418,bqe80990943,qf085047028891,False,True,CREATE,2011-06-19 09:37:54,2012-07-24 04:52:46
xndi1159,ofh75380705,sx492737560650,True,True,CREATE,2013-01-21 01:01:25,2012-02-13 01:23:24
ybre5560,rit79251860,ny477493604577,False,True,CREATE,2013-03-11 10:02:48,2012-12-14 04:35:00
hvzc4339,xxf85229887,pw649212332067,True,True,UPDATE,2011-04-06 02:42:37,2017-04-18 02:55:20
liye6786,ioe00985587,lw005469070682,True,True,UPDATE,2011-02-03 11:41:30,2013-09-12 11:22:13
yyls5054,yuc90834090,ca409521171025,True,True,UPDATE,2012-04-18 11:31:00,2014-06-30 05:07:38
tytr7734,jna60671774,sg068247849638,False,True,UPDATE,2012-01-03 02:02:46,2015-07-19 10:38:43
kujl1904,kiz19818697,iq696215710708,True,True,CREATE,2011-02-20 11:48:16,2014-10-26 12:46:35
oxfn8862,akr67463235,bx778282239595,False,True,UPDATE,2014-05-22 09:44:21,2014-10-02 04:50:42
vjvs1452,lni56943701,oz843318611600,True,True,UPDATE,2014-01-24 09:31:11,2013-02-27 10:32:47
tlnp1746,ezv28821345,tz531342093850,False,True,UPDATE,2011-03-30 03:27:08,2012-10-02 08:31:04
zjrs7508,sjr47745124,bd227705875412,False,True,UPDATE,2010-12-25 08:41:45,2013-05-20 11:50:37
vxnb7739,awu87734609,yt553724938823,True,True,CREATE,2011-09-12 05:05:27,2014-10-11 10:30:32
coge5490,wfe70437848,ja251297138713,True,True,UPDATE,2010-08-14 05:45:57,2015-02-19 12:55:50
rsec6523,cjj31942760,uj048953498584,True,False,CREATE,2015-03-26 04:10:09,2014-03-26 12:20:14
hcqi1408,cjj31942760,sg734984504600,False,True,UPDATE,2011-02-12 09:19:18,2016-05-24 01:25:36
wvbb6769,cjj31942760,di356773279924,True,False,UPDATE,2013-06-30 01:44:00,2012-01-21 10:58:34
ooue7916,qgn88333197,dz704071679498,False,True,UPDATE,2014-06-21 04:32:45,2015-08-06 08:08:20
zcmc5759,dth78970780,ca976636531385,False,True,UPDATE,2012-09-18 02:29:45,2017-02-09 02:32:55
qjop8851,vdk11979950,dy881194284232,True,True,CREATE,2012-01-04 01:53:47,2016-04-17 01:09:38
nfgi9957,xet15623101,gu000363110072,True,True,UPDATE,2015-03-31 09:23:47,2013-03-21 11:17:01
gwwj5871,mpd79739736,wq931192317423,False,True,UPDATE,2015-02-02 12:55:56,2014-11-05 10:51:11
bndu9872,sue91140591,no645705612718,True,True,CREATE,2012-10-18 11:22:56,2015-05-25 04:09:09
zjgj8472,xko51812938,bi941167597626,False,True,CREATE,2012-03-09 06:41:31,2015-08-29 11:03:56
stov6051,sds59268259,yh709212280635,False,True,UPDATE,2015-03-18 10:21:23,2016-11-25 08:49:58
mcjl2393,yxc35786817,xi616520070474,True,True,UPDATE,2014-04-21 11:43:59,2013-09-26 01:01:34
hcgf4490,dah78445586,sr927829277460,False,True,UPDATE,2011-01-24 07:22:48,2014-07-22 07:02:46
qulw7182,oah89277328,om098604267996,False,True,UPDATE,2014-01-16 02:10:07,2015-10-06 05:19:08
tgvh2056,vdy04985994,jb303289084434,False,True,UPDATE,2012-12-15 10:40:42,2014-05-28 02:11:06
sidb7871,bql81138152,nw818048501594,True,True,CREATE,2011-01-29 07:05:44,2013-01-25 11:39:46
owqy8853,uik19477592,xq967416013374,True,True,CREATE,2011-11-03 04:01:55,2015-01-08 07:32:39
qlka8246,xmx72255374,yr782802373490,False,True,UPDATE,2014-04-11 07:27:59,2016-06-06 01:23:18
ofjy0811,msu20502202,ib981409053267,False,True,CREATE,2011-06-01 05:56:03,2013-12-23 02:56:29
wgvt2445,jpw82415585,dh118700731985,True,True,CREATE,2014-11-14 02:21:09,2012-06-14 12:38:16
ydvv9767,njs63858158,wn670757727390,True,True,UPDATE,2011-01-07 12:31:55,2012-02-20 08:14:39
lvrx8410,irt89680262,lv321046199570,True,True,CREATE,2014-11-24 02:17:57,2014-01-24 01:15:28
bkho9457,ngs65852362,ky308261895587,True,True,CREATE,2013-08-19 07:05:43,2013-09-10 09:41:00
sraq8972,mgp85380003,cx981328708844,True,True,CREATE,2013-10-05 04:35:53,2013-12-19 08:13:31
hfuh3672,mqa23031946,to622463282474,False,True,UPDATE,2011-03-02 01:01:09,2015-08-21 11:41:49
fdnz8502,qmy03873317,zd798866119276,True,True,CREATE,2010-07-01 02:43:43,2014-12-25 06:45:06
pdup1766,zwy92686731,ez145855192589,False,True,UPDATE,2011-03-18 07:03:33,2013-06-04 09:46:22
adpz4535,xuc57863985,xq317860843853,False,True,CREATE,2010-10-13 02:56:00,2015-08-26 02:06:52
veba4203,reb94220698,yx597927135094,True,True,CREATE,2011-05-24 09:13:20,2012-12-02 07:07:23
dblz2391,qoi90541706,ky532903477837,True,True,CREATE,2011-06-30 08:50:45,2016-07-09 03:41:53
hhmh4469,zae72976464,dq668878768251,True,True,UPDATE,2013-06-12 08:04:15,2012-05-10 04:35:37
agmn4173,zgh69941758,tb095259561558,True,True,UPDATE,2013-03-14 07:49:33,2013-02-08 03:36:43
mhcc0029,gmb90713710,kg564949759540,True,True,UPDATE,2010-08-05 09:40:50,2015-09-30 04:48:45
uljz7503,lrq33572619,ke394386402959,False,True,CREATE,2011-10-07 08:52:02,2015-04-18 06:55:28
sdtz3529,qah18223699,wi250766113893,True,True,CREATE,2011-10-13 12:48:02,2012-10-02 05:46:23
ryfr8610,xrb50652776,mb601582322974,False,True,UPDATE,2010-03-14 05:33:03,2014-01-23 09:05:40
gcwa2998,oew19519769,js235460459898,False,True,CREATE,2013-05-13 09:30:46,2012-02-01 02:49:01
kikx2721,ule90519486,oi271355506748,False,True,CREATE,2010-05-17 08:52:43,2012-03-08 05:34:31
hthc8285,mme52668286,sl506744691593,True,True,CREATE,2010-01-30 09:48:26,2014-08-08 12:58:27
mrpv6631,dxj80723119,us894439200639,True,True,CREATE,2014-01-21 10:07:38,2016-01-26 12:20:06
bipv8867,eic17282859,ru899543145998,False,True,CREATE,2014-06-26 04:44:59,2017-02-03 12:07:32
tcrc1405,lie23974183,bn607167965450,True,True,CREATE,2010-11-16 04:19:34,2016-12-18 10:18:31
raea6127,bis91054367,fo709921545095,True,True,CREATE,2014-05-04 06:59:19,2016-11-21 07:59:17
gqmz8108,wvv54975471,yc240769138674,False,True,CREATE,2010-08-12 07:32:45,2013-04-27 02:55:26
rmjk1273,tmm07126390,vs278374618570,False,True,CREATE,2010-10-21 06:32:30,2016-06-24 10:23:50
dcke2058,fdb08390946,mh198493125599,True,True,UPDATE,2010-09-18 03:56:50,2015-11-13 03:34:40
gthv5249,xwu65123665,pw255877445060,True,True,CREATE,2010-03-08 10:59:59,2014-04-15 05:26:25
qrlg6035,bzf92763658,qw350056973547,False,True,CREATE,2011-12-31 01:42:06,2016-08-17 08:25:09
kfhe8712,qql61728530,fi942353061438,False,True,UPDATE,2015-01-17 08:10:40,2014-01-27 08:28:01
wajd2479,rgf00206050,uz139517268889,False,True,CREATE,2012-03-09 12:45:34,2013-06-04 05:53:25
omdk6722,kbi15867537,mw651533942049,True,True,CREATE,2013-04-14 04:07:39,2014-05-21 11:45:34
msvy1145,tfw70527120,tu381467692551,False,True,UPDATE,2012-09-27 12:07:09,2014-03-03 09:39:36
pcdu4731,xmw29633483,vg767324884503,False,True,CREATE,2011-05-25 10:21:42,2013-01-10 12:20:12
ahbf0714,nhi79495472,jb831707447706,False,True,UPDATE,2011-08-01 05:49:53,2013-07-02 07:01:04
elsj7598,rly28868429,yd761966619892,True,True,UPDATE,2011-05-01 01:03:46,2014-06-26 02:22:05
sdnv7263,zlj74612421,pm948153141010,True,True,CREATE,2014-06-10 07:53:00,2013-02-02 11:36:54
albh0719,sdp80401356,rj294799738565,True,True,CREATE,2010-07-22 01:18:43,2013-10-28 09:40:28
obyj5347,syu84787273,zk375394518537,False,True,CREATE,2010-02-05 02:06:07,2014-07-10 01:25:07
kddt3233,vpk36168498,qk705341453265,False,True,UPDATE,2013-02-06 11:49:47,2012-01-27 08:12:42
cgku4558,bsg90478813,xo518602432770,True,True,UPDATE,2013-05-30 02:22:02,2014-08-31 12:53:53
anut6850,wty26402998,fg522988789527,False,True,CREATE,2010-02-10 10:27:40,2015-02-28 02:33:42
osne4299,fps92170225,io200985587736,True,True,CREATE,2011-10-13 04:08:50,2016-06-06 07:12:11
maxf9776,dhd87968557,vp008908340901,True,True,UPDATE,2012-08-14 07:45:54,2012-02-05 01:19:50
tnow0043,rru70811632,eg859166067177,True,True,UPDATE,2013-11-15 05:40:14,2012-07-03 01:27:18
kulm3721,xdn23437668,hz093422919818,True,True,CREATE,2011-04-28 04:23:46,2012-02-04 09:26:32
qnwt8892,ybr63510375,ny642636829674,False,True,CREATE,2013-10-29 05:44:41,2012-11-12 12:55:12
garq7105,tzg97055718,eb832895069385,True,True,UPDATE,2014-02-03 06:55:13,2016-08-25 04:36:50
qmvf9190,cia28651054,sr774685385385,False,True,CREATE,2012-02-28 01:29:15,2015-09-23 12:46:01
smrz2277,dea06589029,nq321545096742,True,True,CREATE,2013-05-29 09:58:16,2015-06-22 10:54:45
owpe8114,ntz95302192,km572363525012,False,True,CREATE,2011-09-10 12:31:24,2017-02-10 11:21:09
kwcx6468,hdn31208263,ca092604244638,True,True,CREATE,2013-06-16 02:34:58,2016-11-18 05:18:20
yyxu3994,ytq34605742,ch784889478158,True,True,UPDATE,2012-09-20 03:07:47,2015-06-04 09:23:31
aczn3597,jnh88373262,bx942760484082,False,True,CREATE,2013-12-12 04:37:19,2014-10-23 11:51:17
trrn0999,dye05865902,bw903800273193,False,True,UPDATE,2014-06-30 09:46:38,2015-11-07 10:02:16
izft3523,xdc21014353,bg777830314364,True,True,UPDATE,2014-10-16 05:52:13,2016-11-29 01:01:42
atzz4860,zxh70874192,xl468188333197,True,True,CREATE,2012-04-21 02:32:27,2014-11-16 07:41:59
buic3226,ouj21836367,py077917789707,True,True,UPDATE,2012-03-26 04:45:53,2014-12-02 03:50:05
kjvb9048,ihn17052706,ea674429161197,True,True,CREATE,2014-01-03 01:17:27,2016-08-16 06:12:42
rfzj3318,rol30440393,ub911198276315,False,True,CREATE,2010-08-31 08:57:31,2012-12-07 05:45:08
uatq6128,rfk83194442,an940033320631,True,True,CREATE,2011-04-30 07:58:46,2017-03-16 03:46:24
fyer9199,emt77206339,uc171585628284,False,True,UPDATE,2011-05-30 05:02:35,2013-08-17 10:33:15
jzhk6024,rov31245835,tx407833461384,False,True,UPDATE,2012-05-26 09:02:18,2017-03-19 09:32:30
uzsv4717,eui62981557,zz863440408846,True,True,UPDATE,2013-12-09 10:32:59,2016-09-08 09:16:13
kcuy8864,cnw31299273,sy259883526131,True,True,CREATE,2010-05-25 07:10:23,2017-04-16 01:10:44
xouv8013,jjc37422000,dh868177212042,True,True,CREATE,2010-05-13 09:36:32,2013-06-15 11:58:56
ecto5046,rgz46215990,hb844558694819,True,True,UPDATE,2012-06-26 07:58:55,2014-12-22 03:45:03
hiyk3550,gma02522693,oa589277328698,False,True,UPDATE,2015-03-04 06:30:05,2015-03-04 09:48:13
ltwp0691,bke64239715,fm774049859945,False,True,CREATE,2013-11-11 06:04:23,2012-12-01 08:18:13
uuyz4888,wll18959415,zu681618113815,False,True,CREATE,2012-12-08 11:11:27,2015-12-11 02:09:34
jszq4518,fik75116190,lb066642619477,True,True,UPDATE,2013-03-10 02:19:40,2016-09-28 08:18:44
qxux4924,yhw90410251,se473859365722,True,True,UPDATE,2011-11-30 04:18:56,2015-06-30 05:36:36
luvo0654,oqn29525309,os519428694882,False,True,UPDATE,2010-11-26 03:42:12,2017-04-09 09:09:19
mtgf6723,uxh41952682,mv284863596919,True,True,CREATE,2010-06-29 06:35:59,2013-09-20 09:54:33
lcyy3366,cri69579311,pc288866976224,True,True,CREATE,2012-01-26 06:49:36,2012-07-24 02:30:51
fmow2664,lis19446670,bu503505091936,True,True,UPDATE,2014-03-04 07:34:22,2014-01-08 02:41:51
dayi9836,gzy82938059,qc629447997288,False,True,CREATE,2015-02-26 11:37:18,2015-03-05 05:38:45
aaap3066,wbq16597193,ez236242405395,False,True,CREATE,2015-04-20 01:02:13,2017-01-06 05:09:21
xqva1919,gfe07602668,iz380003663297,False,True,CREATE,2012-05-23 09:44:47,2013-06-18 08:16:10
bzqp8474,jzc20504330,qa230319466784,True,True,CREATE,2011-11-21 08:21:31,2016-10-04 05:04:54
tvdo3225,plc61360226,mq420387331791,True,True,UPDATE,2014-12-21 08:00:35,2015-02-11 03:38:22
cfdx4020,mmg93798004,rf770092686731,True,True,CREATE,2011-07-13 02:50:25,2016-03-26 08:13:42
mwal0942,uka74461925,zg261940578639,True,True,UPDATE,2013-06-30 09:24:11,2014-09-12 07:55:37
yayz1516,ktc55377475,tg238193819422,True,True,UPDATE,2015-05-03 06:48:14,2013-12-03 08:31:28
ylva4332,wfu78448881,no572210266690,False,True,UPDATE,2012-08-23 02:00:41,2014-03-17 06:58:12
xsgb5462,lnk27024411,ff250971368522,False,True,CREATE,2010-05-22 02:02:38,2015-06-27 01:34:38
idje5996,axo90088099,bg475052504779,True,True,UPDATE,2010-06-09 08:08:50,2014-05-02 05:29:55
qpuv2668,rdv87945341,ap382951589085,True,True,CREATE,2011-03-21 03:29:39,2016-12-08 10:58:46
chnn0964,ggf28530235,zh048748140128,True,True,CREATE,2013-10-11 05:58:15,2013-04-11 06:07:54
lzdp2506,pzo61643160,zc619978453084,False,True,CREATE,2011-07-29 04:06:51,2014-01-01 05:43:28
nygd2429,zjd65879390,au236999354587,True,True,UPDATE,2013-12-04 01:38:55,2012-10-04 04:09:20
kaqf9228,nnl71583058,br065277653485,False,True,UPDATE,2014-01-16 12:10:14,2015-08-30 05:32:18
gave0619,cbv40210623,oe619519769935,False,True,UPDATE,2011-10-19 02:22:18,2014-09-29 11:45:18
ewlp9561,kwm28443726,er276905194862,False,True,UPDATE,2014-12-16 11:30:22,2017-02-26 07:55:36
emui2834,gny18751198,ve586045266828,True,True,CREATE,2012-06-23 08:33:03,2013-06-15 06:44:47
wgsc8757,qws53882165,uk445559980723,True,True,UPDATE,2011-01-22 08:14:11,2015-12-09 10:04:18
zibn7928,zej36174451,rg746667482172,False,True,UPDATE,2013-12-02 01:26:32,2016-07-24 06:28:44
fvme3211,ame37119099,ud347318919402,False,True,UPDATE,2015-04-05 08:37:43,2015-04-11 03:00:57
nmdp6712,rbu68613643,gs687154363878,False,True,CREATE,2014-11-26 10:23:29,2012-02-23 01:06:44
tljw7950,uuk02826606,fm322562581132,True,True,CREATE,2010-02-17 03:12:00,2012-11-14 08:33:09
blfk7006,bqj03645050,bz248710176830,True,True,UPDATE,2011-05-07 07:52:10,2012-11-19 10:51:04
ilqv1829,tir16022360,qt901013348194,False,True,UPDATE,2013-01-15 04:51:01,2017-01-04 12:18:20
tqaz7205,snn73758037,bf094697791197,False,True,UPDATE,2012-07-08 05:20:13,2015-07-01 10:28:35
pdnw8426,lvg82526614,av123665174879,False,True,UPDATE,2014-08-08 12:40:46,2014-02-14 09:09:35
leck2207,psa16265323,zf927636589871,True,True,CREATE,2010-11-03 04:15:52,2012-05-03 03:05:40
jywk6317,opf58309954,eq076172853069,False,True,CREATE,2014-08-26 02:50:36,2014-11-18 02:39:58
uetv1657,bvd52853727,lt118100206050,False,True,CREATE,2010-07-20 01:40:02,2012-08-15 01:55:22
zejf0983,ozt45778827,ss044834158675,True,True,CREATE,2010-12-18 02:30:37,2012-03-26 09:24:06
muqz9608,vpd83574706,pi366343307052,False,True,UPDATE,2010-06-13 04:23:40,2012-01-22 05:01:57
amkh5531,zza56166708,uu848292912429,True,True,CREATE,2011-04-05 08:28:47,2013-07-19 01:25:02
dxee7744,imd74531801,ig427603028530,True,True,CREATE,2010-02-11 04:39:37,2016-08-20 03:56:34
ubmj8691,vrd98680182,vc821337646585,False,True,UPDATE,2013-08-27 08:33:22,2012-07-13 04:02:28
jqxq6909,otk41336451,vk900730469087,False,True,CREATE,2010-10-31 10:07:47,2013-06-06 05:53:34
vqpc1396,ylr33885680,ua157826318520,True,True,CREATE,2013-09-18 02:17:32,2016-10-15 06:17:59
izlm7147,mpi28052844,ab356709362377,True,True,CREATE,2013-11-24 07:18:42,2014-08-17 04:01:37
jgux0530,gta32720597,yv872739916614,True,False,CREATE,2013-08-04 01:41:05,2012-10-15 03:33:03
oene4164,gta32720597,kt616849886481,False,True,UPDATE,2013-09-20 05:09:50,2012-04-30 02:40:16
zuct9713,gta32720597,bs690478813841,False,False,UPDATE,2012-07-04 10:30:44,2013-03-07 04:55:56
akwh6470,eki49647699,cj634264029986,True,True,UPDATE,2010-05-10 02:49:18,2013-02-09 05:59:27
avwc5014,hsj82258326,st495349217022,False,True,UPDATE,2010-08-25 12:51:16,2013-11-08 06:09:49
vopl3024,tce32677469,nd013331787968,True,True,UPDATE,2011-04-07 06:49:04,2015-11-16 07:26:31
hqrn2802,uve95110402,eu143507758708,True,True,UPDATE,2011-09-23 11:23:54,2013-11-21 10:51:35
kopq0134,che32118388,rm182530285172,True,True,UPDATE,2015-03-10 11:06:59,2014-02-28 11:07:55
pybr8708,ilq59951785,hp761664749845,False,True,UPDATE,2011-01-07 09:05:51,2014-11-20 04:30:43
plyd5627,yql41084165,vk319883227392,False,True,CREATE,2011-04-14 09:15:23,2012-05-21 05:15:56
vlrk6092,spc03690807,za872960344144,False,True,UPDATE,2013-02-28 11:22:23,2016-02-17 07:39:23
euko0353,hih26436644,vw543316672896,False,True,UPDATE,2014-07-22 10:28:39,2014-06-02 02:44:18
evoz5010,enh81533591,zo902918904057,False,True,CREATE,2013-08-22 08:40:25,2013-09-26 01:37:29
zzha4336,ffo30108210,nd302192892769,False,True,UPDATE,2014-02-09 06:42:52,2017-02-02 02:38:40
ufbz7704,ndz54626007,dn312082632420,True,True,CREATE,2011-10-22 04:11:41,2015-08-24 07:20:02
aavj8247,kcl24545253,xy503460574284,False,True,CREATE,2013-11-30 05:06:23,2016-07-27 03:55:25
nobm5143,woh89600521,nu479188373262,False,True,UPDATE,2012-06-11 08:28:43,2013-05-31 11:55:22
sxrb8686,teo46473458,zp747162058659,True,True,UPDATE,2012-09-16 01:26:35,2013-03-16 10:25:14
cxgz3613,wky29843039,yy466005302101,False,True,CREATE,2014-09-22 07:27:57,2016-09-08 03:08:03
pmxx1749,pen80125149,wo725759535170,False,True,UPDATE,2011-10-09 12:01:45,2016-07-31 06:35:33
zmzc8685,lgw33331934,dq088038177629,True,True,UPDATE,2014-07-04 01:41:39,2014-09-27 09:05:40
ydad0853,lsn61823564,kt279682115428,True,True,CREATE,2013-11-05 06:36:19,2012-05-22 11:39:35
wvlb0315,nir26949371,uf434564799822,True,True,CREATE,2012-03-29 03:53:14,2013-07-29 08:39:41
xtxg2132,mnw78323856,zl323516706365,False,True,CREATE,2013-01-09 03:09:06,2014-10-11 08:41:00
dzxy5664,cwc56496337,tm442246198138,True,True,UPDATE,2014-01-19 01:40:13,2016-08-05 02:28:59
yqye6833,vks22392071,nq063392318860,True,True,CREATE,2013-05-21 07:58:36,2012-08-20 05:09:47
yhlk3000,xsv36026938,vl124583581272,False,True,UPDATE,2014-05-11 11:45:27,2016-04-30 01:34:18
xldw1813,xpt97280119,eu062981557206,False,True,UPDATE,2014-11-13 04:00:16,2014-07-22 04:52:57
cwxh7972,koq92808017,om054312992733,True,True,CREATE,2015-05-03 01:59:48,2016-10-30 08:36:41
lpam7780,yhd41230205,hi157943742200,True,True,CREATE,2014-05-09 02:47:24,2016-02-06 11:53:57
oppl5482,mii91017162,jt441498746215,False,False,UPDATE,2014-09-28 11:33:31,2012-04-09 07:27:50
xwsg7780,mii91017162,vx370051082025,False,True,UPDATE,2010-05-04 11:13:39,2016-04-28 12:07:20
zhnq9362,wea46580412,tw418238959446,False,True,UPDATE,2014-06-11 10:36:22,2013-11-02 07:18:51
zflh1047,rdf76104510,jt335447425623,True,True,CREATE,2012-11-18 05:23:12,2013-10-19 02:31:23
ilej5957,pzf06067586,dn278752776820,False,True,UPDATE,2013-09-26 06:36:56,2014-03-01 04:03:28
