Id,FacilityID,CollateralID,FacilityCollateralAllocationValue,FacilityCollateralAllocationCurrency,ChangeType,CreatedDate,LastModifiedDate
llia2362847,xyhhz8642,xyh97864279,16.42,GBP,UPDATE,2022-10-21 09:13:35,2022-10-21 09:13:35
ytpz6991873,qsuqo3933,uqo39330808,8.5,USD,UPDATE,2022-10-21 09:13:35,2022-10-21 09:13:35
itdm6150301,afrrj2036,jsw36161049,13.41,USD,UPDATE,2022-10-21 09:13:35,2022-10-21 09:13:35
nslt4700119,hikzb0426,yes44790638,19.73,GBP,CREATE,2022-10-21 09:13:35,2022-10-21 09:13:35
zqli8132896,pfbvu4877,jgb24865261,16.1,GBP,CREATE,2022-10-21 09:13:35,2022-10-21 09:13:35
rekc8166227,slxdc7092,jfz77335332,7.04,USD,UPDATE,2022-10-21 09:13:35,2022-10-21 09:13:35
ydop9649807,sojdk0190,umo05311479,4.9,USD,UPDATE,2022-10-21 09:13:35,2022-10-21 09:13:35
xiot6384335,hqvtf7818,svk57681306,10.7,GBP,CREATE,2022-10-21 09:13:35,2022-10-21 09:13:35
expx4088016,uqvnj0905,pda29053017,3.82,GBP,UPDATE,2022-10-21 09:13:35,2022-10-21 09:13:35
wzlg2252692,xwpxw5418,lsl04482576,3.36,USD,UPDATE,2022-10-21 09:13:35,2022-10-21 09:13:35
wnol4805708,gwolv6820,nlt43010836,11.74,USD,UPDATE,2022-10-21 09:13:35,2022-10-21 09:13:35
typh0981041,yrgjc8368,fiy66625223,4.76,GBP,UPDATE,2022-10-21 09:13:35,2022-10-21 09:13:35
sckl6409532,iyqeg2522,wqq17585158,9.38,GBP,CREATE,2022-10-21 09:13:35,2022-10-21 09:13:35
nwgl8285957,uwqqt7585,bgz79130353,10.85,GBP,UPDATE,2022-10-21 09:13:35,2022-10-21 09:13:35
rpev6325296,wndbg5791,xcq64619451,5.43,GBP,CREATE,2022-10-21 09:13:35,2022-10-21 09:13:35
cbbj2415346,cdjsa3406,jot33482509,13.89,USD,CREATE,2022-10-21 09:13:35,2022-10-21 09:13:35
guwd6786832,wnkeo1678,kdu07860522,7.15,USD,CREATE,2022-10-21 09:13:35,2022-10-21 09:13:35
uhqu5497225,ynffn0873,xvu48403465,14.51,GBP,UPDATE,2022-10-21 09:13:35,2022-10-21 09:13:35
kvxa0316646,ccedy1204,sym92132912,9.66,GBP,UPDATE,2022-10-21 09:13:35,2022-10-21 09:13:35
satd2188783,fdoux5075,kwv92780943,7.13,USD,CREATE,2022-10-21 09:13:35,2022-10-21 09:13:35
pnur0379520,glgcp7137,mgc26357538,0.43,GBP,UPDATE,2022-10-21 09:13:35,2022-10-21 09:13:35
degk4993119,hkdpb7726,ldd88238028,1.57,GBP,UPDATE,2022-10-21 09:13:35,2022-10-21 09:13:35
kgts0568631,rtfnc8899,wul26415963,11.47,GBP,CREATE,2022-10-21 09:13:35,2022-10-21 09:13:35
zlye7273119,sahwm2817,ena68278476,17.61,GBP,CREATE,2022-10-21 09:13:35,2022-10-21 09:13:35
qima4437745,lkcah5963,jgg21633373,13.43,USD,UPDATE,2022-10-21 09:13:35,2022-10-21 09:13:35
vbts0237790,enaeg2784,vbt86482977,8.09,USD,UPDATE,2022-10-21 09:13:35,2022-10-21 09:13:35
yusi9333526,fzjgg2163,rwa59876868,1.84,GBP,CREATE,2022-10-21 09:13:35,2022-10-21 09:13:35
otvh7588227,ehowv1186,mqn33062244,19.8,GBP,CREATE,2022-10-21 09:13:35,2022-10-21 09:13:35
vnsx6947500,jntvz3966,foj42617544,11.77,GBP,UPDATE,2022-10-21 09:13:35,2022-10-21 09:13:35
ueaa6275894,glipf6480,vne09447779,12.19,USD,CREATE,2022-10-21 09:13:35,2022-10-21 09:13:35
yeuu1906029,hmxfo1507,sdn54950955,0.06,GBP,UPDATE,2022-10-21 09:13:35,2022-10-21 09:13:35
zrhx3369612,eyuyw5700,ekg91044811,3.8,GBP,UPDATE,2022-10-21 09:13:35,2022-10-21 09:13:35
twch0149628,dkbol8050,lsq94678232,6.98,USD,CREATE,2022-10-21 09:13:35,2022-10-21 09:13:35
becp6706072,vnamr3890,rmv70241818,0.47,USD,UPDATE,2022-10-21 09:13:35,2022-10-21 09:13:35
yean8633658,cenxn4335,upl28910842,0.83,GBP,CREATE,2022-10-21 09:13:35,2022-10-21 09:13:35
baxh5927869,ijawb2045,vlc43291072,3.09,GBP,UPDATE,2022-10-21 09:13:35,2022-10-21 09:13:35
inlv2687386,diwcd8186,xfh69125566,10.17,USD,UPDATE,2022-10-21 09:13:35,2022-10-21 09:13:35
rbwl4458298,plugr1084,cfa94514445,4.7,GBP,CREATE,2022-10-21 09:13:35,2022-10-21 09:13:35
osxe6665755,dvlcm3291,swm37113317,16.05,USD,CREATE,2022-10-21 09:13:35,2022-10-21 09:13:35
dxce4359005,yqkxf9691,hvz31055406,8.98,GBP,CREATE,2022-10-21 09:13:35,2022-10-21 09:13:35
nbqm8827773,xzgjq8569,zrs24073991,14.97,GBP,CREATE,2022-10-21 09:13:35,2022-10-21 09:13:35
byxz8789686,rgbcp8248,voe22015396,11.7,GBP,CREATE,2022-10-21 09:13:35,2022-10-21 09:13:35
rden2261080,chhge3447,bcj20087076,17.39,USD,CREATE,2022-10-21 09:13:35,2022-10-21 09:13:35
xfvs2450255,dejbf5193,ftn10584853,10.71,GBP,CREATE,2022-10-21 09:13:35,2022-10-21 09:13:35
pldv6756805,bnjap1841,cfn06101222,10.63,GBP,UPDATE,2022-10-21 09:13:35,2022-10-21 09:13:35
aezu7498495,obneq2292,ibs93492505,7.49,USD,CREATE,2022-10-21 09:13:35,2022-10-21 09:13:35
xqkl1759862,kzmju8944,wrx31023566,17.61,GBP,UPDATE,2022-10-21 09:13:35,2022-10-21 09:13:35
finr1433462,gqyjl7301,dcj37147511,9.48,USD,UPDATE,2022-10-21 09:13:35,2022-10-21 09:13:35
wptf5796466,uxoxo2299,mtr69215642,19.71,GBP,UPDATE,2022-10-21 09:13:35,2022-10-21 09:13:35
esku6558616,sxdar2505,bdu93660675,0.75,USD,CREATE,2022-10-21 09:13:35,2022-10-21 09:13:35
zmwd5540196,wrxrx0235,egr24061580,18.68,GBP,CREATE,2022-10-21 09:13:35,2022-10-21 09:13:35
wpwz8540964,gmdcj3714,mfz10828416,9.9,USD,CREATE,2022-10-21 09:13:35,2022-10-21 09:13:35
bvjo3372706,bcnwm1169,tus32721602,1.31,GBP,CREATE,2022-10-21 09:13:35,2022-10-21 09:13:35
phdq5138158,nlwiv5550,srj20722181,12.85,USD,CREATE,2022-10-21 09:13:35,2022-10-21 09:13:35
jorr8254749,iltbs2476,iyt30844111,11.6,USD,UPDATE,2022-10-21 09:13:35,2022-10-21 09:13:35
zduf2039982,fgqit5701,egn49670684,6.83,GBP,UPDATE,2022-10-21 09:13:35,2022-10-21 09:13:35
aerk9480224,xdahh8379,ekk74351630,2.68,GBP,CREATE,2022-10-21 09:13:35,2022-10-21 09:13:35
beve0818955,vajpw8837,bbv84492930,19.37,GBP,CREATE,2022-10-21 09:13:35,2022-10-21 09:13:35
zeth8482465,yzxbh4188,lsk74883499,6.45,USD,UPDATE,2022-10-21 09:13:35,2022-10-21 09:13:35
shsy0479784,ibhtq8125,atc02850970,2.19,USD,UPDATE,2022-10-21 09:13:35,2022-10-21 09:13:35
yhty8883258,krmww4058,aae50664553,9.73,GBP,CREATE,2022-10-21 09:13:35,2022-10-21 09:13:35
lmgv2992055,tunrx6306,dsf10635854,17.74,USD,CREATE,2022-10-21 09:13:35,2022-10-21 09:13:35
dztt6279687,bvygm9293,gag35017534,16.25,GBP,CREATE,2022-10-21 09:13:35,2022-10-21 09:13:35
uhjc1416394,ylskt4883,xhj92382186,4.19,USD,CREATE,2022-10-21 09:13:35,2022-10-21 09:13:35
njah7939021,itqat6028,vaz37606272,7.37,GBP,CREATE,2022-10-21 09:13:35,2022-10-21 09:13:35
ygmo9967015,ulqua4005,pdo35012986,19.88,GBP,CREATE,2022-10-21 09:13:35,2022-10-21 09:13:35
pxvx9233770,rcgin7994,wux42997454,2.52,GBP,UPDATE,2022-10-21 09:13:35,2022-10-21 09:13:35
emge4423314,aacnp9068,jik04849393,9.29,USD,UPDATE,2022-10-21 09:13:35,2022-10-21 09:13:35
xeft9226620,ryycg2715,xhj44694016,9.01,GBP,CREATE,2022-10-21 09:13:35,2022-10-21 09:13:35
qveb5012423,freku0835,dkb38306807,0.44,USD,UPDATE,2022-10-21 09:13:35,2022-10-21 09:13:35
qssy8187995,wjzim6686,prj07430669,10.31,USD,UPDATE,2022-10-21 09:13:35,2022-10-21 09:13:35
nipy1103731,rgimo7474,ywc24086455,3.4,GBP,CREATE,2022-10-21 09:13:35,2022-10-21 09:13:35
auiu9821029,bbkro6297,zob94186747,15.14,USD,CREATE,2022-10-21 09:13:35,2022-10-21 09:13:35
bknx0527762,cgezd9355,ppx92111236,8.17,USD,UPDATE,2022-10-21 09:13:35,2022-10-21 09:13:35
kque7623597,jgyoj4016,hlp37500314,1.46,USD,UPDATE,2022-10-21 09:13:35,2022-10-21 09:13:35
jevq1900421,dkbno3068,ovw26016567,12.45,GBP,UPDATE,2022-10-21 09:13:35,2022-10-21 09:13:35
kdpu2329829,mhprj0743,rpb49019021,10.71,USD,CREATE,2022-10-21 09:13:35,2022-10-21 09:13:35
mlzt9958790,ipvey6624,vds67989279,5.39,USD,CREATE,2022-10-21 09:13:35,2022-10-21 09:13:35
juka4131630,hlkcm1707,ggm17896641,13.15,USD,CREATE,2022-10-21 09:13:35,2022-10-21 09:13:35
miwm9597438,piwkj9731,fqo28545952,10.92,GBP,CREATE,2022-10-21 09:13:35,2022-10-21 09:13:35
jwcz0038655,gmtwa6793,afx05571844,4.5,GBP,CREATE,2022-10-21 09:13:35,2022-10-21 09:13:35
ecwa5877857,hwqly9716,tay60094013,11.83,USD,CREATE,2022-10-21 09:13:35,2022-10-21 09:13:35
dfmi5877107,oidkl4576,wtj60256681,11.82,GBP,CREATE,2022-10-21 09:13:35,2022-10-21 09:13:35
vckc8044194,erisw2132,ohx98570057,0.03,GBP,UPDATE,2022-10-21 09:13:35,2022-10-21 09:13:35
epkd4068058,lmdhp9535,gjl87810906,6.83,USD,CREATE,2022-10-21 09:13:35,2022-10-21 09:13:35
eqef3838965,stmyy1132,kaf88649438,15.34,GBP,CREATE,2022-10-21 09:13:35,2022-10-21 09:13:35
frsh1433661,eitsn9528,rnn83800193,16.16,GBP,UPDATE,2022-10-21 09:13:35,2022-10-21 09:13:35
uhre1797371,fxypj7184,wge99599965,10.68,GBP,CREATE,2022-10-21 09:13:35,2022-10-21 09:13:35
syiv3054051,ktayc0094,nbe93767617,4.76,GBP,UPDATE,2022-10-21 09:13:35,2022-10-21 09:13:35
ertk1037929,nohwt5602,rrp66225981,7.6,GBP,CREATE,2022-10-21 09:13:35,2022-10-21 09:13:35
kfxh3151673,odxvh0339,sgt27434545,14.83,USD,CREATE,2022-10-21 09:13:35,2022-10-21 09:13:35
lqnz7314528,ysoyo2541,gou07904524,6.5,GBP,UPDATE,2022-10-21 09:13:35,2022-10-21 09:13:35
wbfg7242355,mewom8438,cwe12113620,6.62,USD,CREATE,2022-10-21 09:13:35,2022-10-21 09:13:35
ucdc6134203,fpdnn1979,ums34938555,14.23,USD,UPDATE,2022-10-21 09:13:35,2022-10-21 09:13:35
dgkt9176984,gwjnl5406,vcs49175862,12.87,GBP,UPDATE,2022-10-21 09:13:35,2022-10-21 09:13:35
tjir7665855,ffxtj0382,mea80250337,7.38,USD,CREATE,2022-10-21 09:13:35,2022-10-21 09:13:35
wnmp1584711,obpeh9190,srw05915267,11.65,GBP,UPDATE,2022-10-21 09:13:35,2022-10-21 09:13:35
gqfd1011064,cpncd7475,nte18629145,19.08,GBP,UPDATE,2022-10-21 09:13:35,2022-10-21 09:13:35
vppa8420971,tihcn4548,lwn47404946,6.82,GBP,CREATE,2022-10-21 09:13:35,2022-10-21 09:13:35
idry0041669,ustty4524,sqm14432483,19.69,USD,UPDATE,2022-10-21 09:13:35,2022-10-21 09:13:35
cvkw4567963,cweda1136,swo58819974,11.37,USD,CREATE,2022-10-21 09:13:35,2022-10-21 09:13:35
iixi9630398,xaums3493,xpt86498737,8.71,USD,UPDATE,2022-10-21 09:13:35,2022-10-21 09:13:35
osco1576391,eijtv8049,sbr21167337,1.33,USD,CREATE,2022-10-21 09:13:35,2022-10-21 09:13:35
isck6949716,houfm6462,ojd19477684,19.99,USD,UPDATE,2022-10-21 09:13:35,2022-10-21 09:13:35
gymq2819636,jdbiy1758,aoy65133082,13.78,USD,UPDATE,2022-10-21 09:13:35,2022-10-21 09:13:35
eumu0458791,nzwbl5793,fjw46290553,4.4,GBP,UPDATE,2022-10-21 09:13:35,2022-10-21 09:13:35
vcsy7624018,bwcym8240,qml43888883,7.57,GBP,CREATE,2022-10-21 09:13:35,2022-10-21 09:13:35
acbz8280540,nsdfm1796,gum02663797,17.37,USD,CREATE,2022-10-21 09:13:35,2022-10-21 09:13:35
qnkm5773379,efxhl8833,qbr26116071,0.2,GBP,UPDATE,2022-10-21 09:13:35,2022-10-21 09:13:35
nakn9624875,nnfsx6572,fqp11684036,5.89,GBP,CREATE,2022-10-21 09:13:35,2022-10-21 09:13:35
mnrw3370729,mhodn7616,fjj33952392,5.66,GBP,UPDATE,2022-10-21 09:13:35,2022-10-21 09:13:35
swtl4494330,ahloj3378,vxf94331021,18.74,USD,UPDATE,2022-10-21 09:13:35,2022-10-21 09:13:35
aqeo3045888,jdnzi7768,meh55848073,2.02,USD,UPDATE,2022-10-21 09:13:35,2022-10-21 09:13:35
tydd7363948,waoyu5133,vex26536615,6.6,GBP,CREATE,2022-10-21 09:13:35,2022-10-21 09:13:35
jynb8937194,edofj4462,fii07798682,2.27,USD,CREATE,2022-10-21 09:13:35,2022-10-21 09:13:35
ohhd9206855,zsseb6074,bpa29408878,16.89,GBP,CREATE,2022-10-21 09:13:35,2022-10-21 09:13:35
rtnf4165404,hikkb4044,uyu02437085,6.41,USD,CREATE,2022-10-21 09:13:35,2022-10-21 09:13:35
mxlb1839005,wnhjc6091,beo54363487,16.17,USD,CREATE,2022-10-21 09:13:35,2022-10-21 09:13:35
azmi3062150,azrey4192,htv05895053,19.54,USD,UPDATE,2022-10-21 09:13:35,2022-10-21 09:13:35
hugr7503089,fujvb7089,pgv03625063,8.99,GBP,CREATE,2022-10-21 09:13:35,2022-10-21 09:13:35
gtsw6797952,knxsu4035,lob89909666,16.83,USD,UPDATE,2022-10-21 09:13:35,2022-10-21 09:13:35
hzqx2664884,cmdcm3082,wpz09051155,10.12,USD,CREATE,2022-10-21 09:13:35,2022-10-21 09:13:35
wfld4508219,saatl1647,dhm53884863,0.84,GBP,UPDATE,2022-10-21 09:13:35,2022-10-21 09:13:35
untm7290290,unrci1519,gwi22613419,18.1,USD,UPDATE,2022-10-21 09:13:35,2022-10-21 09:13:35
wvzz9065620,iqfbd8682,beu67275812,11.41,USD,CREATE,2022-10-21 09:13:35,2022-10-21 09:13:35
dxqg2325205,bpacz4088,ltr89819359,4.64,USD,CREATE,2022-10-21 09:13:35,2022-10-21 09:13:35
iilb7757245,wxuyu0243,ulv06569148,7.04,GBP,CREATE,2022-10-21 09:13:35,2022-10-21 09:13:35
hsrk2565176,amszb4654,ays40612950,8.25,USD,CREATE,2022-10-21 09:13:35,2022-10-21 09:13:35
pvdk3190843,uzvsu7999,yss26358556,7.91,GBP,CREATE,2022-10-21 09:13:35,2022-10-21 09:13:35
suci2118007,yccex4049,sza94788291,16.44,GBP,UPDATE,2022-10-21 09:13:35,2022-10-21 09:13:35
ytmj1332402,lxuvp3810,kih00598757,14.56,GBP,CREATE,2022-10-21 09:13:35,2022-10-21 09:13:35
ubhh7619471,ctimp0144,ypv68556920,0.05,USD,UPDATE,2022-10-21 09:13:35,2022-10-21 09:13:35
crtf5858085,mfpzk0105,puw07971817,0.07,GBP,UPDATE,2022-10-21 09:13:35,2022-10-21 09:13:35
lnch1214189,erong7776,whx53585649,4.34,USD,CREATE,2022-10-21 09:13:35,2022-10-21 09:13:35
pgtc5466757,vghla3179,wab43548273,2.59,USD,CREATE,2022-10-21 09:13:35,2022-10-21 09:13:35
ojho6686777,ehjef2121,mrr13891832,5.06,GBP,CREATE,2022-10-21 09:13:35,2022-10-21 09:13:35
wtfp4290717,wvedd3597,fih22358895,14.17,USD,UPDATE,2022-10-21 09:13:35,2022-10-21 09:13:35
rass2595490,lvemv6914,apd25131186,17.83,GBP,UPDATE,2022-10-21 09:13:35,2022-10-21 09:13:35
zilg6660222,qaysc0612,bet79452455,7.04,GBP,UPDATE,2022-10-21 09:13:35,2022-10-21 09:13:35
tjjk3608326,uzeys2263,jyy94788202,18.35,USD,UPDATE,2022-10-21 09:13:35,2022-10-21 09:13:35
vinu2466725,iqwwj4929,als73479785,12.79,USD,CREATE,2022-10-21 09:13:35,2022-10-21 09:13:35
igxv9413249,cvfwf1220,elx12577029,17.84,GBP,UPDATE,2022-10-21 09:13:35,2022-10-21 09:13:35
qtpg9028546,qsfmr9259,ofb97813919,13.93,USD,UPDATE,2022-10-21 09:13:35,2022-10-21 09:13:35
jbsb7700856,jyfnp3238,ewb32040771,17.51,USD,CREATE,2022-10-21 09:13:35,2022-10-21 09:13:35
erpu9460390,wmdja3773,ldj62193325,7.64,GBP,UPDATE,2022-10-21 09:13:35,2022-10-21 09:13:35
zacv1752141,xmsbb7534,iry38471501,2.26,USD,UPDATE,2022-10-21 09:13:35,2022-10-21 09:13:35
nzlv5141406,whnmm8267,dvb87212675,1.14,USD,CREATE,2022-10-21 09:13:35,2022-10-21 09:13:35
kile5530966,zlkde4294,gnx68702766,14.23,USD,UPDATE,2022-10-21 09:13:35,2022-10-21 09:13:35
ubee2821503,gtbmc9594,joc14663980,4.58,USD,CREATE,2022-10-21 09:13:35,2022-10-21 09:13:35
ckmg3474974,dsppx1186,aor15195571,2.38,GBP,CREATE,2022-10-21 09:13:35,2022-10-21 09:13:35
gojg1700219,betvz4524,cpd96323441,4.79,USD,UPDATE,2022-10-21 09:13:35,2022-10-21 09:13:35
xgzu9386941,kpjyy9478,fxx68621214,19.35,GBP,UPDATE,2022-10-21 09:13:35,2022-10-21 09:13:35
xogh6379338,szzia5473,itk75080694,11.1,USD,CREATE,2022-10-21 09:13:35,2022-10-21 09:13:35
chea9402991,flrfm1897,bpk86250645,7.86,GBP,UPDATE,2022-10-21 09:13:35,2022-10-21 09:13:35
ehuf6838912,daihb8662,vfe76300764,6.14,GBP,UPDATE,2022-10-21 09:13:35,2022-10-21 09:13:35
dgbn1828895,dwnci0319,dvi52456188,16.44,USD,CREATE,2022-10-21 09:13:35,2022-10-21 09:13:35
cmlm4340050,hsweq6220,lre77121849,6.64,GBP,CREATE,2022-10-21 09:13:35,2022-10-21 09:13:35
rohp9473021,hbiem4564,ayz74876547,13.27,USD,CREATE,2022-10-21 09:13:35,2022-10-21 09:13:35
mocz5268134,odxmi7996,hce75624043,10.4,USD,CREATE,2022-10-21 09:13:35,2022-10-21 09:13:35
goho9940639,wurpm6874,yhw66266546,5.87,USD,CREATE,2022-10-21 09:13:35,2022-10-21 09:13:35
xojg9982792,riats6210,pic99657082,2.72,GBP,UPDATE,2022-10-21 09:13:35,2022-10-21 09:13:35
gxne0630931,tgeql9806,pks16738346,2.97,USD,UPDATE,2022-10-21 09:13:35,2022-10-21 09:13:35
bptd5415793,orbxr9557,itx96831992,6.79,USD,CREATE,2022-10-21 09:13:35,2022-10-21 09:13:35
qqow4870955,pcpdr6323,juq48572302,15.38,USD,CREATE,2022-10-21 09:13:35,2022-10-21 09:13:35
rvxl3395176,zryfx5686,xpj78903149,8.51,GBP,UPDATE,2022-10-21 09:13:35,2022-10-21 09:13:35
yfkr1168847,zwbfs0167,leb42947364,7.61,GBP,UPDATE,2022-10-21 09:13:35,2022-10-21 09:13:35
lntt1262274,mhfpa2577,vgs67716601,1.01,GBP,UPDATE,2022-10-21 09:13:35,2022-10-21 09:13:35
ohbt6845175,umlmc4687,pzp96115386,12.28,USD,CREATE,2022-10-21 09:13:35,2022-10-21 09:13:35
ejjr5171199,makws7074,whh22824212,0.94,USD,CREATE,2022-10-21 09:13:35,2022-10-21 09:13:35
msrm3925863,lffxm5845,jix78841091,16.87,USD,UPDATE,2022-10-21 09:13:35,2022-10-21 09:13:35
qspc5217729,jkzym6594,hkp13484425,8.62,USD,CREATE,2022-10-21 09:13:35,2022-10-21 09:13:35
nvom1928547,pypud2479,voy23442019,3.48,GBP,CREATE,2022-10-21 09:13:35,2022-10-21 09:13:35
ibhz8742209,kooyj8815,ten30764360,3.3,GBP,CREATE,2022-10-21 09:13:35,2022-10-21 09:13:35
spvp8816531,oqqed4695,omk65558050,14.35,GBP,CREATE,2022-10-21 09:13:35,2022-10-21 09:13:35
zfhg7439469,cxnsp7082,yhx71605322,2.53,USD,UPDATE,2022-10-21 09:13:35,2022-10-21 09:13:35
kbvu5521729,pksxw7383,vwx43499471,13.22,USD,CREATE,2022-10-21 09:13:35,2022-10-21 09:13:35
nbiu9875579,yoitx9683,rzi89955579,16.04,USD,UPDATE,2022-10-21 09:13:35,2022-10-21 09:13:35
ycjt8040624,jpkej8248,bai48622834,16.34,GBP,CREATE,2022-10-21 09:13:35,2022-10-21 09:13:35
kitl5278779,dnygx7199,xjj71001607,13.11,USD,CREATE,2022-10-21 09:13:35,2022-10-21 09:13:35
bkyw1559297,oefwh5335,ibm92928424,12.15,GBP,CREATE,2022-10-21 09:13:35,2022-10-21 09:13:35
eyqh6830773,ufvlh5016,vgn70398656,15.92,GBP,UPDATE,2022-10-21 09:13:35,2022-10-21 09:13:35
zfla9792299,mmqnb5575,mth32904023,9.54,USD,UPDATE,2022-10-21 09:13:35,2022-10-21 09:13:35
ubpl9669777,vbrxw8015,zqn38413959,9.43,USD,CREATE,2022-10-21 09:13:35,2022-10-21 09:13:35
peli0100471,ducrh1711,mft51697096,13.67,GBP,CREATE,2022-10-21 09:13:35,2022-10-21 09:13:35
xxet8174844,zknvn7909,obc40151650,10.4,GBP,UPDATE,2022-10-21 09:13:35,2022-10-21 09:13:35
ktgg0266534,ugcce5123,san73177396,18.13,GBP,UPDATE,2022-10-21 09:13:35,2022-10-21 09:13:35
spjb7181165,cnegq0196,fzj73415966,0.23,GBP,CREATE,2022-10-21 09:13:35,2022-10-21 09:13:35
upcv5313354,enhal6436,skq38532359,11.95,USD,CREATE,2022-10-21 09:13:35,2022-10-21 09:13:35
fltc4824316,yomke5558,div43796786,18.03,USD,CREATE,2022-10-21 09:13:35,2022-10-21 09:13:35
lnyu8701398,osxyh7716,xez35071778,2.97,USD,CREATE,2022-10-21 09:13:35,2022-10-21 09:13:35
dbox9294639,iqeyr9254,vvz32847593,10.98,USD,UPDATE,2022-10-21 09:13:35,2022-10-21 09:13:35
xbhv8926813,iwrtb5279,cyq57445190,4.57,GBP,CREATE,2022-10-21 09:13:35,2022-10-21 09:13:35
zrzc4384336,gsnil8709,crq35499341,2.19,GBP,CREATE,2022-10-21 09:13:35,2022-10-21 09:13:35
kaht2004093,jquik6305,ahn37531029,18.77,USD,UPDATE,2022-10-21 09:13:35,2022-10-21 09:13:35
opri9313514,qpare9913,bzz40877858,12.68,USD,UPDATE,2022-10-21 09:13:35,2022-10-21 09:13:35
dbbq7761580,oyvzy2630,uuw93372577,9.31,USD,UPDATE,2022-10-21 09:13:35,2022-10-21 09:13:35
ezlm0559285,upifi1311,ysi74119270,5.09,GBP,CREATE,2022-10-21 09:13:35,2022-10-21 09:13:35
jqdo4814681,seicd6907,dls37639419,18.48,USD,CREATE,2022-10-21 09:13:35,2022-10-21 09:13:35
xuzw9924784,uidfz5906,tsp32722357,17.04,USD,UPDATE,2022-10-21 09:13:35,2022-10-21 09:13:35
whix8212366,tpryh7096,ekf61104836,3.89,USD,UPDATE,2022-10-21 09:13:35,2022-10-21 09:13:35
gctc0199045,obcus1516,yjj22532628,15.94,GBP,CREATE,2022-10-21 09:13:35,2022-10-21 09:13:35
qneu7312856,hesan7317,uom80361155,15.59,GBP,UPDATE,2022-10-21 09:13:35,2022-10-21 09:13:35
jyfb2070043,wznzf1773,syv10813668,3.38,USD,UPDATE,2022-10-21 09:13:35,2022-10-21 09:13:35
jmqo2769912,kqwvc4222,emh41064729,3.61,USD,CREATE,2022-10-21 09:13:35,2022-10-21 09:13:35
oxmb5115964,rsybu7323,sda05760586,13.95,USD,CREATE,2022-10-21 09:13:35,2022-10-21 09:13:35
yryx3535596,ybckz6374,bvc58219922,16.42,USD,UPDATE,2022-10-21 09:13:35,2022-10-21 09:13:35
xexv4888317,duxea0796,flm43383103,5.61,USD,UPDATE,2022-10-21 09:13:35,2022-10-21 09:13:35
nbwg7098254,detph2205,gto31978027,3.18,USD,UPDATE,2022-10-21 09:13:35,2022-10-21 09:13:35
ftqy0170541,rqobn7103,jdn88976330,19.52,USD,UPDATE,2022-10-21 09:13:35,2022-10-21 09:13:35
oalt0507541,nxilh0764,dvw69742510,19.16,GBP,UPDATE,2022-10-21 09:13:35,2022-10-21 09:13:35
rgzw5231076,tnvca9820,ypu62981099,8.88,USD,CREATE,2022-10-21 09:13:35,2022-10-21 09:13:35
puca3530764,gqcbl8586,cta08536927,0.07,USD,CREATE,2022-10-21 09:13:35,2022-10-21 09:13:35
ocaj0399264,uwhhb7257,doq42760369,0.79,USD,CREATE,2022-10-21 09:13:35,2022-10-21 09:13:35
fmza5247675,qysid4119,rfp42880049,7.39,GBP,CREATE,2022-10-21 09:13:35,2022-10-21 09:13:35
ozva2464567,rtndl6376,rtn80741407,15.77,GBP,CREATE,2022-10-21 09:13:35,2022-10-21 09:13:35
rcci7954091,idkuc3673,ueq99333675,6.35,USD,UPDATE,2022-10-21 09:13:35,2022-10-21 09:13:35
lppx4075067,wdkay1884,kvf76272059,15.61,GBP,UPDATE,2022-10-21 09:13:35,2022-10-21 09:13:35
cgfr1097132,bvfuw8802,xit67146130,12.91,USD,UPDATE,2022-10-21 09:13:35,2022-10-21 09:13:35
dzzc9662557,enbpb3664,occ77410190,0.84,USD,UPDATE,2022-10-21 09:13:35,2022-10-21 09:13:35
zrxc6067108,smqzo1449,asv39809217,2.92,GBP,CREATE,2022-10-21 09:13:35,2022-10-21 09:13:35
xmdb3962479,eejzf8560,bxy12591104,18.01,GBP,UPDATE,2022-10-21 09:13:35,2022-10-21 09:13:35
mrgu0233393,penxq8026,lpi83324806,4.0,USD,UPDATE,2022-10-21 09:13:35,2022-10-21 09:13:35
jxfw3542725,qerim1485,gzw67198699,17.83,GBP,UPDATE,2022-10-21 09:13:35,2022-10-21 09:13:35
xmxh0871985,aahdv2282,noz12366893,19.0,USD,CREATE,2022-10-21 09:13:35,2022-10-21 09:13:35
kszs4547962,mctbc3103,oyj43541800,8.67,USD,CREATE,2022-10-21 09:13:35,2022-10-21 09:13:35
arso5295576,gtotp9780,enk40446325,14.98,USD,CREATE,2022-10-21 09:13:35,2022-10-21 09:13:35
qnzy7494767,aijdn8897,wxy99061267,8.17,GBP,UPDATE,2022-10-21 09:13:35,2022-10-21 09:13:35
qpas8172045,scpvd9669,ffc34047616,6.94,USD,UPDATE,2022-10-21 09:13:35,2022-10-21 09:13:35
zvud6665927,fwbtj9090,jmj38559341,12.64,USD,UPDATE,2022-10-21 09:13:35,2022-10-21 09:13:35
owyo9168155,iware2980,yzv37174484,0.58,USD,CREATE,2022-10-21 09:13:35,2022-10-21 09:13:35
nboe0645929,chhji4760,vcp09678730,17.15,GBP,UPDATE,2022-10-21 09:13:35,2022-10-21 09:13:35
ytyu8521496,rzczy5846,lcs83594803,16.03,GBP,CREATE,2022-10-21 09:13:35,2022-10-21 09:13:35
rqlf5664871,wshqd5956,shu76111274,11.98,GBP,CREATE,2022-10-21 09:13:35,2022-10-21 09:13:35
gqry2278706,cxdpt8990,cmf60514397,2.47,USD,UPDATE,2022-10-21 09:13:35,2022-10-21 09:13:35
tojn2587970,tordz6758,qdn09390989,10.33,GBP,CREATE,2022-10-21 09:13:35,2022-10-21 09:13:35
frpu7807972,wvwuv9962,lla40079941,0.59,GBP,UPDATE,2022-10-21 09:13:35,2022-10-21 09:13:35
qrqo9407976,ojbei1307,itc83146470,3.62,GBP,CREATE,2022-10-21 09:13:35,2022-10-21 09:13:35
fjma4248509,cchtm1019,qwz50230230,2.68,GBP,UPDATE,2022-10-21 09:13:35,2022-10-21 09:13:35
plrl9865832,tasvp9809,skg20468526,12.54,USD,UPDATE,2022-10-21 09:13:35,2022-10-21 09:13:35
wkqk3522783,wbebx8125,ikp37090616,10.16,USD,CREATE,2022-10-21 09:13:35,2022-10-21 09:13:35
quzx4189908,vfukk5948,drq88823293,9.41,GBP,CREATE,2022-10-21 09:13:35,2022-10-21 09:13:35
lafc8927259,tfykz8145,die42027163,5.44,GBP,CREATE,2022-10-21 09:13:35,2022-10-21 09:13:35
zhim1476079,ioimq2207,rlz01677399,12.43,GBP,CREATE,2022-10-21 09:13:35,2022-10-21 09:13:35
eqej6808237,kzlxi0649,eti52323976,3.45,USD,CREATE,2022-10-21 09:13:35,2022-10-21 09:13:35
rzlc0626326,dfojt1201,rjg55615422,1.5,GBP,UPDATE,2022-10-21 09:13:35,2022-10-21 09:13:35
gtne2006156,jyvnt5545,add05390484,5.67,GBP,CREATE,2022-10-21 09:13:35,2022-10-21 09:13:35
rxzm4489483,qkfew5986,fmh85712086,9.74,USD,CREATE,2022-10-21 09:13:35,2022-10-21 09:13:35
pjge6726123,kzuza7346,vtd57397169,0.46,USD,UPDATE,2022-10-21 09:13:35,2022-10-21 09:13:35
tcpi0618688,wlnnn4170,cdg79038491,18.22,GBP,CREATE,2022-10-21 09:13:35,2022-10-21 09:13:35
myfy2062119,vftlr4484,trp97367588,4.02,USD,UPDATE,2022-10-21 09:13:35,2022-10-21 09:13:35
kmwc6005380,vcpiz6787,swy44412379,18.72,GBP,UPDATE,2022-10-21 09:13:35,2022-10-21 09:13:35
bbzv2078721,xdlcs8359,czo26418515,3.3,GBP,CREATE,2022-10-21 09:13:35,2022-10-21 09:13:35
qxig5923186,lbofs7276,ltn35164350,1.61,USD,UPDATE,2022-10-21 09:13:35,2022-10-21 09:13:35
nlgf4099256,tndjw8661,iux79385948,8.61,GBP,UPDATE,2022-10-21 09:13:35,2022-10-21 09:13:35
nwgw2121702,apple9322,exm48534388,8.38,USD,CREATE,2022-10-21 09:13:35,2022-10-21 09:13:35
enxx5843322,jrpzu2995,sbs17441802,9.43,USD,UPDATE,2022-10-21 09:13:35,2022-10-21 09:13:35
norp7857676,pxzdw1121,ayi44137386,16.85,USD,CREATE,2022-10-21 09:13:35,2022-10-21 09:13:35
trol8622459,aygrm0220,wfz67662938,10.13,USD,UPDATE,2022-10-21 09:13:35,2022-10-21 09:13:35
joej7333414,zgksm8700,eyr19242039,4.29,USD,CREATE,2022-10-21 09:13:35,2022-10-21 09:13:35
bapq2754881,cduwn0491,ccw93773515,5.42,USD,UPDATE,2022-10-21 09:13:35,2022-10-21 09:13:35
rjrb1877133,gxqup6488,nrx15186380,16.49,USD,UPDATE,2022-10-21 09:13:35,2022-10-21 09:13:35
cjxw6686995,cgkup2933,wzl61728444,1.86,USD,UPDATE,2022-10-21 09:13:35,2022-10-21 09:13:35
gyvw6329454,ieuew2716,dsv26907965,13.18,USD,CREATE,2022-10-21 09:13:35,2022-10-21 09:13:35
fakf2573567,mrlzw1677,mkf28040025,10.26,GBP,CREATE,2022-10-21 09:13:35,2022-10-21 09:13:35
lxzl0838300,senet4523,kyh49374616,2.88,GBP,CREATE,2022-10-21 09:13:35,2022-10-21 09:13:35
kbwa0612763,jxpqh3305,kng26016911,12.42,USD,CREATE,2022-10-21 09:13:35,2022-10-21 09:13:35
ajlc7410895,eymml1203,aqm87612447,13.22,USD,UPDATE,2022-10-21 09:13:35,2022-10-21 09:13:35
evrn1207123,kasbf3617,cnt65029217,16.33,GBP,CREATE,2022-10-21 09:13:35,2022-10-21 09:13:35
nmoi9403424,cahkf4235,nte86437895,15.77,GBP,UPDATE,2022-10-21 09:13:35,2022-10-21 09:13:35
dsts2990135,pknnz4235,gxy42054169,10.59,USD,CREATE,2022-10-21 09:13:35,2022-10-21 09:13:35
hvhk2165791,lumaf0202,ozu57096896,16.97,GBP,UPDATE,2022-10-21 09:13:35,2022-10-21 09:13:35
tmab4317843,fgonn4110,bgi46134159,1.33,GBP,CREATE,2022-10-21 09:13:36,2022-10-21 09:13:36
daap3653144,bifrr8624,kys54147845,14.68,GBP,UPDATE,2022-10-21 09:13:36,2022-10-21 09:13:36
oduz3007469,qefwj1536,hzl70814737,18.66,USD,UPDATE,2022-10-21 09:13:36,2022-10-21 09:13:36
alyo7806215,nlxva4350,ywv63866038,13.18,GBP,CREATE,2022-10-21 09:13:36,2022-10-21 09:13:36
elja5189057,iuxdx3859,jpz61073189,17.35,USD,UPDATE,2022-10-21 09:13:36,2022-10-21 09:13:36
geik5214104,neexm4853,gir38640428,13.79,GBP,CREATE,2022-10-21 09:13:36,2022-10-21 09:13:36
xuoi3924292,quyps1417,msi40857929,13.87,USD,CREATE,2022-10-21 09:13:36,2022-10-21 09:13:36
vwlg6818119,xngdv0264,ugj60705020,10.29,GBP,UPDATE,2022-10-21 09:13:36,2022-10-21 09:13:36
bodg6759186,ocwii3898,yky77169243,15.53,USD,CREATE,2022-10-21 09:13:36,2022-10-21 09:13:36
lokz3171377,tvfvh3338,qqe38220245,10.42,USD,UPDATE,2022-10-21 09:13:36,2022-10-21 09:13:36
zoco4660325,spruc1279,yyr74482769,16.2,GBP,CREATE,2022-10-21 09:13:36,2022-10-21 09:13:36
uftb1778671,ilvyu2870,khw95877488,11.43,GBP,CREATE,2022-10-21 09:13:36,2022-10-21 09:13:36
qiun1110394,gains4391,kew77826577,17.9,USD,CREATE,2022-10-21 09:13:36,2022-10-21 09:13:36
ylzo9677167,agoqi9947,pdf63430403,0.61,GBP,CREATE,2022-10-21 09:13:36,2022-10-21 09:13:36
vwen8901494,jsvre5682,kqi77564749,6.04,GBP,CREATE,2022-10-21 09:13:36,2022-10-21 09:13:36
sjqi3479070,qkkkg0259,ylw03434023,1.17,GBP,CREATE,2022-10-21 09:13:36,2022-10-21 09:13:36
oquk5732619,yhsnx7461,fgz61381693,10.53,GBP,CREATE,2022-10-21 09:13:36,2022-10-21 09:13:36
ylvu4459896,wkngo6016,rho44054072,1.61,GBP,UPDATE,2022-10-21 09:13:36,2022-10-21 09:13:36
oyks9560505,ijnaq0876,jzx99033239,1.96,USD,UPDATE,2022-10-21 09:13:36,2022-10-21 09:13:36
nnvw3914227,sjpjy2996,emc92360509,14.89,GBP,UPDATE,2022-10-21 09:13:36,2022-10-21 09:13:36
jonw3016079,cbceg7577,eot79363420,11.01,GBP,CREATE,2022-10-21 09:13:36,2022-10-21 09:13:36
iatt1688135,jssai7294,icq87836344,19.58,USD,UPDATE,2022-10-21 09:13:36,2022-10-21 09:13:36
zymn2188268,mvupj5211,aah60036163,7.91,USD,UPDATE,2022-10-21 09:13:36,2022-10-21 09:13:36
cqvc1353141,tsbht4763,ddd06824714,6.66,USD,CREATE,2022-10-21 09:13:36,2022-10-21 09:13:36
duhc1614705,zuknq6592,ofm78283217,12.1,GBP,UPDATE,2022-10-21 09:13:36,2022-10-21 09:13:36
qpxx3849688,yczzv7155,yhy54563828,3.5,GBP,UPDATE,2022-10-21 09:13:36,2022-10-21 09:13:36
oomx0365845,hmzzz7747,tmd77126864,2.42,USD,UPDATE,2022-10-21 09:13:36,2022-10-21 09:13:36
jego5899523,paqcs3834,wwi45556372,10.89,GBP,CREATE,2022-10-21 09:13:36,2022-10-21 09:13:36
uzaw0106425,zsbet3189,bit31133588,0.93,USD,UPDATE,2022-10-21 09:13:36,2022-10-21 09:13:36
yxwh8953177,girpi6404,cpo35566450,12.54,USD,CREATE,2022-10-21 09:13:36,2022-10-21 09:13:36
xkxb8116403,okmsi4085,tsc33201990,17.8,USD,UPDATE,2022-10-21 09:13:36,2022-10-21 09:13:36
psqs6550817,ghuzu0760,evp55310615,16.84,USD,CREATE,2022-10-21 09:13:36,2022-10-21 09:13:36
lgop2896042,czkpt1228,lhr79462614,17.06,GBP,UPDATE,2022-10-21 09:13:36,2022-10-21 09:13:36
fxfy1122902,lnaqy6774,ans85447032,3.49,USD,UPDATE,2022-10-21 09:13:36,2022-10-21 09:13:36
bvir1130811,proxu4715,qko19820634,11.67,GBP,CREATE,2022-10-21 09:13:36,2022-10-21 09:13:36
kjrm8642369,tzcqo9640,qhz60477199,15.88,GBP,UPDATE,2022-10-21 09:13:36,2022-10-21 09:13:36
eqte9614843,gatkq8661,qiz54961381,10.9,GBP,UPDATE,2022-10-21 09:13:36,2022-10-21 09:13:36
dvrp0289623,trsbe9208,gli73952965,3.66,USD,CREATE,2022-10-21 09:13:36,2022-10-21 09:13:36
qdxe0144946,yyoxf9152,ylj72145136,4.05,GBP,UPDATE,2022-10-21 09:13:36,2022-10-21 09:13:36
ctqa8297554,tcafa9991,cml26006187,8.56,GBP,UPDATE,2022-10-21 09:13:36,2022-10-21 09:13:36
mvcv2258767,spqts0237,jwi73243666,6.81,USD,UPDATE,2022-10-21 09:13:36,2022-10-21 09:13:36
yxwp8343398,gzmvv8169,ulg43015978,9.5,USD,UPDATE,2022-10-21 09:13:36,2022-10-21 09:13:36
wyxl3960423,qrhoa4054,jdi91075545,3.96,USD,UPDATE,2022-10-21 09:13:36,2022-10-21 09:13:36
wcea7821832,kosjz5990,xxf99273980,10.39,GBP,CREATE,2022-10-21 09:13:36,2022-10-21 09:13:36
rljp8662287,qmcsk6829,vaa07509142,18.72,USD,UPDATE,2022-10-21 09:13:36,2022-10-21 09:13:36
vcrj2849220,ammis9568,lbt22998717,16.69,USD,CREATE,2022-10-21 09:13:36,2022-10-21 09:13:36
obln4380375,fzszb8635,vhg14864334,13.64,USD,CREATE,2022-10-21 09:13:36,2022-10-21 09:13:36
ueip3535522,cueid9086,bks01784077,10.27,USD,CREATE,2022-10-21 09:13:36,2022-10-21 09:13:36
hjyz6277271,oclud6823,ned91257816,3.11,USD,UPDATE,2022-10-21 09:13:36,2022-10-21 09:13:36
zufk9596246,smgqv8159,zvh02889527,8.29,USD,CREATE,2022-10-21 09:13:36,2022-10-21 09:13:36
tydd8405487,ajxdm5738,nxo87746877,16.32,USD,UPDATE,2022-10-21 09:13:36,2022-10-21 09:13:36
xtdo7603224,yxgaa5836,vio89836309,17.08,GBP,CREATE,2022-10-21 09:13:36,2022-10-21 09:13:36
mahy5957898,dzsqw6459,hgw00007692,12.17,GBP,CREATE,2022-10-21 09:13:36,2022-10-21 09:13:36
ryau7090769,iabft6372,dmo20817163,16.5,GBP,UPDATE,2022-10-21 09:13:36,2022-10-21 09:13:36
nrek1138250,bitjz1335,esf02555009,16.25,USD,CREATE,2022-10-21 09:13:36,2022-10-21 09:13:36
huez3934842,qrcpo3556,vfk82648552,7.59,USD,UPDATE,2022-10-21 09:13:36,2022-10-21 09:13:36
njyn9050449,zcgmt0833,vck78866395,3.91,GBP,UPDATE,2022-10-21 09:13:36,2022-10-21 09:13:36
nhwc1653280,wyaoj3419,idk73963531,11.07,USD,UPDATE,2022-10-21 09:13:36,2022-10-21 09:13:36
ebfm4668115,lycdg5125,gat34505095,17.0,USD,UPDATE,2022-10-21 09:13:36,2022-10-21 09:13:36
ellm1182785,wauna3217,zrq51110627,18.44,GBP,CREATE,2022-10-21 09:13:36,2022-10-21 09:13:36
yxzo6430502,rmnvp4546,tnl64472835,17.67,USD,CREATE,2022-10-21 09:13:36,2022-10-21 09:13:36
qbdh8720804,ytpky5696,suw36245882,14.71,GBP,CREATE,2022-10-21 09:13:36,2022-10-21 09:13:36
rxff8597800,nfvfc2834,esf32009525,2.04,GBP,CREATE,2022-10-21 09:13:36,2022-10-21 09:13:36
jfxv6499483,jvctx8821,hde05395552,0.67,USD,UPDATE,2022-10-21 09:13:36,2022-10-21 09:13:36
glow2830881,zbczs5600,ucn94877974,16.93,GBP,UPDATE,2022-10-21 09:13:36,2022-10-21 09:13:36
lrmv7788776,xenoj1365,zvl57437321,16.33,GBP,CREATE,2022-10-21 09:13:36,2022-10-21 09:13:36
jgjp7087825,mlucy0618,bac88619848,8.31,GBP,CREATE,2022-10-21 09:13:36,2022-10-21 09:13:36
fylc2762682,jjwip3243,gwk79241343,15.86,GBP,CREATE,2022-10-21 09:13:36,2022-10-21 09:13:36
xbss1220110,htrul2430,ker23386059,3.07,USD,UPDATE,2022-10-21 09:13:36,2022-10-21 09:13:36
shan1308771,cnpox7329,pfa43123818,9.65,GBP,UPDATE,2022-10-21 09:13:36,2022-10-21 09:13:36
wadj7614875,cmdzi7417,yfr09031142,3.95,GBP,CREATE,2022-10-21 09:13:36,2022-10-21 09:13:36
lhaf1936150,chaph7937,mxg43996510,0.71,GBP,CREATE,2022-10-21 09:13:36,2022-10-21 09:13:36
dxls3954262,jbvhj2141,yzc24482280,4.66,USD,UPDATE,2022-10-21 09:13:36,2022-10-21 09:13:36
rddg6207620,ymlff4588,qdx50391074,1.5,GBP,UPDATE,2022-10-21 09:13:36,2022-10-21 09:13:36
rock9110683,gsavg2957,ooh20073290,7.23,GBP,UPDATE,2022-10-21 09:13:36,2022-10-21 09:13:36
fpro4793244,opbdt7227,fqt60188711,18.87,GBP,CREATE,2022-10-21 09:13:36,2022-10-21 09:13:36
mefp1720161,ztyjw3770,ykg41786051,16.69,GBP,UPDATE,2022-10-21 09:13:36,2022-10-21 09:13:36
cjrw7326192,gmchr2719,ook32599197,12.55,USD,CREATE,2022-10-21 09:13:36,2022-10-21 09:13:36
lumo1423024,oihno6877,zmq45445566,4.01,GBP,UPDATE,2022-10-21 09:13:36,2022-10-21 09:13:36
zffb6049382,vioov8363,gbx52143774,14.17,GBP,CREATE,2022-10-21 09:13:36,2022-10-21 09:13:36
uqob6261821,nrhgw0000,tdj50230019,9.57,USD,CREATE,2022-10-21 09:13:36,2022-10-21 09:13:36
trjk3829338,ttbbd2420,bsy35036549,2.95,GBP,CREATE,2022-10-21 09:13:36,2022-10-21 09:13:36
wvmi9680636,xbjgf0409,hjw33242865,9.66,GBP,CREATE,2022-10-21 09:13:36,2022-10-21 09:13:36
lrpo3907944,vncad1561,hla78277742,10.92,GBP,UPDATE,2022-10-21 09:13:36,2022-10-21 09:13:36
yhwb6894554,eolhj7800,tbv24767013,4.49,GBP,CREATE,2022-10-21 09:13:36,2022-10-21 09:13:36
bdql6941695,cqsvs8467,huw57371659,12.32,USD,UPDATE,2022-10-21 09:13:36,2022-10-21 09:13:36
srmz4431660,ayina4507,wii96076750,5.26,GBP,CREATE,2022-10-21 09:13:36,2022-10-21 09:13:36
finc0021996,npele6132,haj79400774,9.09,GBP,CREATE,2022-10-21 09:13:36,2022-10-21 09:13:36
nfsi6384268,myinw0696,vdf34947635,19.0,USD,UPDATE,2022-10-21 09:13:36,2022-10-21 09:13:36
psip8582277,sduix5572,qmg34061353,11.06,GBP,UPDATE,2022-10-21 09:13:36,2022-10-21 09:13:36
ogxt6586277,nkawd8824,vxt16048321,19.89,USD,UPDATE,2022-10-21 09:13:36,2022-10-21 09:13:36
sllo7017751,sftgi0952,psj38161781,16.76,USD,UPDATE,2022-10-21 09:13:36,2022-10-21 09:13:36
opcx9678157,nhdem5395,lnw31945056,18.61,GBP,UPDATE,2022-10-21 09:13:36,2022-10-21 09:13:36
dsrg9312888,buduc1948,yvy14231647,11.97,GBP,CREATE,2022-10-21 09:13:36,2022-10-21 09:13:36
eowg5472394,dhcao9115,acu35257719,12.27,USD,UPDATE,2022-10-21 09:13:36,2022-10-21 09:13:36
yjak7806603,mrcjb9672,zdc54826886,2.03,GBP,CREATE,2022-10-21 09:13:36,2022-10-21 09:13:36
wzga3596654,zvxor3553,fqm58092386,19.44,GBP,UPDATE,2022-10-21 09:13:36,2022-10-21 09:13:36
lgus7319878,cwzwz1908,trl35290863,16.92,USD,UPDATE,2022-10-21 09:13:36,2022-10-21 09:13:36
hlhj6252729,ikwkz9569,cjz84170074,17.29,GBP,CREATE,2022-10-21 09:13:36,2022-10-21 09:13:36
cygu2293156,ytikg1966,way05582174,10.77,USD,CREATE,2022-10-21 09:13:36,2022-10-21 09:13:36
gzkv8424843,bqwor5123,ocu87694748,2.86,USD,CREATE,2022-10-21 09:13:36,2022-10-21 09:13:36
fcbp8743773,zydxu2185,gfe87140804,4.98,USD,UPDATE,2022-10-21 09:13:36,2022-10-21 09:13:36
hkzt1297242,moici8061,pwl65803280,1.86,GBP,CREATE,2022-10-21 09:13:36,2022-10-21 09:13:36
oubi5041844,xvofp1074,rmy98216917,5.33,USD,CREATE,2022-10-21 09:13:36,2022-10-21 09:13:36
twxb7610798,oohgi0732,ylq76059222,15.1,USD,CREATE,2022-10-21 09:13:36,2022-10-21 09:13:36
mlcf1782128,zbfqt6018,ldh08665360,5.61,USD,UPDATE,2022-10-21 09:13:36,2022-10-21 09:13:36
qerx8429529,pzxgy0441,zze80582403,6.48,GBP,UPDATE,2022-10-21 09:13:36,2022-10-21 09:13:36
onzy1595214,uxvgn4602,lqr79573206,18.79,GBP,CREATE,2022-10-21 09:13:36,2022-10-21 09:13:36
edsm9640288,xbgav1857,hhb23502475,15.75,GBP,UPDATE,2022-10-21 09:13:36,2022-10-21 09:13:36
luod2526897,hyxez5617,seh70923230,17.47,USD,CREATE,2022-10-21 09:13:36,2022-10-21 09:13:36
ixlv3112152,tiulj2359,vwc82656431,9.03,USD,UPDATE,2022-10-21 09:13:36,2022-10-21 09:13:36
pekt7724706,iraeh2038,swk04602155,3.79,GBP,UPDATE,2022-10-21 09:13:36,2022-10-21 09:13:36
cbry4882753,onzjl3467,hig07524169,3.74,USD,CREATE,2022-10-21 09:13:36,2022-10-21 09:13:36
nhdp1357800,qkoll6042,qic87050263,2.01,GBP,CREATE,2022-10-21 09:13:36,2022-10-21 09:13:36
axjs3340741,azhdg2752,ywf94898373,2.56,GBP,UPDATE,2022-10-21 09:13:36,2022-10-21 09:13:36
wtdr4013390,uqzyn0136,xqx25272144,13.12,USD,CREATE,2022-10-21 09:13:36,2022-10-21 09:13:36
bxse4093048,uwntj7165,wvf37383865,0.63,GBP,CREATE,2022-10-21 09:13:36,2022-10-21 09:13:36
tmwz1201668,fwiih6076,dqu50518923,7.96,GBP,CREATE,2022-10-21 09:13:36,2022-10-21 09:13:36
oxyu5100214,iuxha1794,fnx41526366,19.33,USD,CREATE,2022-10-21 09:13:36,2022-10-21 09:13:36
lokj9058184,aiygc5193,kdg05692941,13.37,USD,CREATE,2022-10-21 09:13:36,2022-10-21 09:13:36
mgvg0758352,dnjat4504,nvz48853321,5.32,USD,CREATE,2022-10-21 09:13:36,2022-10-21 09:13:36
uilv7133773,dlcss1471,apy26434436,16.94,USD,UPDATE,2022-10-21 09:13:36,2022-10-21 09:13:36
icke7052791,qomcr0074,fga66991115,1.22,USD,CREATE,2022-10-21 09:13:36,2022-10-21 09:13:36
jgdk8904674,acotg1251,esv62460044,11.2,GBP,CREATE,2022-10-21 09:13:36,2022-10-21 09:13:36
civj5423492,sjemt5308,qzl35401022,8.77,USD,CREATE,2022-10-21 09:13:36,2022-10-21 09:13:36
kawn6892082,wwnev1007,dwh03447662,19.25,GBP,UPDATE,2022-10-21 09:13:36,2022-10-21 09:13:36
pdpx0749854,rtnrh9624,wim27090263,4.36,GBP,CREATE,2022-10-21 09:13:36,2022-10-21 09:13:36
bgey5628033,ueaqq8626,vul02455895,18.66,GBP,CREATE,2022-10-21 09:13:36,2022-10-21 09:13:36
wool8972051,mfcoj2386,ben08684535,1.38,GBP,CREATE,2022-10-21 09:13:36,2022-10-21 09:13:36
rnds6617938,trlxj2908,ltx34499466,9.36,USD,CREATE,2022-10-21 09:13:36,2022-10-21 09:13:36
eydv0804923,yrcjz8417,goy43090193,12.78,USD,CREATE,2022-10-21 09:13:36,2022-10-21 09:13:36
ajrm5062270,giuyw6605,ykw68069499,13.89,USD,UPDATE,2022-10-21 09:13:36,2022-10-21 09:13:36
ouag8314888,wchjj2808,itw93936981,2.92,USD,UPDATE,2022-10-21 09:13:36,2022-10-21 09:13:36
rrri4840052,xmnzj5882,waf28348716,5.18,GBP,UPDATE,2022-10-21 09:13:36,2022-10-21 09:13:36
xpnu0740374,hewvc1201,end97761695,15.73,GBP,UPDATE,2022-10-21 09:13:36,2022-10-21 09:13:36
ikso4408363,nrlnq4731,ybq62690800,4.59,USD,CREATE,2022-10-21 09:13:36,2022-10-21 09:13:36
typk2165569,rnfyk1094,bzn66506783,5.79,GBP,CREATE,2022-10-21 09:13:36,2022-10-21 09:13:36
ijdj1097778,ewxpo7973,fdc00412591,17.59,USD,CREATE,2022-10-21 09:13:36,2022-10-21 09:13:36
afve1029636,nzymz1209,dec48586328,17.11,GBP,UPDATE,2022-10-21 09:13:36,2022-10-21 09:13:36
waru8663718,tsyce3756,uqg58540512,12.86,GBP,CREATE,2022-10-21 09:13:36,2022-10-21 09:13:36
ftnu8777600,nhxdz2068,ztm60678441,6.61,GBP,CREATE,2022-10-21 09:13:36,2022-10-21 09:13:36
gqna8203965,hbknn0247,adq38123946,4.96,GBP,UPDATE,2022-10-21 09:13:36,2022-10-21 09:13:36
lihw0575858,usehd0923,tgz80568918,0.53,USD,UPDATE,2022-10-21 09:13:36,2022-10-21 09:13:36
ymyr4270418,nymvw0826,rkm32724799,1.76,GBP,CREATE,2022-10-21 09:13:36,2022-10-21 09:13:36
huwx2871278,erzoh0080,gtx98970006,3.61,USD,CREATE,2022-10-21 09:13:36,2022-10-21 09:13:36
wrub2155234,kanpw5810,zjf99151100,4.32,USD,CREATE,2022-10-21 09:13:36,2022-10-21 09:13:36
stmw5730666,zhxut7372,cyz67341578,17.37,USD,UPDATE,2022-10-21 09:13:36,2022-10-21 09:13:36
sqsz4154465,agoad6350,sjx01467119,8.09,GBP,CREATE,2022-10-21 09:13:36,2022-10-21 09:13:36
izer3082701,egcpe1025,khs22137978,9.48,GBP,CREATE,2022-10-21 09:13:36,2022-10-21 09:13:36
yrpj3464212,khlxu8578,mrc04823544,2.83,USD,UPDATE,2022-10-21 09:13:36,2022-10-21 09:13:36
eivb0185135,milqi9297,rpy69679919,3.41,USD,UPDATE,2022-10-21 09:13:36,2022-10-21 09:13:36
dldv6906590,hqbqx5990,yhg03107449,6.25,USD,UPDATE,2022-10-21 09:13:36,2022-10-21 09:13:36
neyv8965165,xvyqx6631,qpi79583752,12.53,GBP,UPDATE,2022-10-21 09:13:36,2022-10-21 09:13:36
kxve2313500,goraz2941,flc93335759,2.0,GBP,UPDATE,2022-10-21 09:13:36,2022-10-21 09:13:36
ledk0969239,nvzos8533,nid62179985,12.11,GBP,CREATE,2022-10-21 09:13:36,2022-10-21 09:13:36
gzzm5336860,aiapy2643,hxb54351129,4.87,USD,CREATE,2022-10-21 09:13:36,2022-10-21 09:13:36
pzna7032138,gjanf4466,vkc59616400,4.72,GBP,CREATE,2022-10-21 09:13:36,2022-10-21 09:13:36
ugwx2728536,prhvh4223,dkc73941898,3.16,GBP,CREATE,2022-10-21 09:13:36,2022-10-21 09:13:36
xbnu2648965,autij8910,qtc45727121,2.37,USD,CREATE,2022-10-21 09:13:36,2022-10-21 09:13:36
bpdc6427990,essff5679,sjw65399264,14.11,GBP,CREATE,2022-10-21 09:13:36,2022-10-21 09:13:36
adbm5450280,fktki1924,vfe13976964,8.33,GBP,UPDATE,2022-10-21 09:13:36,2022-10-21 09:13:36
hdww2111782,yxjcj3205,kew43744793,8.6,USD,UPDATE,2022-10-21 09:13:36,2022-10-21 09:13:36
gvto9799554,rfnui6216,exa41360191,3.28,GBP,CREATE,2022-10-21 09:13:36,2022-10-21 09:13:36
jwdn9834679,ovtlu8690,khv25644855,3.34,USD,CREATE,2022-10-21 09:13:36,2022-10-21 09:13:36
dxvf8312747,sjfou6580,vtp90969912,7.77,USD,UPDATE,2022-10-21 09:13:36,2022-10-21 09:13:36
peuh3814412,mpetm1937,qvp10264611,18.02,USD,CREATE,2022-10-21 09:13:36,2022-10-21 09:13:36
bcgx4943985,kwgia6949,bfp65027448,13.39,USD,UPDATE,2022-10-21 09:13:36,2022-10-21 09:13:36
navd0492110,oitwh3936,svf61609109,1.13,GBP,CREATE,2022-10-21 09:13:36,2022-10-21 09:13:36
gjcy1276370,ttpwa5283,deu26616024,13.03,GBP,UPDATE,2022-10-21 09:13:36,2022-10-21 09:13:36
dsvt9305804,yiabe6359,waz44177510,6.64,GBP,UPDATE,2022-10-21 09:13:36,2022-10-21 09:13:36
xdje9267703,vomys5821,dqq56710091,16.23,GBP,CREATE,2022-10-21 09:13:36,2022-10-21 09:13:36
zqwi9845868,macdi7466,zsu43722142,17.84,GBP,CREATE,2022-10-21 09:13:36,2022-10-21 09:13:36
cfnn2293256,ttgzr4650,ubc01525739,10.98,GBP,CREATE,2022-10-21 09:13:36,2022-10-21 09:13:36
ouyj4576381,fcvvc2660,zra39466596,9.82,GBP,UPDATE,2022-10-21 09:13:36,2022-10-21 09:13:36
ucfe2207525,uqufn1660,hbi18923481,9.11,GBP,UPDATE,2022-10-21 09:13:36,2022-10-21 09:13:36
pgpe1705506,tngmj9327,qtv58306318,1.55,GBP,CREATE,2022-10-21 09:13:36,2022-10-21 09:13:36
ibns4883970,xwuiv6383,scc38739809,3.7,GBP,CREATE,2022-10-21 09:13:36,2022-10-21 09:13:36
uznl7338620,wfivt4636,tqs90803346,3.44,GBP,CREATE,2022-10-21 09:13:36,2022-10-21 09:13:36
vqqe6936544,zgsbc8918,vig86265329,3.35,USD,CREATE,2022-10-21 09:13:36,2022-10-21 09:13:36
pcmr8355485,rkmxi7247,qhx41377700,10.45,GBP,UPDATE,2022-10-21 09:13:36,2022-10-21 09:13:36
trvj5417687,uhgtx9897,sqe82198238,14.44,USD,UPDATE,2022-10-21 09:13:36,2022-10-21 09:13:36
ggdk0560218,cmwqz1799,waq49578405,11.12,GBP,CREATE,2022-10-21 09:13:36,2022-10-21 09:13:36
mazq0699853,gtfnp7645,kjm39764006,13.74,USD,UPDATE,2022-10-21 09:13:36,2022-10-21 09:13:36
reqt6514727,pchsj9602,ucs82322889,19.22,USD,CREATE,2022-10-21 09:13:36,2022-10-21 09:13:36
pwqa3879866,dvhwf2297,afe91367839,18.4,GBP,CREATE,2022-10-21 09:13:36,2022-10-21 09:13:36
oaqw4739277,dksji9014,zuu65276086,10.23,USD,CREATE,2022-10-21 09:13:36,2022-10-21 09:13:36
czqo6374492,ctllz5927,zkq09771196,2.81,GBP,UPDATE,2022-10-21 09:13:36,2022-10-21 09:13:36
mbrn9380686,dhlas6556,vzo02607137,0.22,USD,UPDATE,2022-10-21 09:13:36,2022-10-21 09:13:36
naow1649316,fcqdh1796,vek63119911,5.79,GBP,UPDATE,2022-10-21 09:13:36,2022-10-21 09:13:36
sjqh5550310,jaxdn2615,fir04254401,11.31,GBP,CREATE,2022-10-21 09:13:36,2022-10-21 09:13:36
flqs9488114,rfhdn7592,jas89773178,17.94,USD,CREATE,2022-10-21 09:13:36,2022-10-21 09:13:36
qwlk7571813,idaan7998,kge26443382,7.57,GBP,CREATE,2022-10-21 09:13:36,2022-10-21 09:13:36
zvcr3221154,shxbb4351,att06036455,4.2,USD,CREATE,2022-10-21 09:13:36,2022-10-21 09:13:36
fmqh4711471,mnrvk6596,fzb40814819,4.86,GBP,UPDATE,2022-10-21 09:13:36,2022-10-21 09:13:36
yewx6122173,uquqd7887,trb18605087,4.7,USD,CREATE,2022-10-21 09:13:36,2022-10-21 09:13:36
bxcd6595030,pmkmp8429,esn61658831,12.23,USD,UPDATE,2022-10-21 09:13:36,2022-10-21 09:13:36
ljjf2267446,fczoj6100,ovi93767500,14.91,GBP,UPDATE,2022-10-21 09:13:36,2022-10-21 09:13:36
xsac1543344,bzdxs4987,hwn94130631,11.53,GBP,CREATE,2022-10-21 09:13:36,2022-10-21 09:13:36
xqpx0003719,uhmkf8478,xlk87687585,4.94,USD,UPDATE,2022-10-21 09:13:36,2022-10-21 09:13:36
zgcw1408455,jnewl2725,prl04250590,1.32,GBP,CREATE,2022-10-21 09:13:36,2022-10-21 09:13:36
ecpw6760281,pnhqu3618,kti46856142,5.81,GBP,CREATE,2022-10-21 09:13:36,2022-10-21 09:13:36
twgh9841509,esazl1553,zdc31441044,10.31,GBP,CREATE,2022-10-21 09:13:36,2022-10-21 09:13:36
mmop3095304,olchx1258,mpp07896287,13.5,USD,CREATE,2022-10-21 09:13:36,2022-10-21 09:13:36
furc1143292,pfwui4611,bwa88962343,1.35,GBP,UPDATE,2022-10-21 09:13:36,2022-10-21 09:13:36
zpcs9910645,bfpol0274,ikm52827550,2.76,USD,CREATE,2022-10-21 09:13:36,2022-10-21 09:13:36
ehav1154213,kqsvf6160,jqe99558001,3.14,GBP,CREATE,2022-10-21 09:13:36,2022-10-21 09:13:36
aeoh3139007,szwnd4026,czc55568273,0.25,USD,UPDATE,2022-10-21 09:13:36,2022-10-21 09:13:36
rkhj3095642,jiard4829,czg54166503,12.37,GBP,CREATE,2022-10-21 09:13:36,2022-10-21 09:13:36
qeue1368096,awbqx2501,tdo44966076,14.46,GBP,CREATE,2022-10-21 09:13:36,2022-10-21 09:13:36
trwa2920241,pkvrn7352,gfq37920222,15.42,USD,CREATE,2022-10-21 09:13:36,2022-10-21 09:13:36
gqfq2379834,jmfpe0142,bbe62088660,4.28,GBP,CREATE,2022-10-21 09:13:36,2022-10-21 09:13:36
maql3541633,apzar5474,gvu41455978,17.87,USD,CREATE,2022-10-21 09:13:36,2022-10-21 09:13:36
vngx7732411,xqnng4909,ayl08662316,8.37,USD,UPDATE,2022-10-21 09:13:36,2022-10-21 09:13:36
deql3905304,xccjx6570,iuu27429749,5.43,GBP,UPDATE,2022-10-21 09:13:36,2022-10-21 09:13:36
qpxu6554103,fambf8150,uua42476580,4.01,GBP,CREATE,2022-10-21 09:13:36,2022-10-21 09:13:36
srvf4914298,tkpbp8099,pbb81895196,16.86,USD,UPDATE,2022-10-21 09:13:36,2022-10-21 09:13:36
ksjh0237773,qstoy0334,qaf04925251,8.67,GBP,UPDATE,2022-10-21 09:13:36,2022-10-21 09:13:36
rjfg1561665,tvigu6265,lbo07286151,14.48,USD,UPDATE,2022-10-21 09:13:36,2022-10-21 09:13:36
bdim4319992,muiqh7413,krm94669607,1.46,GBP,CREATE,2022-10-21 09:13:36,2022-10-21 09:13:36
kbfy7225314,iikzy8228,rmk90081065,10.97,GBP,CREATE,2022-10-21 09:13:36,2022-10-21 09:13:36
gcyb6636207,vmltn5026,smi54165008,2.64,USD,CREATE,2022-10-21 09:13:36,2022-10-21 09:13:36
qecp0735130,zudtk8026,mvh23763088,12.05,USD,UPDATE,2022-10-21 09:13:36,2022-10-21 09:13:36
kgme9464642,ilkle4613,ymf78649181,19.15,USD,UPDATE,2022-10-21 09:13:36,2022-10-21 09:13:36
wpzn3334846,qwrgf1234,gct81352265,12.74,USD,CREATE,2022-10-21 09:13:36,2022-10-21 09:13:36
fuyt6968411,dpkln0324,rbx55827915,13.04,GBP,CREATE,2022-10-21 09:13:36,2022-10-21 09:13:36
uekv8316936,gywbp5604,ruz60234294,6.02,GBP,CREATE,2022-10-21 09:13:36,2022-10-21 09:13:36
xdcb5802968,xfntu2556,xqs50967342,18.32,USD,CREATE,2022-10-21 09:13:36,2022-10-21 09:13:36
hbdm4998513,aekhj3706,gft32049322,4.91,GBP,UPDATE,2022-10-21 09:13:36,2022-10-21 09:13:36
mqef7699245,kufbj9911,haj74843862,0.4,GBP,UPDATE,2022-10-21 09:13:36,2022-10-21 09:13:36
guze5746668,firia2544,zsk09801749,2.38,GBP,CREATE,2022-10-21 09:13:36,2022-10-21 09:13:36
rafb7427351,injas8977,jeg68111631,16.29,USD,UPDATE,2022-10-21 09:13:36,2022-10-21 09:13:36
dkxk4084660,tukpk4826,mtz16570654,12.22,GBP,UPDATE,2022-10-21 09:13:36,2022-10-21 09:13:36
uwpv4709284,yeuir8813,obq91539381,3.56,USD,CREATE,2022-10-21 09:13:36,2022-10-21 09:13:36
qfry3622541,ftxdu9561,hho46450633,4.43,USD,CREATE,2022-10-21 09:13:36,2022-10-21 09:13:36
wafx3743919,hdfbz2309,ffw08114509,8.52,GBP,CREATE,2022-10-21 09:13:36,2022-10-21 09:13:36
hlvn7340640,udcuz9143,exx71678295,8.91,GBP,UPDATE,2022-10-21 09:13:36,2022-10-21 09:13:36
ktjt7081086,mbnbp0719,ziy12681775,11.3,USD,UPDATE,2022-10-21 09:13:36,2022-10-21 09:13:36
jqhg6423736,mkgzs9868,zom02887507,3.56,GBP,CREATE,2022-10-21 09:13:36,2022-10-21 09:13:36
coww3919983,goxvk0115,qla36708468,7.81,USD,UPDATE,2022-10-21 09:13:36,2022-10-21 09:13:36
aoss8090452,kujnm5767,wuu60649049,17.77,USD,UPDATE,2022-10-21 09:13:36,2022-10-21 09:13:36
bvvm6903735,iywtg5902,vba58935874,5.49,GBP,UPDATE,2022-10-21 09:13:36,2022-10-21 09:13:36
jvxi5373708,tiiss5614,dsu55966530,16.63,GBP,UPDATE,2022-10-21 09:13:36,2022-10-21 09:13:36
gtaz9232300,czdcr1441,ppn31514788,8.45,USD,CREATE,2022-10-21 09:13:36,2022-10-21 09:13:36
isys5346831,eaemp3078,for78825752,18.94,USD,CREATE,2022-10-21 09:13:36,2022-10-21 09:13:36
xvdb6495244,mghvl1848,wym13787564,7.6,USD,CREATE,2022-10-21 09:13:36,2022-10-21 09:13:36
hnew0438453,kwwpa4360,rgg51187512,17.52,GBP,UPDATE,2022-10-21 09:13:36,2022-10-21 09:13:36
tebr9543300,srrea8915,hdx43131899,0.03,GBP,UPDATE,2022-10-21 09:13:36,2022-10-21 09:13:36
drmg5329445,biodq1864,fbc67081037,10.01,USD,CREATE,2022-10-21 09:13:36,2022-10-21 09:13:36
cbcj0091720,irvcp7746,hpe16343739,10.49,USD,UPDATE,2022-10-21 09:13:36,2022-10-21 09:13:36
auoy0451513,jnnok0623,klm85760972,14.91,GBP,UPDATE,2022-10-21 09:13:36,2022-10-21 09:13:36
wrll9726820,cniiu7139,vzq09831722,5.65,GBP,CREATE,2022-10-21 09:13:36,2022-10-21 09:13:36
qgri4044092,wmyac4688,clg94066122,10.64,USD,UPDATE,2022-10-21 09:13:36,2022-10-21 09:13:36
eptu7845968,yiyqm6053,hxw91364261,15.21,GBP,CREATE,2022-10-21 09:13:36,2022-10-21 09:13:36
nyus9517497,ukbkx5978,uid07145698,8.77,USD,UPDATE,2022-10-21 09:13:36,2022-10-21 09:13:36
bfim5875853,aylky6623,ivy85509140,4.24,USD,UPDATE,2022-10-21 09:13:36,2022-10-21 09:13:36
bhst8318177,yjiuu2742,niy19796516,18.9,USD,UPDATE,2022-10-21 09:13:36,2022-10-21 09:13:36
okmp8382951,hxsju4042,ump24326321,2.3,USD,UPDATE,2022-10-21 09:13:36,2022-10-21 09:13:36
nraw1020558,xosjq7775,gwa36487943,16.34,GBP,UPDATE,2022-10-21 09:13:36,2022-10-21 09:13:36
kmti9573975,jzdor0050,jic99379409,16.08,USD,UPDATE,2022-10-21 09:13:36,2022-10-21 09:13:36
tryj6184445,yiqzk2724,npm21783152,6.57,GBP,UPDATE,2022-10-21 09:13:36,2022-10-21 09:13:36
kxxe7459388,lgymq5948,bgy39482308,7.18,GBP,CREATE,2022-10-21 09:13:36,2022-10-21 09:13:36
lsse5830901,sperw9441,zij82220844,2.89,GBP,UPDATE,2022-10-21 09:13:36,2022-10-21 09:13:36
ywob2398854,ktwxa7998,kcu07485225,19.73,GBP,CREATE,2022-10-21 09:13:36,2022-10-21 09:13:36
rgrw2565007,dowwf8095,yke12230089,13.7,GBP,CREATE,2022-10-21 09:13:36,2022-10-21 09:13:36
holy2524685,dexqi8227,atg30643304,9.85,USD,CREATE,2022-10-21 09:13:36,2022-10-21 09:13:36
ccic3376023,bumkb1815,jqn90517438,8.75,GBP,CREATE,2022-10-21 09:13:36,2022-10-21 09:13:36
uibz7955372,ctwhf5226,wbv18158484,5.97,USD,CREATE,2022-10-21 09:13:36,2022-10-21 09:13:36
afdm8246207,xrbxv5827,rhx94573477,5.06,USD,UPDATE,2022-10-21 09:13:36,2022-10-21 09:13:36
ufnh4845064,gveru9602,eie25686425,3.65,USD,CREATE,2022-10-21 09:13:36,2022-10-21 09:13:36
fskp1700604,owpsk5425,ckn17479141,6.26,USD,UPDATE,2022-10-21 09:13:36,2022-10-21 09:13:36
cyvn9570350,jkqap4205,vec81933436,16.93,USD,CREATE,2022-10-21 09:13:36,2022-10-21 09:13:36
yvsr8427081,uvdlu9433,mkj70206753,14.02,GBP,CREATE,2022-10-21 09:13:36,2022-10-21 09:13:36
nslp5860375,otmur5397,mnq37557354,18.79,GBP,CREATE,2022-10-21 09:13:36,2022-10-21 09:13:36
fxwm5925966,dksde9844,jwz22175712,12.47,GBP,CREATE,2022-10-21 09:13:36,2022-10-21 09:13:36
knsr8707575,hepmi6500,cha41494846,15.73,USD,CREATE,2022-10-21 09:13:36,2022-10-21 09:13:36
qpqj7423456,mjega1356,ytz41532059,19.22,USD,CREATE,2022-10-21 09:13:36,2022-10-21 09:13:36
iduu1116982,rnbet3035,rhe70250822,11.06,GBP,CREATE,2022-10-21 09:13:36,2022-10-21 09:13:36
ufgx5577536,eqfac3394,kwp36522943,1.71,USD,CREATE,2022-10-21 09:13:36,2022-10-21 09:13:36
eqnq7113686,woorr4509,jho83646776,10.27,GBP,UPDATE,2022-10-21 09:13:36,2022-10-21 09:13:36
arva5729169,exxtn6782,fxf30101757,17.83,GBP,CREATE,2022-10-21 09:13:36,2022-10-21 09:13:36
yhxi3784186,wtziy1268,ehm39553689,8.58,USD,UPDATE,2022-10-21 09:13:36,2022-10-21 09:13:36
lqnu5513908,ajmyz2002,mvx05866317,4.77,USD,UPDATE,2022-10-21 09:13:36,2022-10-21 09:13:36
mpxs1720053,ybxlh2892,nwy49027094,18.05,GBP,CREATE,2022-10-21 09:13:36,2022-10-21 09:13:36
zols2186881,avgru7384,ytx28433514,7.73,GBP,CREATE,2022-10-21 09:13:36,2022-10-21 09:13:36
ivro1818964,wnwbl5766,pwd40939187,19.62,USD,UPDATE,2022-10-21 09:13:36,2022-10-21 09:13:36
sxdw9216368,vhyed2034,ydi35527382,0.04,GBP,UPDATE,2022-10-21 09:13:36,2022-10-21 09:13:36
mjrz3581987,yxvjt1185,fsm41277490,6.16,USD,UPDATE,2022-10-21 09:13:36,2022-10-21 09:13:36
oapa1628522,oonao0831,yla44764788,19.57,USD,CREATE,2022-10-21 09:13:36,2022-10-21 09:13:36
pbjn2228414,bffqc2425,dge88009701,4.43,USD,CREATE,2022-10-21 09:13:36,2022-10-21 09:13:36
qyxk3601000,rytpe4012,pkt92418484,10.27,USD,UPDATE,2022-10-21 09:13:36,2022-10-21 09:13:36
oezg1362668,lnrmt5122,cni94596536,16.69,USD,UPDATE,2022-10-21 09:13:36,2022-10-21 09:13:36
rdcj3077750,dxgjz3189,rnp58052172,4.36,USD,UPDATE,2022-10-21 09:13:36,2022-10-21 09:13:36
epuj2430886,ifbcq7081,tqk78865799,12.0,USD,UPDATE,2022-10-21 09:13:36,2022-10-21 09:13:36
spbk8508902,thrhp6163,skg74414244,13.25,GBP,UPDATE,2022-10-21 09:13:36,2022-10-21 09:13:36
xtbk3872914,vkehe8728,bwq35689927,16.06,USD,UPDATE,2022-10-21 09:13:36,2022-10-21 09:13:36
jrnj0554013,fmpeb9475,rru71498420,15.8,GBP,CREATE,2022-10-21 09:13:36,2022-10-21 09:13:36
hnsw9794434,yidkr4391,axl58805972,13.68,GBP,UPDATE,2022-10-21 09:13:36,2022-10-21 09:13:36
zogd3601196,nfrzw3140,ibv97915914,15.43,GBP,UPDATE,2022-10-21 09:13:36,2022-10-21 09:13:36
vddy8714924,kepey7312,gyx98658477,18.3,GBP,UPDATE,2022-10-21 09:13:36,2022-10-21 09:13:36
mflh4369295,cjjeh7690,bkt29134406,12.0,GBP,UPDATE,2022-10-21 09:13:36,2022-10-21 09:13:36
lsmt6386168,ziyct3729,aft97652980,10.34,GBP,UPDATE,2022-10-21 09:13:36,2022-10-21 09:13:36
rbhr0584610,nyfts1594,mfs35092703,2.74,USD,UPDATE,2022-10-21 09:13:36,2022-10-21 09:13:36
bric9098982,ojqod2186,kqr77580985,12.19,USD,UPDATE,2022-10-21 09:13:36,2022-10-21 09:13:36
bcbt7978905,aloak7943,zji82178208,16.52,USD,UPDATE,2022-10-21 09:13:36,2022-10-21 09:13:36
jipc5850634,jicjz3794,oqx36139897,9.39,GBP,CREATE,2022-10-21 09:13:36,2022-10-21 09:13:36
iswu1086475,gcnpm2178,wvb31738278,11.69,USD,CREATE,2022-10-21 09:13:36,2022-10-21 09:13:36
dkxt8659757,ucsub4439,sup42218441,18.47,GBP,UPDATE,2022-10-21 09:13:36,2022-10-21 09:13:36
fbfa3345733,bhfmn4105,hio49630323,15.09,GBP,CREATE,2022-10-21 09:13:36,2022-10-21 09:13:36
paso4578614,vkjle6044,rqs17033607,8.8,USD,CREATE,2022-10-21 09:13:36,2022-10-21 09:13:36
zpnj0704461,zdimk4354,lmo97416423,8.8,USD,UPDATE,2022-10-21 09:13:36,2022-10-21 09:13:36
ttug2138187,lhydo9114,xkf34406970,13.09,GBP,CREATE,2022-10-21 09:13:36,2022-10-21 09:13:36
fhqv5567031,ltpeq2921,szr30979646,17.49,GBP,UPDATE,2022-10-21 09:13:36,2022-10-21 09:13:36
avbg7878438,nmktz2018,zbd09943892,9.04,USD,CREATE,2022-10-21 09:13:36,2022-10-21 09:13:36
gqiv3530167,cuygn3155,knt73033739,8.26,USD,CREATE,2022-10-21 09:13:36,2022-10-21 09:13:36
mbzz3215963,bvzon7945,zbp73781894,4.66,GBP,UPDATE,2022-10-21 09:13:36,2022-10-21 09:13:36
snuh8132586,aniau4252,uiw05952428,13.62,GBP,CREATE,2022-10-21 09:13:36,2022-10-21 09:13:36
psrm1662043,knbvw7914,wos42749211,13.52,GBP,UPDATE,2022-10-21 09:13:36,2022-10-21 09:13:36
guqy7675650,yveci1933,ddq70713541,18.27,GBP,UPDATE,2022-10-21 09:13:36,2022-10-21 09:13:36
wgvg9860551,mtymk9702,iig91987122,16.34,USD,CREATE,2022-10-21 09:13:36,2022-10-21 09:13:36
bntx0191610,ugjpw2303,agv92179138,7.69,GBP,CREATE,2022-10-21 09:13:36,2022-10-21 09:13:36
fnno5542673,qklel2918,nip75201562,6.36,GBP,CREATE,2022-10-21 09:13:36,2022-10-21 09:13:36
jctn1233697,nlmao2356,hah04339879,13.12,GBP,CREATE,2022-10-21 09:13:36,2022-10-21 09:13:36
idwl6379193,ouymi8357,yqp97523176,5.12,GBP,CREATE,2022-10-21 09:13:36,2022-10-21 09:13:36
ivhr6471112,uitum5205,din19564043,6.71,GBP,UPDATE,2022-10-21 09:13:36,2022-10-21 09:13:36
uojx6032858,afoxt0194,jto36995552,15.14,GBP,CREATE,2022-10-21 09:13:36,2022-10-21 09:13:36
tqby8712782,fmvlw6019,vns79620850,12.7,USD,UPDATE,2022-10-21 09:13:36,2022-10-21 09:13:36
nlqt1331857,ggrzs5384,sfi85606082,16.16,GBP,UPDATE,2022-10-21 09:13:36,2022-10-21 09:13:36
vnwn5752789,ururp5744,wmc69229886,12.66,GBP,CREATE,2022-10-21 09:13:36,2022-10-21 09:13:36
expr9218556,mvjrt3689,ivk06566857,1.59,USD,CREATE,2022-10-21 09:13:36,2022-10-21 09:13:36
mxgj1914287,mvxep8663,nvp18184806,7.97,GBP,CREATE,2022-10-21 09:13:36,2022-10-21 09:13:36
dswa7416468,ganwy4902,axf78769292,4.48,GBP,CREATE,2022-10-21 09:13:36,2022-10-21 09:13:36
tsig4087574,vbawy3528,yad10340120,18.62,GBP,CREATE,2022-10-21 09:13:36,2022-10-21 09:13:36
ogsi2849850,hebdr5583,ksl34842985,1.48,GBP,CREATE,2022-10-21 09:13:36,2022-10-21 09:13:36
luwi1198911,tvxew0392,qtw19134233,6.13,GBP,CREATE,2022-10-21 09:13:36,2022-10-21 09:13:36
bkhb7049003,smymt3452,uqc25582577,7.85,GBP,CREATE,2022-10-21 09:13:36,2022-10-21 09:13:36
oqle1573116,pwzbw1647,uhi51989642,8.83,GBP,UPDATE,2022-10-21 09:13:36,2022-10-21 09:13:36
carw8702891,qljsj6295,sbk26575498,3.0,GBP,CREATE,2022-10-21 09:13:36,2022-10-21 09:13:36
vysk7972088,opzns6423,dvz51816915,9.73,USD,UPDATE,2022-10-21 09:13:36,2022-10-21 09:13:36
mnki3952379,scagm4445,ubp30847456,13.32,USD,CREATE,2022-10-21 09:13:36,2022-10-21 09:13:36
rzkk6974245,pxurj6569,loc44207451,1.35,USD,CREATE,2022-10-21 09:13:36,2022-10-21 09:13:36
bsxw9638427,nciho1726,ulv89430193,5.33,GBP,CREATE,2022-10-21 09:13:36,2022-10-21 09:13:36
ryxk6737832,qklee6579,rpx25447473,15.58,USD,UPDATE,2022-10-21 09:13:36,2022-10-21 09:13:36
gabr7223342,kskgp4414,qlp91144242,10.37,GBP,CREATE,2022-10-21 09:13:36,2022-10-21 09:13:36
rllh4831520,twcbw6356,iid36120519,6.11,GBP,UPDATE,2022-10-21 09:13:36,2022-10-21 09:13:36
ziym7899468,nffwp3907,bug13250287,6.96,USD,UPDATE,2022-10-21 09:13:36,2022-10-21 09:13:36
fnso0836526,ievdt0227,vqy83844882,6.69,USD,CREATE,2022-10-21 09:13:36,2022-10-21 09:13:36
qvvl7813306,twniv5386,ngx65329455,14.57,USD,CREATE,2022-10-21 09:13:36,2022-10-21 09:13:36
rxzl8887448,sclon6202,rzq71052585,14.49,GBP,CREATE,2022-10-21 09:13:36,2022-10-21 09:13:36
zdva5437988,armxk1463,rhg66998213,9.49,GBP,UPDATE,2022-10-21 09:13:36,2022-10-21 09:13:36
ffcy7152416,sfkfv7542,kfw98094377,15.02,GBP,UPDATE,2022-10-21 09:13:36,2022-10-21 09:13:36
kmrw3828884,nmcmb5096,uom35902663,5.52,GBP,UPDATE,2022-10-21 09:13:36,2022-10-21 09:13:36
jnio7222205,jabuz3423,jxe30853517,9.51,GBP,CREATE,2022-10-21 09:13:36,2022-10-21 09:13:36
lmtx5983396,pjwmf8514,sny60909837,9.52,USD,CREATE,2022-10-21 09:13:36,2022-10-21 09:13:36
ppjc6990092,iimnp8208,knm52075412,0.6,USD,CREATE,2022-10-21 09:13:36,2022-10-21 09:13:36
azhy0798707,oqxnm1398,fgp15248134,16.55,USD,CREATE,2022-10-21 09:13:36,2022-10-21 09:13:36
corj0216156,ixwvb3173,mii70544979,10.1,GBP,CREATE,2022-10-21 09:13:36,2022-10-21 09:13:36
lnxu4290463,vdyss8542,gwf85196137,17.67,GBP,CREATE,2022-10-21 09:13:36,2022-10-21 09:13:36
ulic3097432,oluhi9920,loc54580919,4.16,USD,UPDATE,2022-10-21 09:13:36,2022-10-21 09:13:36
ivlp7076387,luwsp1083,gnj31928235,4.18,GBP,UPDATE,2022-10-21 09:13:36,2022-10-21 09:13:36
xjmq8690877,jbqip1163,web27074127,17.76,GBP,CREATE,2022-10-21 09:13:36,2022-10-21 09:13:36
iyke1174389,gfjrl6298,dbs02855296,15.61,USD,UPDATE,2022-10-21 09:13:36,2022-10-21 09:13:36
ryfz6112063,eteic7146,woo52141057,3.44,GBP,UPDATE,2022-10-21 09:13:36,2022-10-21 09:13:36
uubs5026261,quhic9321,vlr93547456,5.83,USD,CREATE,2022-10-21 09:13:36,2022-10-21 09:13:36
exep2995716,vensn2898,lvv42769350,5.82,USD,CREATE,2022-10-21 09:13:36,2022-10-21 09:13:36
drnh4753959,mfdpx9355,lcv12059279,7.53,GBP,UPDATE,2022-10-21 09:13:36,2022-10-21 09:13:36
dhwp7668967,fhvup8941,hba24034463,14.55,USD,CREATE,2022-10-21 09:13:36,2022-10-21 09:13:36
sqqy2035047,iwkzt5242,bru86528439,7.63,GBP,CREATE,2022-10-21 09:13:36,2022-10-21 09:13:36
tthv0663177,swoso2749,zes70136692,9.75,USD,CREATE,2022-10-21 09:13:36,2022-10-21 09:13:36
htex4995380,pzwdd2707,zvc04047338,2.99,GBP,CREATE,2022-10-21 09:13:36,2022-10-21 09:13:36
owxn9067159,skltn4269,xyc14289842,5.27,USD,CREATE,2022-10-21 09:13:36,2022-10-21 09:13:36
knvt6991094,wtdeu1840,hyn47967427,15.61,USD,UPDATE,2022-10-21 09:13:36,2022-10-21 09:13:36
qtue8491807,dusmi0688,voq43933694,8.55,USD,CREATE,2022-10-21 09:13:36,2022-10-21 09:13:36
vwwn8001789,fbdff7976,xpw11701954,10.39,GBP,CREATE,2022-10-21 09:13:36,2022-10-21 09:13:36
kqzm7404111,iiwlw9694,nnt10515009,6.37,GBP,CREATE,2022-10-21 09:13:36,2022-10-21 09:13:36
njbd0241000,qvizv4795,mvl93831112,9.92,USD,UPDATE,2022-10-21 09:13:36,2022-10-21 09:13:36
woyi8750725,uihcy2263,kfz54246859,14.42,USD,UPDATE,2022-10-21 09:13:36,2022-10-21 09:13:36
laqn6530594,ntndc0876,daw18378781,9.0,USD,CREATE,2022-10-21 09:13:36,2022-10-21 09:13:36
tlyk7674393,lqgoo5099,nlp81027316,15.78,GBP,CREATE,2022-10-21 09:13:36,2022-10-21 09:13:36
ovub2977537,icxmy6082,knw04572974,15.2,USD,UPDATE,2022-10-21 09:13:36,2022-10-21 09:13:36
xojp4151871,wmcyb2298,cth98008531,16.6,GBP,UPDATE,2022-10-21 09:13:36,2022-10-21 09:13:36
soht4874859,goivk0656,zlc69359976,16.35,USD,UPDATE,2022-10-21 09:13:36,2022-10-21 09:13:36
iszj8244011,ywgcn5918,vuj86949489,3.43,USD,UPDATE,2022-10-21 09:13:36,2022-10-21 09:13:36
tntw8123155,mdfpc4699,vpd34568218,17.61,GBP,UPDATE,2022-10-21 09:13:36,2022-10-21 09:13:36
jlne5601485,tnetr9102,qbh59356253,14.06,USD,UPDATE,2022-10-21 09:13:36,2022-10-21 09:13:36
difx0363999,tgcvy7856,qgo43098983,1.21,USD,CREATE,2022-10-21 09:13:36,2022-10-21 09:13:36
yksw1405528,ezyho7626,dzz61751375,1.2,USD,CREATE,2022-10-21 09:13:36,2022-10-21 09:13:36
sgth7108077,aqmrd0738,web51776249,3.48,GBP,CREATE,2022-10-21 09:13:36,2022-10-21 09:13:36
vjvi5136283,jttwo4710,iat33320331,6.98,USD,CREATE,2022-10-21 09:13:36,2022-10-21 09:13:36
ktsp4240210,xgckp0521,rec02565521,11.21,GBP,CREATE,2022-10-21 09:13:36,2022-10-21 09:13:36
smbm5881671,lzlwj8422,cee16864122,19.84,USD,UPDATE,2022-10-21 09:13:36,2022-10-21 09:13:36
mfpm3804970,tfgvs9152,kfm20934337,8.29,GBP,CREATE,2022-10-21 09:13:36,2022-10-21 09:13:36
gkpw4563723,bppou4745,wtw24381338,10.78,USD,UPDATE,2022-10-21 09:13:36,2022-10-21 09:13:36
lzih5593747,nlock4207,iwp83219102,8.69,GBP,UPDATE,2022-10-21 09:13:36,2022-10-21 09:13:36
nlyp8123078,cswul5894,muf89109701,11.29,GBP,CREATE,2022-10-21 09:13:36,2022-10-21 09:13:36
qthn6861124,nldfn3572,svk68096160,13.43,GBP,UPDATE,2022-10-21 09:13:36,2022-10-21 09:13:36
zwtb5470626,ildeh1429,fuz51840943,18.43,USD,CREATE,2022-10-21 09:13:36,2022-10-21 09:13:36
uble1144141,ogemv5679,khl44576930,17.85,GBP,CREATE,2022-10-21 09:13:36,2022-10-21 09:13:36
qkmg8806431,czbyc3968,ysk69394893,0.34,USD,CREATE,2022-10-21 09:13:36,2022-10-21 09:13:36
vwsa4905619,kdhrg1501,icn67385063,6.84,GBP,CREATE,2022-10-21 09:13:36,2022-10-21 09:13:36
belj8892066,ggvgp5820,ofx63396983,1.94,USD,CREATE,2022-10-21 09:13:36,2022-10-21 09:13:36
gkus2574200,ufjpk0565,dyt02557649,18.62,USD,UPDATE,2022-10-21 09:13:36,2022-10-21 09:13:36
xdfa1531134,tctoh3404,lif37116302,8.35,USD,CREATE,2022-10-21 09:13:36,2022-10-21 09:13:36
ttsq8715654,urhgq1310,mkv48109999,14.3,GBP,CREATE,2022-10-21 09:13:36,2022-10-21 09:13:36
toek0969423,wfoqx4377,fuk71498644,4.61,USD,UPDATE,2022-10-21 09:13:36,2022-10-21 09:13:36
hzjm5071774,uomrx9026,xtn79420918,0.34,USD,UPDATE,2022-10-21 09:13:36,2022-10-21 09:13:36
uvjr4207190,aujxe3085,hjt23997944,19.05,USD,CREATE,2022-10-21 09:13:36,2022-10-21 09:13:36
ckte1805649,fhjps7460,wgj06631413,3.34,GBP,UPDATE,2022-10-21 09:13:36,2022-10-21 09:13:36
sttb7423931,rltca5612,pia97821480,10.46,GBP,CREATE,2022-10-21 09:13:36,2022-10-21 09:13:36
acvk3731513,ewytd9545,qrg04831682,8.5,GBP,CREATE,2022-10-21 09:13:36,2022-10-21 09:13:36
wjhz1573106,ydsju7154,bba22737182,15.52,GBP,UPDATE,2022-10-21 09:13:36,2022-10-21 09:13:36
nosq5883262,yuytv7472,pxy96066897,11.17,USD,UPDATE,2022-10-21 09:13:36,2022-10-21 09:13:36
zzzy9845857,bbvdr2687,anm21471895,18.2,GBP,CREATE,2022-10-21 09:13:36,2022-10-21 09:13:36
oslu7105619,rvneb6082,dpk04010901,13.89,GBP,CREATE,2022-10-21 09:13:36,2022-10-21 09:13:36
cwql1178943,cyhrg4423,lpn09860084,2.28,USD,UPDATE,2022-10-21 09:13:36,2022-10-21 09:13:36
izup6254161,qxuvg7537,jzw11190761,11.04,USD,UPDATE,2022-10-21 09:13:36,2022-10-21 09:13:36
zdiv2044417,musjl2961,stu00066739,0.62,USD,CREATE,2022-10-21 09:13:36,2022-10-21 09:13:36
seie4143986,oolqt4105,hks92415065,16.09,USD,UPDATE,2022-10-21 09:13:36,2022-10-21 09:13:36
mkho1766052,gvlrt3547,dyx50781700,17.21,USD,CREATE,2022-10-21 09:13:36,2022-10-21 09:13:36
iwzw4334806,fpglv5427,tvk21552718,10.97,USD,UPDATE,2022-10-21 09:13:36,2022-10-21 09:13:36
hvdi2801190,qfluh5051,mvb63866224,19.55,USD,CREATE,2022-10-21 09:13:36,2022-10-21 09:13:36
nbsl0984746,ajnxr9137,tlw72475461,10.41,GBP,UPDATE,2022-10-21 09:13:36,2022-10-21 09:13:36
nlbs1856695,exdvg2892,dkm33853516,7.52,USD,UPDATE,2022-10-21 09:13:36,2022-10-21 09:13:36
hydz1909310,rfhxy3541,hgu13901855,15.98,USD,CREATE,2022-10-21 09:13:36,2022-10-21 09:13:36
hrjv9465195,rgeuf8052,pdu16827848,6.88,USD,UPDATE,2022-10-21 09:13:36,2022-10-21 09:13:36
xdbm0632102,mobxx5939,qgo04848120,0.9,USD,CREATE,2022-10-21 09:13:36,2022-10-21 09:13:36
efey8979147,oayfl1796,udl12434478,6.66,GBP,UPDATE,2022-10-21 09:13:36,2022-10-21 09:13:36
tgjs2329927,sbkyn0463,hdz89341007,10.85,GBP,CREATE,2022-10-21 09:13:36,2022-10-21 09:13:36
hrjx0775914,zrlxg9447,zbn90734661,5.92,USD,UPDATE,2022-10-21 09:13:36,2022-10-21 09:13:36
zrnt7126111,wpfbo1954,zal72256772,11.04,GBP,UPDATE,2022-10-21 09:13:36,2022-10-21 09:13:36
uskg1932200,nntfk5150,alv66511113,0.46,USD,UPDATE,2022-10-21 09:13:36,2022-10-21 09:13:36
crnh7714567,bkmvl9383,eic64591707,14.56,USD,UPDATE,2022-10-21 09:13:36,2022-10-21 09:13:36
dhhy1236074,xygsk3954,tat37235307,5.21,GBP,CREATE,2022-10-21 09:13:36,2022-10-21 09:13:36
xqpp6929390,odjah1968,rhq71683039,7.59,USD,UPDATE,2022-10-21 09:13:36,2022-10-21 09:13:36
oohg0344224,oatti3943,hql65778496,0.58,USD,UPDATE,2022-10-21 09:13:36,2022-10-21 09:13:36
rzal2018179,fbtwl1261,loy16335479,16.86,USD,CREATE,2022-10-21 09:13:36,2022-10-21 09:13:36
qdzt4097615,yydmx6314,nxj06812704,8.17,USD,UPDATE,2022-10-21 09:13:36,2022-10-21 09:13:36
wvxb0831572,qqwob7267,ode82043963,1.25,USD,UPDATE,2022-10-21 09:13:36,2022-10-21 09:13:36
eist2272742,rgbfi7438,otc23817397,3.2,GBP,CREATE,2022-10-21 09:13:36,2022-10-21 09:13:36
fcrz0042845,zqsli6428,nlw20795532,19.25,USD,CREATE,2022-10-21 09:13:36,2022-10-21 09:13:36
gcqi0670543,vkiqz8411,qyj03611739,1.71,USD,UPDATE,2022-10-21 09:13:36,2022-10-21 09:13:36
urdj2418650,fzbbi2535,igq52246193,10.57,USD,UPDATE,2022-10-21 09:13:36,2022-10-21 09:13:36
iyvf5053564,goilg9898,qnr49403869,18.86,GBP,CREATE,2022-10-21 09:13:36,2022-10-21 09:13:36
saev6543089,jdzzo1751,ani23870175,19.14,USD,CREATE,2022-10-21 09:13:36,2022-10-21 09:13:36
eona9272625,bqdwe1517,dfa98833702,13.26,GBP,CREATE,2022-10-21 09:13:36,2022-10-21 09:13:36
ommd7434936,rtpbg8033,bbn39639022,0.9,USD,CREATE,2022-10-21 09:13:36,2022-10-21 09:13:36
wnkk8049447,lklhx5758,vkz77282209,2.76,GBP,CREATE,2022-10-21 09:13:36,2022-10-21 09:13:36
gzcr7688732,wfbsw3048,cpf28075357,5.45,GBP,UPDATE,2022-10-21 09:13:36,2022-10-21 09:13:36
huyy9705952,joocs4419,bfz52824564,12.74,USD,CREATE,2022-10-21 09:13:36,2022-10-21 09:13:36
xukz1851172,kewqo5629,tth44664613,15.65,USD,CREATE,2022-10-21 09:13:36,2022-10-21 09:13:36
luhv7628677,uvwhx1878,tyh95558502,19.97,GBP,CREATE,2022-10-21 09:13:36,2022-10-21 09:13:36
skus7122730,zsser2385,ihy08854803,12.23,USD,CREATE,2022-10-21 09:13:36,2022-10-21 09:13:36
cjmh0557772,ajbcj2533,ffm14057735,7.95,USD,CREATE,2022-10-21 09:13:36,2022-10-21 09:13:36
bfif9402655,qghup6048,pot49611002,16.87,GBP,CREATE,2022-10-21 09:13:36,2022-10-21 09:13:36
fkek3369464,zbfoo0943,lge62851447,8.88,USD,CREATE,2022-10-21 09:13:36,2022-10-21 09:13:36
ogmq7761761,khlck5769,xug69233209,6.3,USD,CREATE,2022-10-21 09:13:36,2022-10-21 09:13:36
pyix5949791,lcysk6939,vcj88141959,6.3,USD,UPDATE,2022-10-21 09:13:36,2022-10-21 09:13:36
xmvx3874799,hikui6367,kag27107600,18.42,USD,UPDATE,2022-10-21 09:13:36,2022-10-21 09:13:36
brbr6008106,kczuj9213,ysg84996257,12.33,USD,UPDATE,2022-10-21 09:13:36,2022-10-21 09:13:36
ndyy6691445,wdlgg1243,tal11183122,10.93,GBP,CREATE,2022-10-21 09:13:36,2022-10-21 09:13:36
aswb7372381,rliyx0125,amk24163171,2.53,USD,CREATE,2022-10-21 09:13:36,2022-10-21 09:13:36
hiqo5971335,xelzb1847,gmq46389063,4.32,USD,UPDATE,2022-10-21 09:13:36,2022-10-21 09:13:36
wfdd0162214,ltjsm2449,tkm19930952,14.54,GBP,CREATE,2022-10-21 09:13:36,2022-10-21 09:13:36
wbmz7529581,ouxiy5083,tfa03805022,17.57,GBP,CREATE,2022-10-21 09:13:36,2022-10-21 09:13:36
evra1506389,wrtgr1101,zcb87382781,14.74,GBP,CREATE,2022-10-21 09:13:36,2022-10-21 09:13:36
jcsv2137079,rjhnm4513,gjq24267352,17.48,USD,CREATE,2022-10-21 09:13:36,2022-10-21 09:13:36
yafh7728893,waqlb4130,aqc33462016,19.99,USD,CREATE,2022-10-21 09:13:36,2022-10-21 09:13:36
nsin9299699,iatha2148,vuv27805470,11.28,GBP,UPDATE,2022-10-21 09:13:36,2022-10-21 09:13:36
djjx1180109,uqrge4831,emf17287571,19.87,USD,CREATE,2022-10-21 09:13:36,2022-10-21 09:13:36
zsah9883492,nkwbb4227,lvg09715784,5.09,USD,UPDATE,2022-10-21 09:13:36,2022-10-21 09:13:36
oicv1470493,rkwmz7389,hxo03399752,12.9,GBP,CREATE,2022-10-21 09:13:36,2022-10-21 09:13:36
aveo8305549,aqiit8445,ohb29200154,14.77,GBP,UPDATE,2022-10-21 09:13:36,2022-10-21 09:13:36
ivby9182813,sphjg6750,mun50774753,16.59,USD,UPDATE,2022-10-21 09:13:36,2022-10-21 09:13:36
lpdw0737954,xbvsv9725,wdd49419863,2.66,USD,UPDATE,2022-10-21 09:13:36,2022-10-21 09:13:36
kmzt1124746,drtbj6430,vxq50780746,18.1,GBP,UPDATE,2022-10-21 09:13:36,2022-10-21 09:13:36
owsk9285052,xeapd0136,mdl29479111,10.46,GBP,UPDATE,2022-10-21 09:13:36,2022-10-21 09:13:36
ncep5009083,nhrlw8414,uap99329987,4.14,USD,CREATE,2022-10-21 09:13:36,2022-10-21 09:13:36
inms2596968,dtocn5053,wco67566120,8.49,GBP,CREATE,2022-10-21 09:13:36,2022-10-21 09:13:36
lgnj1276239,upazf0092,nnp39320790,16.26,USD,UPDATE,2022-10-21 09:13:36,2022-10-21 09:13:36
rulp1894717,kgdpr2718,pkv66717087,4.15,GBP,CREATE,2022-10-21 09:13:36,2022-10-21 09:13:36
qvlm4346668,mvbgn8662,cwc03025295,15.81,GBP,CREATE,2022-10-21 09:13:36,2022-10-21 09:13:36
yfra6288968,vdtlw7247,tsh24304280,13.12,USD,CREATE,2022-10-21 09:13:36,2022-10-21 09:13:36
ghwo5162180,ewvwd8633,qfs85047028,8.26,GBP,CREATE,2022-10-21 09:13:36,2022-10-21 09:13:36
eupc6864276,glqjn4542,sbi73756065,1.7,USD,CREATE,2022-10-21 09:13:36,2022-10-21 09:13:36
dziv1748071,zqcao0111,lin36045777,11.53,GBP,CREATE,2022-10-21 09:13:36,2022-10-21 09:13:36
stiw6968280,iktpf4186,lqt32067915,3.55,GBP,UPDATE,2022-10-21 09:13:36,2022-10-21 09:13:36
ncss8505805,mgcix8041,kha68265214,7.06,USD,UPDATE,2022-10-21 09:13:36,2022-10-21 09:13:36
dpaa9361149,vbujc3735,dcw57857886,14.48,GBP,UPDATE,2022-10-21 09:13:36,2022-10-21 09:13:36
hsxg5098136,cdbhd5695,bmi97952538,6.23,GBP,CREATE,2022-10-21 09:13:36,2022-10-21 09:13:36
ccmj8020888,gikbs0765,jlz05165179,7.2,GBP,UPDATE,2022-10-21 09:13:36,2022-10-21 09:13:36
hyhl7302449,admhp2247,rmz08118984,3.41,GBP,UPDATE,2022-10-21 09:13:36,2022-10-21 09:13:36
hnsh5366879,gkdlh1135,tfk07795313,2.32,USD,CREATE,2022-10-21 09:13:36,2022-10-21 09:13:36
cwbj3968221,icuuf9170,mki91227705,1.85,USD,CREATE,2022-10-21 09:13:36,2022-10-21 09:13:36
gqiv4620045,btatr7235,iyt55372493,19.81,GBP,UPDATE,2022-10-21 09:13:36,2022-10-21 09:13:36
ycfs2410925,cmnrh2716,ayl12971387,4.92,GBP,UPDATE,2022-10-21 09:13:36,2022-10-21 09:13:36
ftai7066537,acjlm5816,ikr53498584,10.37,USD,CREATE,2022-10-21 09:13:36,2022-10-21 09:13:36
kfnx6391648,qqrzn3674,fsi50460002,12.0,USD,CREATE,2022-10-21 09:13:36,2022-10-21 09:13:36
bbqq1626697,npflo0250,bmz99242391,17.58,USD,UPDATE,2022-10-21 09:13:36,2022-10-21 09:13:36
rxmp3664670,zdtbt2147,bbi98446003,1.58,USD,CREATE,2022-10-21 09:13:36,2022-10-21 09:13:36
xthm6909860,ctajf4996,bmj82027841,9.05,GBP,CREATE,2022-10-21 09:13:36,2022-10-21 09:13:36
rrvk0942005,balhp1707,kwy51309788,17.3,USD,CREATE,2022-10-21 09:13:36,2022-10-21 09:13:36
ifzf0638617,pvkiy5216,zyb66581849,18.2,GBP,CREATE,2022-10-21 09:13:36,2022-10-21 09:13:36
hpcv6116303,rvjld7965,fik91192645,3.72,USD,CREATE,2022-10-21 09:13:36,2022-10-21 09:13:36
pfqd3325592,gwoqz9398,xjv77494116,14.73,GBP,UPDATE,2022-10-21 09:13:36,2022-10-21 09:13:36
lplt7675286,rqtai3869,jfy17092122,2.64,USD,CREATE,2022-10-21 09:13:36,2022-10-21 09:13:36
xzin0994936,aniyv8701,xii16520070,7.33,GBP,UPDATE,2022-10-21 09:13:36,2022-10-21 09:13:36
pato7969782,whdfa9883,luj82927746,19.27,USD,UPDATE,2022-10-21 09:13:36,2022-10-21 09:13:36
nwls5527362,proob7339,egm42679963,16.14,USD,UPDATE,2022-10-21 09:13:36,2022-10-21 09:13:36
fcll5623137,ivydo9563,cxe84434355,10.2,GBP,CREATE,2022-10-21 09:13:36,2022-10-21 09:13:36
arht3643456,fjcwh8106,jix59415937,16.4,GBP,CREATE,2022-10-21 09:13:36,2022-10-21 09:13:36
dwwz6670603,eyecg4467,hdd46590514,12.02,GBP,CREATE,2022-10-21 09:13:36,2022-10-21 09:13:36
favr7279547,fmvfq5760,hol92943738,18.09,GBP,CREATE,2022-10-21 09:13:36,2022-10-21 09:13:36
wwsa9876396,ndmjk1265,ivr02731311,9.14,USD,UPDATE,2022-10-21 09:13:36,2022-10-21 09:13:36
eeqj3711007,asdgk3790,taf61550567,16.91,USD,CREATE,2022-10-21 09:13:36,2022-10-21 09:13:36
xgih6760422,mswtz4728,wxq67993210,11.13,GBP,UPDATE,2022-10-21 09:13:36,2022-10-21 09:13:36
lmtp0210013,afxtb5877,vgl24308261,18.15,GBP,CREATE,2022-10-21 09:13:36,2022-10-21 09:13:36
jpkw2396071,grkzp0025,bcx98132870,14.84,GBP,UPDATE,2022-10-21 09:13:36,2022-10-21 09:13:36
staw7719008,geice5144,osu24632824,10.93,GBP,CREATE,2022-10-21 09:13:36,2022-10-21 09:13:36
fznm0872068,bxugq9233,pqq66119276,13.43,GBP,UPDATE,2022-10-21 09:13:36,2022-10-21 09:13:36
tvss2021542,wlnvc1881,ixn19258945,13.8,USD,CREATE,2022-10-21 09:13:36,2022-10-21 09:13:36
ijwb7699050,rpmme8242,mwk38539198,2.19,GBP,CREATE,2022-10-21 09:13:36,2022-10-21 09:13:36
vimg8697332,maqyg4028,xdm94316474,6.92,USD,UPDATE,2022-10-21 09:13:36,2022-10-21 09:13:36
xyym7837819,ftgxc7303,ypf17744043,0.76,GBP,CREATE,2022-10-21 09:13:36,2022-10-21 09:13:36
ahaf7937817,orvmu6704,zqz22868855,0.66,GBP,UPDATE,2022-10-21 09:13:36,2022-10-21 09:13:36
noit0336847,voics9187,ypd02793665,12.01,GBP,CREATE,2022-10-21 09:13:36,2022-10-21 09:13:36
vhiz7449446,popig6215,nwn42106394,1.1,USD,UPDATE,2022-10-21 09:13:36,2022-10-21 09:13:36
eerk5799419,zrgpj0800,qix30825076,1.88,GBP,CREATE,2022-10-21 09:13:36,2022-10-21 09:13:36
kxvf4921819,ybawc9489,aim76015823,13.88,USD,CREATE,2022-10-21 09:13:36,2022-10-21 09:13:36
vbgw2603104,pzqyb8195,jsc35460459,13.91,USD,CREATE,2022-10-21 09:13:36,2022-10-21 09:13:36
bxcg9238566,qcqoc7352,grl35550674,15.29,GBP,CREATE,2022-10-21 09:13:36,2022-10-21 09:13:36
luuj6920961,aqcnt4620,mtg46915936,12.15,USD,UPDATE,2022-10-21 09:13:36,2022-10-21 09:13:36
zeyo3448190,ihvuv2780,nre00639822,0.95,GBP,CREATE,2022-10-21 09:13:36,2022-10-21 09:13:36
nmvu4308514,qisxe6317,jcb99889230,8.5,USD,CREATE,2022-10-21 09:13:36,2022-10-21 09:13:36
guny8312888,ezrth0778,nez02997446,0.43,USD,UPDATE,2022-10-21 09:13:36,2022-10-21 09:13:36
mfrs4201067,ohhye0983,zld24016548,13.08,USD,UPDATE,2022-10-21 09:13:36,2022-10-21 09:13:36
arth2347135,nqwkd4638,fsb02106052,18.0,GBP,UPDATE,2022-10-21 09:13:36,2022-10-21 09:13:36
fhnz5892741,wmnty4237,kcr97766519,14.23,USD,UPDATE,2022-10-21 09:13:36,2022-10-21 09:13:36
rnsq3542080,tuiud0670,hzk80942558,9.61,USD,CREATE,2022-10-21 09:13:36,2022-10-21 09:13:36
khga7572127,mzvic8351,izp44350056,4.34,USD,UPDATE,2022-10-21 09:13:36,2022-10-21 09:13:36
velz5994929,gfkiu5957,rfi94235306,5.55,USD,CREATE,2022-10-21 09:13:36,2022-10-21 09:13:36
yrnn6032228,wxfzr1298,zdh95172688,4.32,USD,UPDATE,2022-10-21 09:13:36,2022-10-21 09:13:36
ovhi4928406,rjbuf9875,xln33942049,8.82,GBP,UPDATE,2022-10-21 09:13:36,2022-10-21 09:13:36
muue7094723,coszp6612,ucv69255152,19.26,GBP,UPDATE,2022-10-21 09:13:36,2022-10-21 09:13:36
nrwm5823048,ynnpv9320,kso45032329,19.55,USD,CREATE,2022-10-21 09:13:36,2022-10-21 09:13:36
uxpm9057711,jgrpk1667,and06299706,9.3,USD,UPDATE,2022-10-21 09:13:36,2022-10-21 09:13:36
zxtw9022745,ndrcu0420,iny66192068,11.68,USD,UPDATE,2022-10-21 09:13:36,2022-10-21 09:13:36
etds6566636,kahtw8036,gbs18429469,1.1,GBP,CREATE,2022-10-21 09:13:36,2022-10-21 09:13:36
psst3124576,mzacs1394,bqe80990943,10.4,USD,CREATE,2022-10-21 09:13:36,2022-10-21 09:13:36
znjf5638063,qxceh2378,ofh75380705,9.4,USD,CREATE,2022-10-21 09:13:36,2022-10-21 09:13:36
gaxq3817737,wmrlz8776,rit79251860,18.54,USD,CREATE,2022-10-21 09:13:36,2022-10-21 09:13:36
xnvm8373282,rlaab0196,xxf85229887,8.11,GBP,CREATE,2022-10-21 09:13:36,2022-10-21 09:13:36
kgfd4271778,nxfen7728,ioe00985587,14.49,USD,UPDATE,2022-10-21 09:13:36,2022-10-21 09:13:36
bdaa7670253,uraru4075,yuc90834090,17.55,USD,UPDATE,2022-10-21 09:13:36,2022-10-21 09:13:36
ntsq8133360,rmdza8649,jna60671774,18.94,USD,UPDATE,2022-10-21 09:13:36,2022-10-21 09:13:36
mcap0689811,inpft2538,kiz19818697,3.16,GBP,CREATE,2022-10-21 09:13:36,2022-10-21 09:13:36
ztsi1464076,jlzeh1651,akr67463235,10.72,GBP,UPDATE,2022-10-21 09:13:36,2022-10-21 09:13:36
xkim5296693,dqrmz0811,lni56943701,19.91,USD,UPDATE,2022-10-21 09:13:36,2022-10-21 09:13:36
bvuh4479872,kyvut1007,ezv28821345,7.93,GBP,UPDATE,2022-10-21 09:13:36,2022-10-21 09:13:36
bjtv0624304,fhdxm8244,sjr47745124,9.5,USD,CREATE,2022-10-21 09:13:36,2022-10-21 09:13:36
lznx1724255,ixcad6630,awu87734609,5.48,USD,CREATE,2022-10-21 09:13:36,2022-10-21 09:13:36
pwyq0834315,qnksa5730,wfe70437848,19.18,USD,CREATE,2022-10-21 09:13:36,2022-10-21 09:13:36
xcfg2857108,udrjn2500,cjj31942760,11.14,GBP,UPDATE,2022-10-21 09:13:36,2022-10-21 09:13:36
etib6553688,uzema1009,bbw90380027,4.13,USD,CREATE,2022-10-21 09:13:36,2022-10-21 09:13:36
pnjo1986051,oysnf9623,grv78303143,5.54,USD,CREATE,2022-10-21 09:13:36,2022-10-21 09:13:36
rvgv9561985,mtztt8613,qgn88333197,15.49,USD,UPDATE,2022-10-21 09:13:36,2022-10-21 09:13:36
jlja4264979,waeso3209,dth78970780,4.24,GBP,CREATE,2022-10-21 09:13:36,2022-10-21 09:13:36
jsof3634604,yscof8413,vdk11979950,10.26,USD,CREATE,2022-10-21 09:13:36,2022-10-21 09:13:36
tilu6348320,wyvbl0978,xet15623101,8.16,USD,UPDATE,2022-10-21 09:13:36,2022-10-21 09:13:36
pvyb7327402,tzybc6581,mpd79739736,13.12,USD,CREATE,2022-10-21 09:13:36,2022-10-21 09:13:36
sadh7391224,zwkfi2911,sue91140591,7.2,GBP,CREATE,2022-10-21 09:13:36,2022-10-21 09:13:36
fpdi5232206,tqqrt1177,xko51812938,4.26,GBP,CREATE,2022-10-21 09:13:36,2022-10-21 09:13:36
hxyv3809731,ilqsu3995,sds59268259,10.78,USD,CREATE,2022-10-21 09:13:36,2022-10-21 09:13:36
hqea0354418,kfwrh5865,yxc35786817,18.39,USD,CREATE,2022-10-21 09:13:36,2022-10-21 09:13:36
nhgl5846172,sfmfb9815,dah78445586,14.64,USD,UPDATE,2022-10-21 09:13:36,2022-10-21 09:13:36
bsdx1636783,urpaa6828,oah89277328,7.53,GBP,CREATE,2022-10-21 09:13:36,2022-10-21 09:13:36
beof9733237,fmgub9901,vdy04985994,2.87,USD,CREATE,2022-10-21 09:13:36,2022-10-21 09:13:36
khfi3428261,zlvki9246,bql81138152,19.8,GBP,UPDATE,2022-10-21 09:13:36,2022-10-21 09:13:36
uhki7374814,lvtrl4984,uik19477592,12.55,GBP,UPDATE,2022-10-21 09:13:36,2022-10-21 09:13:36
ibay7262907,oblcp1447,xmx72255374,8.14,USD,UPDATE,2022-10-21 09:13:36,2022-10-21 09:13:36
afel0283482,ljsno3738,msu20502202,13.11,GBP,UPDATE,2022-10-21 09:13:36,2022-10-21 09:13:36
scdd3329383,ivrwk7313,jpw82415585,8.61,USD,CREATE,2022-10-21 09:13:36,2022-10-21 09:13:36
anoe0773809,fwtaf6155,njs63858158,14.49,USD,CREATE,2022-10-21 09:13:36,2022-10-21 09:13:36
mjgd5459062,khjvw7267,irt89680262,4.37,USD,CREATE,2022-10-21 09:13:36,2022-10-21 09:13:36
brra0435882,cfoxz0329,ngs65852362,14.9,USD,UPDATE,2022-10-21 09:13:36,2022-10-21 09:13:36
ljhw7024944,sscbq0051,mgp85380003,2.85,USD,UPDATE,2022-10-21 09:13:36,2022-10-21 09:13:36
klcv1518829,twarn7254,mqa23031946,14.9,GBP,CREATE,2022-10-21 09:13:36,2022-10-21 09:13:36
fnzw4830741,yeqzx8582,qmy03873317,16.76,USD,CREATE,2022-10-21 09:13:36,2022-10-21 09:13:36
ndrn9252107,acogp7242,zwy92686731,1.04,GBP,CREATE,2022-10-21 09:13:36,2022-10-21 09:13:36
ppch8478591,irkjd8551,xuc57863985,8.59,USD,CREATE,2022-10-21 09:13:36,2022-10-21 09:13:36
ruqs8213916,dlhqh8318,reb94220698,16.85,GBP,CREATE,2022-10-21 09:13:36,2022-10-21 09:13:36
pjda6655547,bzgmn4051,qoi90541706,14.75,USD,CREATE,2022-10-21 09:13:36,2022-10-21 09:13:36
dffh5382201,zhzga0432,zae72976464,7.44,GBP,UPDATE,2022-10-21 09:13:36,2022-10-21 09:13:36
ybox2219208,qzmsw6885,zgh69941758,6.34,GBP,CREATE,2022-10-21 09:13:36,2022-10-21 09:13:36
lpmm6460540,aypdy2793,gmb90713710,4.89,GBP,CREATE,2022-10-21 09:13:36,2022-10-21 09:13:36
ltve2396152,zninw3421,lrq33572619,13.64,GBP,CREATE,2022-10-21 09:13:36,2022-10-21 09:13:36
akpw7064511,ltcgk8613,qah18223699,10.14,GBP,UPDATE,2022-10-21 09:13:36,2022-10-21 09:13:36
vywv6633840,dsdns2760,xrb50652776,5.43,GBP,UPDATE,2022-10-21 09:13:36,2022-10-21 09:13:36
umsv0935189,pgsra8362,oew19519769,1.15,GBP,UPDATE,2022-10-21 09:13:36,2022-10-21 09:13:36
srac3339634,msxkb7410,ule90519486,5.87,USD,CREATE,2022-10-21 09:13:36,2022-10-21 09:13:36
lixj7189636,fcuud4046,mme52668286,2.15,USD,UPDATE,2022-10-21 09:13:36,2022-10-21 09:13:36
erkk6369013,idwtv9451,dxj80723119,13.18,GBP,CREATE,2022-10-21 09:13:36,2022-10-21 09:13:36
ayjd4290537,aieoj8877,eic17282859,6.06,GBP,UPDATE,2022-10-21 09:13:36,2022-10-21 09:13:36
zdrr1945472,gvobm3158,lie23974183,12.79,USD,CREATE,2022-10-21 09:13:36,2022-10-21 09:13:36
eukb7872777,ubvbc4647,bis91054367,6.7,USD,CREATE,2022-10-21 09:13:36,2022-10-21 09:13:36
htoa8701166,dmksd6548,wvv54975471,18.07,USD,CREATE,2022-10-21 09:13:36,2022-10-21 09:13:36
lzfb9245598,fsbmq1060,tmm07126390,19.01,USD,UPDATE,2022-10-21 09:13:36,2022-10-21 09:13:36
yuis4971539,xwkcr9776,fdb08390946,6.6,USD,UPDATE,2022-10-21 09:13:36,2022-10-21 09:13:36
gqkv7291941,vfzmh3480,xwu65123665,7.02,GBP,CREATE,2022-10-21 09:13:36,2022-10-21 09:13:36
mked3535776,tejym0437,bzf92763658,9.2,GBP,CREATE,2022-10-21 09:13:36,2022-10-21 09:13:36
mnbt6361146,rxyqo4293,qql61728530,11.8,USD,CREATE,2022-10-21 09:13:36,2022-10-21 09:13:36
emmq7281018,mnovf4751,rgf00206050,3.69,USD,CREATE,2022-10-21 09:13:36,2022-10-21 09:13:36
lehf2655649,fmcjj2462,kbi15867537,3.43,GBP,CREATE,2022-10-21 09:13:36,2022-10-21 09:13:36
jqlz6208324,zpwkh6036,tfw70527120,11.15,USD,CREATE,2022-10-21 09:13:36,2022-10-21 09:13:36
xbsb7201634,xwqtf3058,xmw29633483,10.07,GBP,CREATE,2022-10-21 09:13:36,2022-10-21 09:13:36
xqzs5871241,yxwxr5267,nhi79495472,6.7,USD,CREATE,2022-10-21 09:13:36,2022-10-21 09:13:36
mkhm1700561,ubdri6231,rly28868429,14.17,USD,UPDATE,2022-10-21 09:13:36,2022-10-21 09:13:36
ppfx6269108,ugjny0681,zlj74612421,1.93,USD,CREATE,2022-10-21 09:13:36,2022-10-21 09:13:36
rnqv9233581,bspgu2946,sdp80401356,1.62,USD,UPDATE,2022-10-21 09:13:36,2022-10-21 09:13:36
zgfe4472416,wbqem0990,syu84787273,11.31,GBP,UPDATE,2022-10-21 09:13:36,2022-10-21 09:13:36
dzub7878326,tvpof9753,vpk36168498,13.8,USD,CREATE,2022-10-21 09:13:36,2022-10-21 09:13:36
rtsl5082550,djiij1857,bsg90478813,8.5,USD,CREATE,2022-10-21 09:13:36,2022-10-21 09:13:36
tioi4489326,qeply8617,wty26402998,3.1,GBP,CREATE,2022-10-21 09:13:36,2022-10-21 09:13:36
fxak9842164,ipclq9113,fps92170225,9.32,USD,UPDATE,2022-10-21 09:13:36,2022-10-21 09:13:36
sthh5203997,aeywp7914,dhd87968557,14.45,GBP,UPDATE,2022-10-21 09:13:36,2022-10-21 09:13:36
drex6490733,yfico0326,rru70811632,13.86,GBP,UPDATE,2022-10-21 09:13:36,2022-10-21 09:13:36
radh6554853,iohth5939,xdn23437668,7.88,GBP,UPDATE,2022-10-21 09:13:36,2022-10-21 09:13:36
ukxv4972383,sbpkq7178,ybr63510375,13.33,USD,CREATE,2022-10-21 09:13:36,2022-10-21 09:13:36
elbf3483012,ermdd8249,tzg97055718,16.73,USD,UPDATE,2022-10-21 09:13:36,2022-10-21 09:13:36
hboj8583226,wbgrv0199,cia28651054,7.77,GBP,CREATE,2022-10-21 09:13:36,2022-10-21 09:13:36
mveo3666166,vskua1345,dea06589029,12.22,GBP,UPDATE,2022-10-21 09:13:36,2022-10-21 09:13:36
cqkn1039183,sjrkz7451,ntz95302192,7.63,USD,CREATE,2022-10-21 09:13:36,2022-10-21 09:13:36
juaa9042043,pyawu8773,hdn31208263,9.31,GBP,UPDATE,2022-10-21 09:13:36,2022-10-21 09:13:36
cbue3374569,hkevw3070,ytq34605742,6.74,GBP,UPDATE,2022-10-21 09:13:36,2022-10-21 09:13:36
btvn3069909,nbeie5219,jnh88373262,9.35,GBP,UPDATE,2022-10-21 09:13:36,2022-10-21 09:13:36
ntxm9233481,eqmxa2095,dye05865902,18.51,GBP,CREATE,2022-10-21 09:13:36,2022-10-21 09:13:36
jtnn7502088,zfgej4678,xdc21014353,6.35,GBP,UPDATE,2022-10-21 09:13:36,2022-10-21 09:13:36
almd0725904,gzaru1193,zxh70874192,2.9,USD,UPDATE,2022-10-21 09:13:36,2022-10-21 09:13:36
tlwr7204340,dqwlx9637,ouj21836367,5.08,USD,CREATE,2022-10-21 09:13:36,2022-10-21 09:13:36
hjvu8289656,guqas6057,ihn17052706,14.65,GBP,UPDATE,2022-10-21 09:13:36,2022-10-21 09:13:36
qnto0929977,jhjcs0107,rol30440393,17.83,GBP,UPDATE,2022-10-21 09:13:36,2022-10-21 09:13:36
yuqs4525946,kalbi1683,rfk83194442,0.71,USD,CREATE,2022-10-21 09:13:36,2022-10-21 09:13:36
yxpe6150995,jxbnz7360,emt77206339,1.02,GBP,UPDATE,2022-10-21 09:13:36,2022-10-21 09:13:36
qgwc1837648,uellf4059,rov31245835,16.91,GBP,CREATE,2022-10-21 09:13:36,2022-10-21 09:13:36
wqxm8197991,vxkox1812,eui62981557,10.22,GBP,UPDATE,2022-10-21 09:13:36,2022-10-21 09:13:36
fwgn2200718,zkasd6592,cnw31299273,5.2,GBP,CREATE,2022-10-21 09:13:36,2022-10-21 09:13:36
ehwl1033331,gaxvt6983,jjc37422000,15.91,GBP,CREATE,2022-10-21 09:13:36,2022-10-21 09:13:36
ydel1218755,uezeu8430,rgz46215990,10.88,USD,UPDATE,2022-10-21 09:13:36,2022-10-21 09:13:36
vhvd7719952,xbzvh3955,gma02522693,3.88,USD,CREATE,2022-10-21 09:13:36,2022-10-21 09:13:36
fddh5087933,hobkx6994,bke64239715,17.92,USD,UPDATE,2022-10-21 09:13:36,2022-10-21 09:13:36
tsqe4793933,kwvqy1428,wll18959415,3.64,USD,UPDATE,2022-10-21 09:13:36,2022-10-21 09:13:36
bzpd0887102,mpmvr1166,fik75116190,3.07,USD,CREATE,2022-10-21 09:13:36,2022-10-21 09:13:36
xbjh0159125,jjmdk4369,yhw90410251,5.18,USD,CREATE,2022-10-21 09:13:36,2022-10-21 09:13:36
wnge0010575,rthzc9895,oqn29525309,12.68,USD,UPDATE,2022-10-21 09:13:36,2022-10-21 09:13:36
zyxv3491783,kdqua0224,uxh41952682,4.62,USD,UPDATE,2022-10-21 09:13:36,2022-10-21 09:13:36
brpp5158219,wimsz5585,cri69579311,4.49,GBP,CREATE,2022-10-21 09:13:36,2022-10-21 09:13:36
bpce8083616,njscn8581,lis19446670,3.07,GBP,CREATE,2022-10-21 09:13:36,2022-10-21 09:13:36
qklx1972880,ssirt8968,gzy82938059,19.87,GBP,CREATE,2022-10-21 09:13:36,2022-10-21 09:13:36
gbsi0965428,vmdwn0065,wbq16597193,15.83,GBP,UPDATE,2022-10-21 09:13:36,2022-10-21 09:13:36
xxci4281491,oczep2669,gfe07602668,10.55,USD,CREATE,2022-10-21 09:13:36,2022-10-21 09:13:36
kcct8860790,lejku5104,jzc20504330,1.51,USD,UPDATE,2022-10-21 09:13:36,2022-10-21 09:13:36
vvyv0630788,avknl1757,plc61360226,12.55,GBP,CREATE,2022-10-21 09:13:36,2022-10-21 09:13:36
xixr5028517,xgwkk2524,mmg93798004,9.23,USD,CREATE,2022-10-21 09:13:36,2022-10-21 09:13:36
qmas7516287,kmpxq2521,uka74461925,17.11,USD,CREATE,2022-10-21 09:13:36,2022-10-21 09:13:36
txht5429157,kxvjx1152,ktc55377475,2.28,GBP,UPDATE,2022-10-21 09:13:36,2022-10-21 09:13:36
shwo2573588,wopev6643,wfu78448881,16.16,GBP,CREATE,2022-10-21 09:13:36,2022-10-21 09:13:36
usjf4099375,tyrhk6617,lnk27024411,4.18,USD,CREATE,2022-10-21 09:13:36,2022-10-21 09:13:36
atcv3566500,fqzrq4649,axo90088099,3.6,GBP,UPDATE,2022-10-21 09:13:36,2022-10-21 09:13:36
qhgl4831078,ghwfr4175,rdv87945341,1.16,USD,CREATE,2022-10-21 09:13:36,2022-10-21 09:13:36
awof4972543,ggmbr0713,ggf28530235,6.97,USD,UPDATE,2022-10-21 09:13:36,2022-10-21 09:13:36
tshd1421992,nmklr8335,pzo61643160,11.32,USD,UPDATE,2022-10-21 09:13:36,2022-10-21 09:13:36
pffl8478902,dzfgz4891,zjd65879390,9.43,GBP,CREATE,2022-10-21 09:13:36,2022-10-21 09:13:36
wqmq7189088,ikrbr5279,nnl71583058,11.3,USD,UPDATE,2022-10-21 09:13:36,2022-10-21 09:13:36
jaji1019890,zcrox4116,cbv40210623,6.83,GBP,CREATE,2022-10-21 09:13:36,2022-10-21 09:13:36
uxrz2979997,oeesd2187,kwm28443726,8.08,USD,UPDATE,2022-10-21 09:13:36,2022-10-21 09:13:36
rlkg6767618,nqdqr1806,gny18751198,16.51,USD,UPDATE,2022-10-21 09:13:36,2022-10-21 09:13:36
nhzu7124978,orrxu3837,qws53882165,9.61,GBP,UPDATE,2022-10-21 09:13:36,2022-10-21 09:13:36
tqkd8278148,lfntm8226,zej36174451,12.81,GBP,CREATE,2022-10-21 09:13:36,2022-10-21 09:13:36
myjx8811514,iyild6835,ame37119099,6.35,USD,CREATE,2022-10-21 09:13:36,2022-10-21 09:13:36
jazc9007948,dfbax8301,rbu68613643,3.99,USD,UPDATE,2022-10-21 09:13:36,2022-10-21 09:13:36
ptjy4802653,sllgh4367,uuk02826606,11.53,GBP,CREATE,2022-10-21 09:13:36,2022-10-21 09:13:36
fzsn0520790,wvvfe9754,bqj03645050,9.0,USD,CREATE,2022-10-21 09:13:36,2022-10-21 09:13:36
wtxi9483297,kftmm0712,tir16022360,9.16,GBP,CREATE,2022-10-21 09:13:36,2022-10-21 09:13:36
diee3139193,vxlnf3908,snn73758037,9.13,GBP,CREATE,2022-10-21 09:13:36,2022-10-21 09:13:36
mons1015883,nuqyj6764,lvg82526614,18.52,GBP,UPDATE,2022-10-21 09:13:36,2022-10-21 09:13:36
swvw4102046,dggzq0405,psa16265323,4.78,USD,UPDATE,2022-10-21 09:13:36,2022-10-21 09:13:36
aufe5125975,qbjwn3410,opf58309954,17.89,GBP,UPDATE,2022-10-21 09:13:36,2022-10-21 09:13:36
rgog8222826,endvy4920,bvd52853727,6.38,GBP,CREATE,2022-10-21 09:13:36,2022-10-21 09:13:36
ikrg5179768,toueb9474,ozt45778827,10.78,GBP,UPDATE,2022-10-21 09:13:36,2022-10-21 09:13:36
tuib2595406,rrumv9933,vpd83574706,3.81,GBP,UPDATE,2022-10-21 09:13:36,2022-10-21 09:13:36
huog1056410,dvkoj6130,zza56166708,5.33,GBP,UPDATE,2022-10-21 09:13:36,2022-10-21 09:13:36
dasv3143922,yptqo3089,imd74531801,3.93,GBP,CREATE,2022-10-21 09:13:36,2022-10-21 09:13:36
evfb9534211,htkxp4722,vrd98680182,7.78,USD,UPDATE,2022-10-21 09:13:36,2022-10-21 09:13:36
wccx8415526,lyssm6842,otk41336451,19.31,GBP,CREATE,2022-10-21 09:13:36,2022-10-21 09:13:36
itah9597586,fzljb4612,ylr33885680,11.72,GBP,UPDATE,2022-10-21 09:13:36,2022-10-21 09:13:36
qmah5592048,gfpsd5804,mpi28052844,0.48,GBP,UPDATE,2022-10-21 09:13:36,2022-10-21 09:13:36
mbnh1074874,bjejr8488,gta32720597,0.39,GBP,CREATE,2022-10-21 09:13:36,2022-10-21 09:13:36
guau7838698,fijtb7691,eae69421442,17.64,GBP,UPDATE,2022-10-21 09:13:36,2022-10-21 09:13:36
adus5178012,zpbhe2340,zzd02626634,2.99,USD,UPDATE,2022-10-21 09:13:36,2022-10-21 09:13:36
hcnm5064903,igssq2212,eki49647699,0.56,USD,UPDATE,2022-10-21 09:13:36,2022-10-21 09:13:36
siwn1827457,plezz5971,hsj82258326,16.61,GBP,CREATE,2022-10-21 09:13:36,2022-10-21 09:13:36
ibvb6394806,hyebt4420,tce32677469,12.39,USD,UPDATE,2022-10-21 09:13:36,2022-10-21 09:13:36
qplg5079318,bdrza1029,uve95110402,7.04,USD,UPDATE,2022-10-21 09:13:36,2022-10-21 09:13:36
xtjf9860823,hjeba9467,che32118388,19.94,USD,UPDATE,2022-10-21 09:13:36,2022-10-21 09:13:36
qbyc7902154,dyrjc6879,ilq59951785,8.13,GBP,UPDATE,2022-10-21 09:13:36,2022-10-21 09:13:36
qwyc1894827,raflt0375,yql41084165,8.45,GBP,UPDATE,2022-10-21 09:13:36,2022-10-21 09:13:36
ixwf9005180,tzglt0557,spc03690807,3.59,GBP,CREATE,2022-10-21 09:13:36,2022-10-21 09:13:36
bdyy4770443,vlcia2865,hih26436644,16.93,GBP,CREATE,2022-10-21 09:13:36,2022-10-21 09:13:36
ahta9074314,jzkld8206,enh81533591,11.21,GBP,UPDATE,2022-10-21 09:13:36,2022-10-21 09:13:36
vxow4017901,ermel4335,ffo30108210,15.4,GBP,CREATE,2022-10-21 09:13:36,2022-10-21 09:13:36
zmka1833361,rhgxg2885,ndz54626007,6.35,GBP,UPDATE,2022-10-21 09:13:36,2022-10-21 09:13:36
kamb0496474,qwjds1913,kcl24545253,5.27,USD,CREATE,2022-10-21 09:13:36,2022-10-21 09:13:36
qvgx3400239,ncnoa3056,woh89600521,2.39,USD,UPDATE,2022-10-21 09:13:36,2022-10-21 09:13:36
qvvs9484236,rkqqe3042,teo46473458,16.1,USD,CREATE,2022-10-21 09:13:36,2022-10-21 09:13:36
iiih8015762,wgkgc9949,wky29843039,17.33,USD,UPDATE,2022-10-21 09:13:36,2022-10-21 09:13:36
rqwa6413501,ulphb7908,pen80125149,15.49,GBP,CREATE,2022-10-21 09:13:36,2022-10-21 09:13:36
bdry4457181,ofyxt2736,lgw33331934,17.17,USD,UPDATE,2022-10-21 09:13:36,2022-10-21 09:13:36
bpfo0249958,qvsxq3670,lsn61823564,6.51,GBP,CREATE,2022-10-21 09:13:36,2022-10-21 09:13:36
eluv1789470,hnrhk5270,nir26949371,16.1,USD,UPDATE,2022-10-21 09:13:36,2022-10-21 09:13:36
ysid8806255,jrolp0440,mnw78323856,0.14,USD,UPDATE,2022-10-21 09:13:36,2022-10-21 09:13:36
lpzo3394465,dqdrf2831,cwc56496337,16.35,GBP,UPDATE,2022-10-21 09:13:36,2022-10-21 09:13:36
qieq7283941,exwdf4497,vks22392071,2.58,USD,CREATE,2022-10-21 09:13:36,2022-10-21 09:13:36
cipx1131153,blfgl4272,xsv36026938,12.2,GBP,UPDATE,2022-10-21 09:13:36,2022-10-21 09:13:36
kgpn8864858,baytk8764,xpt97280119,5.76,USD,CREATE,2022-10-21 09:13:36,2022-10-21 09:13:36
rnac0870485,nvnhh8090,koq92808017,6.42,USD,CREATE,2022-10-21 09:13:36,2022-10-21 09:13:36
ucmi4477818,guatm7273,yhd41230205,14.19,USD,UPDATE,2022-10-21 09:13:36,2022-10-21 09:13:36
uybw7003297,wrstu9910,mii91017162,17.17,USD,UPDATE,2022-10-21 09:13:36,2022-10-21 09:13:36
njeu6035661,vjqic2091,gvt56624114,13.69,USD,UPDATE,2022-10-21 09:13:36,2022-10-21 09:13:36
quyx6252066,sksrz1953,wea46580412,2.43,GBP,CREATE,2022-10-21 09:13:36,2022-10-21 09:13:36
jziz3967236,uqrft1506,rdf76104510,15.14,USD,CREATE,2022-10-21 09:13:36,2022-10-21 09:13:36
djwu4414416,ltidr9415,pzf06067586,7.18,USD,CREATE,2022-10-21 09:13:36,2022-10-21 09:13:36
