CollateralID,Collateral_TypeRecordID,PropertyTypeID,CollateralStatusID,Tenure_TypeID,Collateral_Zip_Code,PropertyUseTypeID,Region,ChangeType,CreatedDate,LastModifiedDate
xyh97864279,xyhh7864279636,2,1,1,WO2R 8AL,3,UK,CREATE,2012-06-20 03:03:45,2012-03-17 04:09:39
uqo39330808,swqe8303708064,1,2,2,YC5B 6NL,1,UK,UPDATE,2012-02-25 11:12:14,2016-06-02 05:16:53
jsw36161049,bhvp0808978931,2,3,2,TH25 0JS,3,UK,CREATE,2010-03-07 05:06:20,2014-12-29 02:10:24
yes44790638,pmwc6117120361,1,3,1,JX2M 6AF,4,UK,UPDATE,2010-12-16 11:52:32,2013-09-02 12:58:43
jgb24865261,ahci9862837167,3,1,3,H3C 2LN,3,UK,UPDATE,2014-10-22 06:33:31,2016-02-07 09:55:23
jfz77335332,ikzb0426447906,3,1,3,AN5M 8LX,4,UK,CREATE,2012-01-01 10:08:20,2017-05-11 05:29:10
umo05311479,touo0881157944,3,2,3,CK9P 7JZ,1,UK,UPDATE,2011-02-13 09:58:40,2013-12-05 11:26:54
svk57681306,gpjg7248652614,3,3,1,BR1Y 0WJ,3,UK,UPDATE,2011-02-12 03:17:59,2015-01-06 07:42:11
pda29053017,ovds5798709203,2,2,2,T74 7TU,1,UK,CREATE,2015-01-13 07:12:47,2016-12-12 02:44:32
lsl04482576,fzlz3353325446,1,3,1,N2T 6LN,2,UK,CREATE,2011-11-28 02:19:13,2012-09-03 06:07:03
nlt43010836,jdkk1900700420,2,1,3,TA36 2JJ,1,UK,CREATE,2011-05-04 09:30:17,2012-10-23 04:21:56
fiy66625223,fnxt4799851178,2,2,1,RG2N 8BY,2,UK,UPDATE,2011-05-27 07:44:03,2014-02-14 06:20:50
wqq17585158,rgdw1300165768,1,2,1,YY7R 1SJ,1,UK,UPDATE,2012-05-25 08:03:17,2017-03-21 02:42:08
bgz79130353,hfuq5710905302,1,2,1,Z7P 2AN,5,UK,CREATE,2011-11-05 09:56:03,2013-03-19 12:34:03
xcq64619451,mlkv1742905301,2,3,2,MO4 0HX,6,UK,CREATE,2012-11-28 08:21:59,2013-08-19 04:45:20
jot33482509,xwte1853039591,3,2,3,WF6N 2NN,3,UK,UPDATE,2013-12-09 02:15:53,2016-07-11 01:25:12
kdu07860522,glsl0448257682,1,3,3,PP8N 5YJ,5,UK,UPDATE,2012-07-30 11:40:44,2012-09-10 05:51:56
xvu48403465,ucnz4111690477,3,1,3,TE2A 1LR,3,UK,CREATE,2011-01-31 01:27:34,2014-03-27 01:21:20
sym92132912,tyrg1083684388,3,2,1,UF0R 3WZ,2,UK,UPDATE,2012-07-16 12:53:34,2014-12-18 06:02:51
kwv92780943,drxl4939690266,1,2,1,Z93 1JU,1,UK,CREATE,2013-08-03 08:23:07,2012-09-28 07:00:53
mgc26357538,gqbe2392591312,2,2,1,ZD4P 1JL,3,UK,CREATE,2010-07-23 11:51:08,2012-04-07 11:30:05
ldd88238028,dngu1206017585,2,3,3,WT4A 1LN,5,UK,CREATE,2011-08-17 07:57:27,2014-11-01 11:50:33
wul26415963,jhqg5062512080,2,1,2,R2P 4LN,3,UK,CREATE,2013-06-15 12:48:12,2012-03-25 04:44:41
ena68278476,wndb6579130353,1,2,2,WB17 0ZN,4,UK,CREATE,2014-01-11 12:53:03,2016-09-10 06:10:32
jgg21633373,maga3513883182,2,3,1,RH8 4JP,1,UK,UPDATE,2012-09-21 12:26:19,2016-08-04 12:07:55
vbt86482977,xcqs4619451395,3,1,3,HH3P 0SJ,5,UK,CREATE,2014-08-07 10:34:03,2015-12-28 01:39:15
rwa59876868,yapw6542216783,2,2,1,NS1M 5WY,4,UK,UPDATE,2012-06-19 06:20:24,2014-10-30 07:53:30
mqn33062244,tjwo2509178776,3,1,3,NF7E 6BW,6,UK,CREATE,2013-09-08 09:44:18,2016-04-09 11:29:55
foj42617544,nffn0873852078,2,3,3,UT8H 1NJ,3,UK,UPDATE,2010-04-05 09:05:32,2016-05-07 01:55:41
vne09447779,uoxs2001204961,2,2,1,WV2E 4JL,5,UK,UPDATE,2012-09-17 09:10:40,2013-07-05 11:13:54
sdn54950955,ueuc0994484034,1,2,3,J6 5BG,1,UK,CREATE,2012-07-05 09:58:29,2015-01-05 03:30:07
ekg91044811,ynxf7229507526,2,3,1,WY2R 7TZ,4,UK,CREATE,2011-04-10 05:53:05,2016-05-13 08:36:13
lsq94678232,aisy0921329127,2,1,3,P6K 5AX,2,UK,UPDATE,2011-09-02 10:13:51,2014-05-05 10:22:26
rmv70241818,gcpx1378449774,1,1,3,Y8 2LA,3,UK,CREATE,2010-10-29 08:49:29,2016-11-25 12:56:35
upl28910842,wvbq7809431377,2,3,2,R2T 7PU,3,UK,CREATE,2013-03-31 06:51:44,2014-04-27 12:14:46
vlc43291072,sudo0011726002,1,1,3,W36 0BG,6,UK,CREATE,2014-06-01 04:58:47,2012-05-29 02:43:04
xfh69125566,efrt5388899168,1,3,3,HH0R 0JB,2,UK,CREATE,2014-01-24 05:42:40,2016-10-14 04:17:57
cfa94514445,wkgy6267558823,1,2,2,FF97 3GG,4,UK,UPDATE,2010-10-12 10:53:43,2012-09-16 09:57:09
swm37113317,wmou1749920591,2,3,1,WM0V 6NL,1,UK,UPDATE,2013-04-25 06:05:15,2013-11-20 07:44:23
hvz31055406,rgsj2412641596,1,2,1,UA97 9PL,3,UK,CREATE,2013-06-22 06:59:44,2012-07-22 08:27:43
zrs24073991,jztq8263884517,3,3,3,W4K 8BY,4,UK,UPDATE,2012-08-13 10:02:07,2014-08-13 02:59:09
voe22015396,pena6827847654,3,3,3,U77 0NN,2,UK,UPDATE,2010-05-22 02:28:42,2017-04-24 08:27:13
bcj20087076,dbtf7765311990,3,2,1,W2E 4LB,6,UK,UPDATE,2014-05-02 06:19:43,2015-03-27 07:35:39
ftn10584853,gwvy3337375033,2,3,2,YW0N 3SN,2,UK,UPDATE,2013-03-31 09:51:39,2013-07-15 03:05:36
cfn06101222,oafp9636031186,3,2,2,W6K 7NN,3,UK,UPDATE,2013-02-09 07:39:57,2014-09-17 10:43:59
ibs93492505,kwyh7782752203,2,3,3,WD2M 2LJ,1,UK,UPDATE,2011-03-31 03:11:07,2012-10-28 09:40:29
wrx31023566,jntv5396659876,3,2,1,C1U 3QD,4,UK,CREATE,2012-08-10 02:20:29,2016-02-20 03:50:17
dcj37147511,mgsb5771183493,2,2,2,UC33 0UL,6,UK,CREATE,2012-03-31 06:25:32,2016-02-10 07:02:31
mtr69215642,wkam8133062244,2,3,3,AC8 9LJ,1,UK,UPDATE,2011-12-19 01:04:19,2013-11-13 08:36:38
bdu93660675,dpry1011215078,1,2,2,YK0H 6LY,2,UK,CREATE,2013-02-01 04:15:44,2016-12-20 02:41:14
egr24061580,foje2617544298,1,3,2,Y92 0JJ,3,UK,UPDATE,2013-04-07 09:09:30,2012-05-17 02:00:59
mfz10828416,yuyw5700779510,2,2,2,W8 3UG,1,UK,CREATE,2013-12-23 02:55:30,2012-08-21 05:00:51
tus32721602,cfwu7779769058,1,3,1,U59 2TW,4,UK,UPDATE,2012-09-25 11:04:20,2014-04-28 08:55:23
srj20722181,axcm2874279549,2,2,3,MP66 8NG,5,UK,CREATE,2010-02-05 03:38:06,2014-07-16 03:56:40
iyt30844111,vmfv5489389093,2,1,1,LX7H 6QJ,6,UK,CREATE,2015-03-04 08:12:36,2014-11-07 10:54:13
egn49670684,pmlw0262910448,2,1,2,WD7P 7EB,6,UK,UPDATE,2010-11-29 11:46:08,2016-01-04 07:30:45
ekk74351630,nxnm3357316384,2,1,1,NW8 9XJ,3,UK,CREATE,2013-07-03 07:53:12,2016-02-14 03:27:39
bbv84492930,ills8946782320,3,1,2,RO7R 0AL,3,UK,UPDATE,2011-08-06 08:31:45,2016-07-01 10:17:00
lsk74883499,wrbo1087561329,3,2,2,U9P 8LA,1,UK,CREATE,2013-10-25 08:56:14,2015-12-14 05:32:27
atc02850970,mvdi2418186804,1,2,2,MH5E 3WB,6,UK,CREATE,2015-05-04 11:38:23,2014-10-19 10:34:51
aae50664553,hoal5224720932,1,3,1,EM5H 4ZL,6,UK,CREATE,2010-10-05 07:32:13,2015-03-15 03:06:43
dsf10635854,grfg8426047911,3,1,1,WW9E 1BN,1,UK,UPDATE,2013-01-31 05:43:38,2016-09-18 02:53:15
gag35017534,kfaj4619124329,3,1,3,Z0W 5RJ,4,UK,UPDATE,2012-02-03 03:51:18,2017-04-14 09:58:16
xhj92382186,dmxg9698000559,3,3,2,YY6N 2FL,1,UK,UPDATE,2015-01-27 04:31:48,2016-12-06 01:20:15
vaz37606272,dyqk1396912556,2,1,3,ZA74 2AN,6,UK,CREATE,2013-02-24 05:10:52,2015-11-13 05:31:15
pdo35012986,kwtf5749771763,3,1,2,WQ7M 0BJ,1,UK,CREATE,2013-04-02 07:53:14,2013-01-07 04:59:39
wux42997454,qcfa9451444596,3,1,1,WK7A 4LS,3,UK,UPDATE,2012-12-22 03:49:29,2013-01-27 02:01:38
jik04849393,mylg9989018248,1,3,2,UL0 6BJ,3,UK,CREATE,2013-05-28 08:04:04,2012-12-28 09:43:25
xhj44694016,mpzl1331737546,3,3,3,ZM2A 4JA,2,UK,UPDATE,2015-04-01 01:12:07,2012-11-24 10:30:49
dkb38306807,chhg8344737331,3,3,3,SA17 4NB,5,UK,UPDATE,2014-12-14 07:19:54,2016-06-23 02:57:48
prj07430669,qxla0639892171,1,3,3,UQ1B 1PS,5,UK,CREATE,2013-12-30 07:24:15,2012-12-11 01:51:08
ywc24086455,zndx7995024073,2,2,1,YP9M 5DJ,1,UK,UPDATE,2011-07-12 02:33:34,2012-05-12 09:35:31
zob94186747,vdnf3150718413,3,2,2,IH3H 8QF,2,UK,UPDATE,2014-11-12 11:01:42,2015-05-19 11:42:58
ppx92111236,swvv0822015396,2,2,1,R1H 7AT,2,UK,CREATE,2014-12-18 06:25:29,2015-08-02 12:45:59
hlp37500314,bneq2292570121,1,2,1,YH6A 0LL,3,UK,UPDATE,2013-06-02 12:42:38,2015-02-26 04:05:19
ovw26016567,bcji0087076188,2,3,2,JV1M 4EJ,2,UK,CREATE,2014-06-30 04:46:24,2016-04-09 05:07:10
rpb49019021,voyg6930466173,2,2,1,W56 9NW,5,UK,UPDATE,2013-01-05 01:25:20,2012-02-26 05:25:53
vds67989279,tmng4853730164,2,1,3,YM4H 3QB,6,UK,UPDATE,2014-04-24 12:28:46,2015-12-08 11:27:05
ggm17896641,pcaj1297097061,2,1,3,HN4E 6NN,2,UK,CREATE,2010-07-08 02:33:24,2014-12-26 09:57:40
fqo28545952,oxom2991739003,2,3,3,GH24 1FQ,3,UK,CREATE,2012-09-12 04:02:32,2013-08-21 02:01:40
afx05571844,gazg8674934925,1,3,1,WH3B 8LL,6,UK,CREATE,2010-01-28 06:53:04,2015-06-22 08:06:21
tay60094013,uhab8125738360,1,2,1,ZE5B 2JY,3,UK,UPDATE,2011-04-18 12:38:55,2012-09-04 11:19:07
wtj60256681,skwr5310235662,2,1,3,JF38 1JW,6,UK,UPDATE,2014-02-05 12:45:15,2012-07-07 01:11:35
ohx98570057,vdpi7988334605,1,2,1,TL4H 3LL,5,UK,UPDATE,2012-11-14 01:49:26,2013-12-24 04:17:54
gjl87810906,cjjh1475117405,1,3,2,Z6P 6DT,2,UK,CREATE,2012-02-14 02:50:30,2016-04-28 09:59:02
kaf88649438,flkb8636962116,3,1,2,HB0R 9RN,2,UK,CREATE,2012-01-05 03:58:08,2015-04-02 03:40:01
rnn83800193,lgld6427758135,2,1,2,WK87 2RJ,1,UK,CREATE,2014-02-15 02:21:42,2015-05-07 03:09:22
wge99599965,gnlw8555509366,1,3,3,BH3R 3LN,1,UK,UPDATE,2014-10-07 08:13:56,2016-02-04 10:10:05
nbe93767617,kojp8668760359,2,3,2,W9K 3YN,2,UK,CREATE,2013-09-19 12:36:58,2013-12-30 07:48:32
rrp66225981,symx6092406158,2,1,2,Y8J 7JZ,4,UK,CREATE,2014-12-23 02:32:40,2012-12-18 06:17:32
sgt27434545,cfhh7322875701,1,3,2,JM3Y 3JJ,2,UK,UPDATE,2014-05-07 11:13:37,2016-04-29 09:52:42
gou07904524,mmfz1082841602,2,3,2,C0B 6JU,5,UK,CREATE,2014-07-27 04:08:58,2013-10-18 07:03:49
cwe12113620,xdah9837995436,2,1,1,UE6A 4JL,3,UK,UPDATE,2012-03-18 02:06:39,2014-11-21 09:49:26
ums34938555,spax2160230314,3,2,3,AT5P 5BN,4,UK,UPDATE,2010-09-05 05:30:24,2017-03-13 03:34:46
vcs49175862,yazx4676141720,3,1,2,W9J 5NF,2,UK,CREATE,2014-09-04 04:43:06,2014-07-13 05:54:32
mea80250337,fswn8135741881,3,3,1,WS38 1JN,2,UK,UPDATE,2012-03-24 01:29:10,2014-07-06 12:13:08
srw05915267,jdgi0020130844,3,1,1,R6W 1QQ,5,UK,UPDATE,2010-07-17 11:06:33,2014-01-14 09:01:10
nte18629145,bhtq8125910509,1,2,2,Z1P 7JN,2,UK,CREATE,2010-04-19 04:36:28,2016-07-19 02:59:04
lwn47404946,shqe8749670684,3,3,3,FS5R 0PN,1,UK,UPDATE,2010-04-17 06:56:57,2015-12-01 12:02:32
sqm14432483,ebmf6800545500,1,1,1,W8S 5DZ,6,UK,UPDATE,2010-01-16 07:56:16,2013-10-26 07:14:55
swo58819974,ekkt4351630617,3,3,1,E8P 7JB,5,UK,CREATE,2013-09-12 10:28:45,2017-02-12 08:00:21
xpt86498737,nley9865955351,1,3,1,MK10 0XN,5,UK,CREATE,2014-11-12 08:49:43,2013-06-27 07:57:17
sbr21167337,ygmj2930023654,1,2,3,YE9B 5LH,2,UK,UPDATE,2011-05-23 09:55:29,2016-04-21 08:38:14
ojd19477684,uaxy6478188748,2,1,3,RY1 5LD,1,UK,CREATE,2013-12-06 08:23:05,2012-03-23 04:47:42
aoy65133082,gvkx9771524934,1,2,3,ZQ6 1GL,5,UK,UPDATE,2014-06-11 04:45:21,2015-02-07 11:50:45
fjw46290553,rvit8216028509,2,2,1,SC0N 2ZJ,1,UK,CREATE,2011-01-13 03:14:07,2014-01-27 02:40:39
qml43888883,jaju7131662218,3,3,1,RG3R 0LL,1,UK,CREATE,2011-01-20 04:49:13,2013-09-18 05:30:26
gum02663797,uaaa0506645534,3,3,3,YB3R 8LA,5,UK,UPDATE,2013-01-23 06:41:18,2015-06-28 10:42:46
qbr26116071,lclo5392621799,3,3,1,YD7H 2JU,5,UK,UPDATE,2010-02-24 10:14:04,2013-01-14 09:41:10
fqp11684036,sfju6358544434,1,2,3,WW2E 9FE,6,UK,UPDATE,2013-02-28 05:57:35,2013-06-03 06:15:19
fjj33952392,baac5590680863,3,1,3,WA8M 3HN,5,UK,UPDATE,2011-11-08 04:17:50,2012-09-05 10:46:04
vxf94331021,lqjt5343919088,2,1,2,Z9U 8JN,5,UK,UPDATE,2014-04-19 07:10:09,2015-02-10 08:08:06
meh55848073,goxx5383199238,2,3,1,W5P 0RN,1,UK,CREATE,2013-01-11 10:27:25,2014-07-25 11:59:26
vex26536615,elwy6396000835,3,3,2,TF2X 8YR,6,UK,CREATE,2011-11-03 11:30:03,2014-03-12 09:46:40
fii07798682,bjuj3073760627,3,2,3,LX8 5BJ,5,UK,CREATE,2014-05-08 08:58:42,2014-01-06 08:49:49
bpa29408878,wjzi8668656719,3,1,3,ZY6V 3LL,4,UK,CREATE,2013-06-27 02:41:05,2016-03-03 10:01:20
uyu02437085,epdo3501298668,3,1,3,YE1 7NN,3,UK,CREATE,2011-07-02 06:19:15,2014-10-07 08:30:44
beo54363487,pwvu8171149888,3,2,1,UB4E 8ZL,5,UK,UPDATE,2012-02-04 01:55:10,2014-08-19 08:46:22
htv05895053,xkyz9745462977,1,2,2,WH51 5AA,4,UK,UPDATE,2014-01-11 03:06:13,2015-09-29 06:23:17
pgv03625063,qtcd1005234004,1,1,2,ZN1M 2JN,6,UK,UPDATE,2014-02-05 10:28:41,2012-11-12 05:41:50
lob89909666,gezd9355898475,2,1,1,IS7H 4EH,4,UK,UPDATE,2012-09-16 05:43:11,2015-12-05 05:06:26
wpz09051155,dleq2937344694,3,3,1,UD0V 8LL,1,UK,CREATE,2010-06-26 11:34:43,2015-11-26 05:54:02
dhm53884863,khqs6799415477,1,3,1,GW5P 8LD,6,UK,UPDATE,2014-05-08 05:34:03,2012-03-05 02:07:59
gwi22613419,qytd6538306807,1,2,2,D4P 4UA,2,UK,CREATE,2015-04-07 02:56:49,2013-03-20 12:22:02
beu67275812,orfw4385809849,3,3,1,F8U 9AL,6,UK,CREATE,2014-05-07 11:19:35,2013-06-18 10:29:26
ltr89819359,prji7430669999,2,3,1,SD60 7ZA,4,UK,CREATE,2014-10-18 10:12:58,2013-01-05 01:56:45
ulv06569148,quas1156576666,2,1,1,WX0H 1QL,3,UK,CREATE,2014-08-13 07:01:33,2016-09-29 06:29:57
ays40612950,caqo6455071703,2,3,2,R0W 4XB,6,UK,CREATE,2014-12-12 05:42:32,2014-08-05 12:01:58
yss26358556,tnhl4281707941,2,3,1,RH0W 2NA,5,UK,UPDATE,2013-01-03 05:15:47,2013-06-20 02:25:46
sza94788291,oaha7087773560,1,3,1,CA3B 1JJ,4,UK,CREATE,2013-01-11 02:21:24,2014-05-30 05:52:04
kih00598757,kjlx3193921112,1,2,2,WW61 6NL,1,UK,UPDATE,2013-02-26 11:39:04,2014-11-19 01:42:56
ypv68556920,lyos0820522679,3,2,1,BH9H 0ZB,5,UK,UPDATE,2010-09-04 12:59:56,2013-09-19 07:43:04
puw07971817,djhl1375003146,1,2,3,R4T 2NL,4,UK,UPDATE,2010-10-12 05:43:29,2014-01-25 05:16:39
whx53585649,qhwq9297161128,1,3,1,YA0E 5LN,5,UK,CREATE,2011-08-14 08:51:59,2014-04-07 06:48:22
wab43548273,vwgc0165670096,3,3,2,HP2R 0BN,5,UK,CREATE,2011-05-25 09:07:30,2012-12-11 11:30:43
mrr13891832,lmzj6569679154,1,2,3,W8E 1QJ,3,UK,CREATE,2012-07-01 06:51:43,2012-04-03 01:31:07
fih22358895,vupj0216802132,3,2,3,IV9A 3LJ,4,UK,UPDATE,2014-07-29 01:12:18,2014-01-06 01:14:04
apd25131186,zedi1745786798,1,2,2,WN8W 5QW,4,UK,UPDATE,2011-11-01 06:36:31,2014-09-30 04:38:42
bet79452455,lmdh9953517351,1,3,1,DC9N 2JS,6,UK,UPDATE,2010-03-25 12:23:50,2014-08-08 10:47:11
jyy94788202,fjkh8841789664,2,3,2,WX0R 4WF,6,UK,UPDATE,2010-11-26 06:12:40,2017-04-28 12:21:11
als73479785,hhdm9945656270,3,3,2,YP18 2YJ,3,UK,CREATE,2014-03-19 06:35:14,2012-07-10 07:02:15
elx12577029,ofqo2854595280,3,1,1,UC7 1PH,5,UK,UPDATE,2011-02-04 06:00:40,2016-03-07 08:01:33
ofb97813919,teud2415656707,2,2,3,W9E 9AG,5,UK,UPDATE,2015-02-03 08:25:14,2014-04-14 01:12:57
ewb32040771,xypj7184496683,2,1,1,GP5H 6NE,5,UK,UPDATE,2011-08-17 08:26:04,2013-07-08 11:50:15
ldj62193325,tjzg4153652660,1,2,1,ER7M 2NL,6,UK,UPDATE,2015-05-14 11:29:53,2016-07-17 10:47:33
iry38471501,olyy1300550488,1,1,2,EE7E 3JG,6,UK,UPDATE,2014-11-30 09:03:02,2013-05-27 11:01:08
dvb87212675,syln0507560256,2,1,1,ND7M 8HZ,2,UK,CREATE,2011-09-08 03:25:27,2013-06-03 11:06:21
gnx68702766,aulm3915772485,2,3,3,WO04 9AN,3,UK,CREATE,2012-04-14 10:23:32,2012-08-01 06:03:13
joc14663980,xvho3398570057,1,1,3,NT2P 9NA,3,UK,UPDATE,2014-03-13 06:08:30,2016-10-19 03:30:19
aor15195571,uaye9886402425,2,1,3,ZK3B 5BA,5,UK,UPDATE,2012-10-01 03:19:55,2013-05-06 08:19:58
cpd96323441,gjly7810906380,1,2,3,JO9M 0JN,5,UK,UPDATE,2013-03-22 02:02:49,2012-06-12 08:28:47
fxx68621214,wnme8068438667,1,1,3,WG8B 2PN,5,UK,CREATE,2011-03-31 09:32:38,2015-09-02 10:51:56
itk75080694,aysq9438538197,2,2,3,ZA0 8JU,6,UK,UPDATE,2012-10-18 10:04:59,2012-06-11 01:23:04
bpk86250645,nnxn7994999838,3,1,1,UP17 5BD,2,UK,UPDATE,2011-03-15 02:11:42,2012-02-20 04:42:36
vfe76300764,imvd3200579540,3,3,1,ZF9E 9YB,5,UK,CREATE,2013-11-29 10:18:32,2013-10-14 03:07:50
dvi52456188,mgxj9626995999,2,3,1,YN7 0ZL,3,UK,UPDATE,2012-10-19 12:17:51,2016-05-13 02:30:17
lre77121849,yffx1903827474,3,2,1,JC5Y 6ZE,3,UK,UPDATE,2011-11-24 08:52:21,2012-02-03 08:21:20
ayz74876547,cqnb8937676170,1,2,3,WH8M 9RA,5,UK,CREATE,2010-11-16 10:18:09,2014-03-28 08:03:40
hce75624043,hzxr0200760747,1,3,1,ZH9P 4EN,5,UK,CREATE,2014-12-15 06:14:48,2013-06-02 04:18:53
yhw66266546,rpuq2259817475,1,2,1,ZH6E 9NR,3,UK,UPDATE,2015-04-17 02:43:01,2015-12-30 02:36:06
pic99657082,gtuq8886062612,1,2,1,B1 1BL,4,UK,CREATE,2014-04-15 06:33:24,2015-09-12 03:21:41
pks16738346,tihc5454854091,2,3,1,WW0H 7AP,3,UK,CREATE,2011-02-27 05:03:30,2017-02-24 03:50:53
itx96831992,xuzq9670420790,1,3,3,K60 3NN,2,UK,CREATE,2011-01-11 02:22:11,2012-11-04 08:02:18
juq48572302,kxwg6746233752,1,3,3,Y8D 7XD,3,UK,CREATE,2010-06-06 06:29:59,2012-09-25 11:23:42
xpj78903149,jzni8461211362,3,3,2,WK36 8LA,2,UK,CREATE,2010-09-19 01:02:08,2016-03-12 06:20:52
leb42947364,uwne7115632835,3,3,1,HH6V 8PW,1,UK,UPDATE,2012-05-27 11:02:19,2017-04-21 04:08:57
vgs67716601,aums3493855508,2,3,1,RD9H 9SB,6,UK,CREATE,2012-01-09 06:07:19,2016-11-28 01:12:48
pzp96115386,gttg3475825738,3,1,3,RX9E 3SL,4,UK,UPDATE,2012-09-13 02:14:28,2015-05-21 09:32:09
whh22824212,sgpl7586201039,3,1,2,ZU8B 1XW,2,UK,CREATE,2011-06-14 06:48:23,2013-10-31 07:48:48
jix78841091,zhjh2618646280,2,1,2,RX7B 3AA,2,UK,CREATE,2010-06-26 10:01:39,2015-01-25 04:41:56
hkp13484425,qxmh3742779255,3,1,3,I1 4GA,4,UK,UPDATE,2010-06-02 04:02:00,2014-03-23 02:07:01
voy23442019,biyn7585605915,2,2,3,ZS2H 7HN,3,UK,UPDATE,2013-06-21 06:38:56,2012-09-16 02:37:01
ten30764360,yibk6093949557,1,1,1,Y61 0AQ,2,UK,UPDATE,2010-10-28 10:09:14,2012-02-07 05:39:58
omk65558050,pnrn3218629145,1,2,1,TB5W 8DB,3,UK,CREATE,2013-08-19 12:43:06,2015-07-22 07:31:14
yhx71605322,otbw2868240897,2,1,3,YY7R 4NZ,3,UK,CREATE,2014-06-17 12:28:55,2016-06-11 05:20:20
vwx43499471,lwnk7404946329,3,3,1,G1B 9RE,2,UK,CREATE,2012-03-06 02:38:05,2014-02-19 03:00:35
rzi89955579,fmnr9613160406,1,2,1,YS83 5BN,6,UK,CREATE,2014-07-02 12:48:35,2015-10-08 06:04:29
bai48622834,nqmh2483993883,2,1,3,FP1V 9EL,1,UK,CREATE,2015-05-06 04:52:53,2016-02-26 09:41:24
xjj71001607,fjon2135848588,3,1,3,ZG4P 9NH,6,UK,CREATE,2011-03-02 12:35:42,2012-12-24 08:51:34
ibm92928424,jnnf4965721863,2,2,1,FA48 6DZ,2,UK,CREATE,2014-07-01 10:13:41,2012-01-20 01:57:05
vgn70398656,uqwo4733864987,2,3,3,RL10 2LN,6,UK,UPDATE,2011-12-18 08:32:18,2016-01-21 03:39:41
mth32904023,nvwv6110722014,1,2,3,W7W 9BN,6,UK,CREATE,2011-05-21 02:46:57,2014-07-17 04:49:14
zqn38413959,szsb7211673378,3,1,2,ST2M 4NX,5,UK,UPDATE,2011-12-18 09:14:36,2015-12-07 11:29:11
mft51697096,byum2971564198,2,3,1,Z2A 7FF,1,UK,CREATE,2012-02-18 05:55:25,2016-01-04 01:22:24
obc40151650,jdnz4776840119,3,1,2,TR7 1NL,2,UK,UPDATE,2012-09-23 09:51:44,2012-03-25 02:53:04
san73177396,lqsy7165822646,3,2,3,B8H 3DL,2,UK,CREATE,2012-12-10 12:28:34,2014-05-11 12:44:46
fzj73415966,tnnj0826084151,3,2,3,WD85 0GL,6,UK,CREATE,2013-03-21 08:33:01,2014-03-03 09:40:09
skq38532359,uids8107544629,1,2,1,WS8M 6BJ,4,UK,UPDATE,2013-04-22 07:39:47,2016-11-05 12:00:28
div43796786,ethr9952024493,1,1,1,RD9 6UL,5,UK,CREATE,2012-12-08 06:57:51,2016-05-22 10:06:25
xez35071778,sseb6074388888,3,2,2,S6W 2LJ,1,UK,CREATE,2011-06-11 07:38:39,2016-04-07 09:06:31
vvz32847593,bigm2370584474,3,3,2,Z95 3EG,2,UK,CREATE,2010-10-07 04:17:05,2014-09-16 05:34:15
cyq57445190,ogum0266379732,1,2,2,WL9E 1BN,4,UK,CREATE,2013-01-24 02:46:51,2014-05-19 11:29:55
crq35499341,pvqw3390609185,1,1,2,R1W 6JU,2,UK,UPDATE,2010-04-21 10:44:07,2014-10-24 09:57:31
ahn37531029,rccv1607108289,3,1,3,WQ7V 2YL,3,UK,UPDATE,2012-01-09 08:03:14,2016-04-17 03:11:18
bzz40877858,reyu1920016711,1,3,3,WW9H 2ZB,4,UK,UPDATE,2013-05-29 05:02:14,2015-12-18 06:25:57
uuw93372577,acsm3663877170,2,2,3,WT8R 7WY,6,UK,CREATE,2013-06-13 01:35:30,2013-12-31 09:41:29
ysi74119270,utdo9679133952,3,2,1,WX3N 2BN,4,UK,CREATE,2013-06-11 09:40:14,2013-02-18 12:03:52
dls37639419,tdkn5444035596,1,2,1,GX4E 8RN,5,UK,CREATE,2014-03-01 05:38:28,2016-03-19 06:46:21
tsp32722357,vvhv5194331021,1,1,1,G2P 6AN,3,UK,CREATE,2010-11-26 03:22:17,2014-07-26 09:35:42
ekf61104836,cmhk8255751496,2,2,1,SD2H 5YJ,2,UK,UPDATE,2013-10-04 07:56:38,2014-10-24 04:47:43
yjj22532628,meht5848073164,3,1,1,S7K 9ZW,6,UK,CREATE,2010-04-24 06:10:11,2016-05-07 12:04:10
uom80361155,lxpm4232865907,1,2,2,S6D 9JG,4,UK,CREATE,2010-11-26 09:31:33,2013-05-15 06:07:17
syv10813668,wunr6615191688,3,3,1,ZC1A 6LR,6,UK,UPDATE,2012-09-17 10:00:51,2015-04-09 07:58:12
emh41064729,zuow9981160077,3,1,2,YG2B 8FX,6,UK,CREATE,2010-11-09 05:25:27,2014-06-24 04:11:51
sda05760586,dscs2511207576,1,3,3,JA7X 3JB,6,UK,UPDATE,2014-04-13 07:45:47,2016-08-03 01:14:21
bvc58219922,lmdg0356294088,1,3,1,BG9Y 9PB,2,UK,CREATE,2011-11-29 08:06:47,2016-03-18 11:06:35
flm43383103,zydc4388564213,1,3,1,R0T 0NW,5,UK,UPDATE,2011-02-03 01:32:20,2012-05-21 02:18:29
gto31978027,wxuy8024370857,3,2,1,S3 2AL,5,UK,CREATE,2011-02-16 09:04:33,2015-03-19 11:42:11
jdn88976330,uwgb4374982415,1,3,3,WR0R 2BJ,1,UK,UPDATE,2010-07-22 04:45:11,2016-11-11 10:02:49
dvw69742510,eopy3634874555,1,3,2,Z9T 2LN,2,UK,CREATE,2011-10-03 02:08:49,2013-03-18 10:41:56
ypu62981099,vrgo6514079990,2,1,2,WH0B 7JR,2,UK,CREATE,2010-10-17 02:56:00,2014-11-24 02:35:36
cta08536927,lyhz0532962562,1,2,3,E4S 5DP,5,UK,UPDATE,2015-01-03 09:45:24,2016-12-23 08:14:15
doq42760369,ccex4049890362,1,1,1,YG0R 2LP,6,UK,CREATE,2012-01-30 01:49:23,2014-07-17 02:13:59
rfp42880049,vykx5496918513,2,3,2,C1S 7NZ,2,UK,UPDATE,2012-08-17 04:19:34,2012-06-02 09:32:28
rtn80741407,ynaa1458990966,2,1,3,W0K 4XT,1,UK,UPDATE,2010-06-20 05:00:34,2013-07-04 12:28:55
ueq99333675,ujwc1647014452,3,3,3,T82 6HS,2,UK,UPDATE,2010-02-05 12:11:13,2014-09-22 03:20:03
kvf76272059,gwpz0905115589,1,2,2,K3F 7NQ,1,UK,CREATE,2012-03-08 03:59:06,2016-05-19 11:42:11
xit67146130,pzkg1057586873,1,2,3,YM3A 0JX,3,UK,CREATE,2011-09-24 12:15:57,2016-02-05 12:11:00
occ77410190,mhdc8486321277,3,3,3,WE48 3HL,6,UK,CREATE,2013-09-15 01:28:18,2016-09-20 07:04:44
asv39809217,vqoh2169882622,3,1,1,C6K 3LN,3,UK,CREATE,2012-01-04 09:10:58,2013-05-04 02:22:20
bxy12591104,utvg1923179314,1,2,2,Z0K 7WF,6,UK,UPDATE,2010-05-20 08:20:26,2016-06-26 11:34:03
lpi83324806,gukc4070867275,3,2,2,SG0B 3NN,5,UK,CREATE,2011-12-09 10:54:26,2012-10-20 11:48:52
gzw67198699,efkr2152430648,1,1,2,Z0S 1FQ,3,UK,CREATE,2011-04-15 08:19:03,2016-01-07 02:46:26
noz12366893,aajl3989819359,3,3,2,Y3B 9NB,2,UK,UPDATE,2013-05-21 02:37:34,2012-04-25 07:51:38
oyj43541800,loqw5850498783,1,2,3,H9P 8HH,1,UK,UPDATE,2011-10-18 10:10:45,2013-11-14 07:48:52
enk40446325,ulve6569148885,3,1,3,SO3H 8DN,3,UK,UPDATE,2010-10-06 12:09:27,2012-07-13 06:46:59
wxy99061267,nuhk5336668626,3,2,3,T3 1NN,2,UK,CREATE,2015-01-30 08:05:45,2015-04-04 10:23:51
ffc34047616,casv2950252192,2,1,1,Z3P 9LN,1,UK,CREATE,2012-09-13 08:01:30,2014-08-02 07:31:54
jmj38559341,zwdg1418442263,1,3,3,WF9P 6JW,1,UK,CREATE,2010-06-14 04:38:02,2012-01-24 06:15:08
yzv37174484,lqjx6518019553,2,2,3,SV5P 4GB,2,UK,CREATE,2014-12-09 12:27:28,2013-05-02 07:43:23
vcp09678730,iqww9492947882,1,3,2,BC5E 4NS,4,UK,CREATE,2010-11-29 08:33:38,2014-07-23 02:49:28
lcs83594803,bfit2214749501,3,2,3,LE1E 9JN,6,UK,UPDATE,2012-10-16 10:15:13,2015-11-29 02:57:20
shu76111274,diki7005987576,2,1,3,WT8P 1JN,3,UK,CREATE,2014-09-20 03:48:57,2016-12-06 07:59:36
cmf60514397,xvag4070792598,3,1,3,BE1H 0JN,3,UK,CREATE,2014-10-09 08:17:02,2016-04-22 10:06:50
qdn09390989,pviy5569204299,1,1,2,B9W 6NP,2,UK,CREATE,2013-09-15 11:52:02,2014-04-16 10:05:38
lla40079941,yfnp3238137480,1,3,3,YA7 9JB,1,UK,UPDATE,2013-06-29 03:44:01,2017-03-31 02:07:08
itc83146470,zldx8173081583,1,1,3,C9K 6AL,5,UK,CREATE,2012-01-20 06:34:32,2014-08-21 10:58:01
qwz50230230,hdbk1848795358,1,3,1,SG0P 2DL,6,UK,CREATE,2014-06-05 06:13:24,2016-09-14 06:03:21
skg20468526,zcmx2637753442,2,1,1,RH70 7NS,6,UK,CREATE,2014-05-14 06:27:31,2012-08-21 06:28:48
ikp37090616,dufq8294354827,3,1,1,P1K 3FY,2,UK,CREATE,2013-12-26 10:25:31,2013-08-21 07:53:31
drq88823293,nmmy2677355472,3,2,1,TY3P 4NL,3,UK,UPDATE,2014-05-01 06:58:20,2015-02-05 07:54:14
die42027163,emrr1389183242,3,1,2,ZO9H 1UA,2,UK,UPDATE,2013-03-10 04:24:54,2013-10-30 10:59:40
rlz01677399,lmkj6273607316,2,1,1,IT9R 4NZ,5,UK,UPDATE,2012-07-16 05:28:35,2012-10-02 05:44:35
eti52323976,hggt5889594791,3,2,2,YF0 3NJ,4,UK,CREATE,2010-05-14 11:22:59,2017-03-08 04:35:44
rjg55615422,ryrc6447507925,2,1,3,ZG9H 1AT,2,UK,UPDATE,2014-11-30 06:39:07,2015-06-07 07:01:17
add05390484,pxhd8601337210,1,1,2,YG5H 0TA,6,UK,UPDATE,2011-08-17 01:44:56,2016-10-17 07:35:26
fmh85712086,qxbf5718979452,3,1,2,SY5 6JX,6,UK,CREATE,2014-09-13 01:20:57,2013-08-12 10:32:29
vtd57397169,ettt9437964514,1,1,3,W5K 7PE,2,UK,CREATE,2014-06-09 12:08:50,2013-06-21 05:20:09
cdg79038491,wkpj0494788202,2,3,2,WC6 1YN,4,UK,CREATE,2013-12-28 06:32:47,2014-01-01 08:32:52
trp97367588,plwq3448764154,1,2,2,K2 6LH,4,UK,UPDATE,2010-09-27 04:00:56,2013-08-07 11:09:09
swy44412379,alsd3479785481,2,1,3,WR78 3NL,6,UK,CREATE,2013-10-18 07:31:33,2015-07-18 05:29:09
czo26418515,dxdq3957741897,2,2,3,YX7E 2JN,5,UK,CREATE,2014-11-17 03:43:56,2012-01-28 09:52:55
ltn35164350,dozb7029486144,3,2,3,ZB7P 2LL,1,UK,UPDATE,2011-12-15 03:14:49,2015-02-14 12:08:28
iux79385948,daih7866211978,2,1,3,W9 0JJ,1,UK,CREATE,2015-01-16 03:05:06,2013-04-21 03:53:08
exm48534388,fbxr9909936188,1,1,3,WM7R 0XZ,2,UK,UPDATE,2010-04-23 05:57:36,2013-04-05 12:32:31
sbs17441802,yrfj7223320407,2,2,2,Y3 3LN,2,UK,UPDATE,2011-05-12 12:14:27,2015-05-19 03:00:59
ayi44137386,xdtx9624062204,2,2,2,R3K 7AL,4,UK,CREATE,2012-12-11 12:46:03,2014-05-12 10:15:54
wfz67662938,peld5621933259,2,3,2,ST0H 4YS,6,UK,CREATE,2011-05-04 05:50:04,2012-05-01 09:20:11
eyr19242039,biem4564756694,3,2,2,TW8 2LJ,2,UK,CREATE,2012-10-09 12:24:00,2014-08-06 07:41:18
ccw93773515,rydi4715015267,3,3,1,F4C 4NS,6,UK,CREATE,2014-02-18 09:39:24,2015-06-02 11:22:27
nrx15186380,zdos3977297738,3,2,3,YW6 7HJ,6,UK,UPDATE,2013-02-21 12:22:18,2016-07-15 07:45:49
wzl61728444,vufw6752687497,1,1,3,Z6W 5DN,6,UK,CREATE,2010-02-07 09:38:20,2016-06-20 05:33:27
dsv26907965,aeol9614356870,2,3,3,ZF8H 8AF,3,UK,UPDATE,2015-04-23 10:03:45,2012-03-13 11:14:52
mkf28040025,atsu2106769359,2,1,2,Y1W 2NB,1,UK,CREATE,2010-10-19 03:55:24,2012-09-05 07:08:38
kyh49374616,fgqt1041466398,2,1,2,WQ5 9LL,5,UK,CREATE,2012-04-10 08:35:58,2016-01-21 07:51:30
kng26016911,qiup3501995905,1,2,2,W7 5GP,4,UK,UPDATE,2013-01-16 02:39:06,2015-08-31 12:33:12
aqm87612447,eaor1519557196,1,1,2,SO8A 7AY,4,UK,UPDATE,2013-12-09 04:03:32,2014-06-04 02:04:14
cnt65029217,njxy7279275707,2,3,1,CU4E 3NX,5,UK,CREATE,2011-02-03 12:21:34,2013-05-09 03:02:28
nte86437895,drgr2344124689,1,1,1,WW3Y 8JE,1,UK,CREATE,2010-01-28 04:07:54,2015-09-15 04:12:32
gxy42054169,xpza9073095568,3,1,1,T23 0LB,4,UK,UPDATE,2014-06-22 05:20:23,2014-11-22 04:52:55
ozu57096896,imxo1408857155,1,2,1,W6F 8EL,1,UK,CREATE,2012-05-31 04:42:20,2014-08-04 10:53:26
bgi46134159,uzwb9401675080,3,3,2,DC4H 9HL,3,UK,UPDATE,2010-05-20 10:52:53,2014-02-22 01:27:09
kys54147845,mtaf7603626719,2,2,1,KE8X 4BJ,3,UK,UPDATE,2011-10-09 01:19:06,2014-03-04 02:09:41
hzl70814737,aszb7686250645,3,3,2,Y2P 5NB,3,UK,CREATE,2015-01-28 08:43:32,2014-08-26 08:37:16
ywv63866038,cvnt8001664687,2,3,2,Z82 3AB,1,UK,CREATE,2011-04-22 11:55:54,2014-08-28 11:25:05
jpz61073189,vfep6300764141,3,1,1,Y4P 1JF,4,UK,CREATE,2010-05-14 10:23:56,2014-04-15 03:37:44
gir38640428,makw8707419592,2,1,3,YS7R 5WX,6,UK,UPDATE,2014-01-26 01:35:58,2014-10-22 10:37:06
msi40857929,xier6188417952,2,3,3,I4P 7RN,5,UK,UPDATE,2013-12-06 12:33:43,2013-05-16 10:35:58
ugj60705020,fggb2007790771,2,2,3,F2H 0XL,6,UK,UPDATE,2013-08-21 06:34:57,2012-08-03 01:25:50
yky77169243,ghyq9450065943,1,1,3,SD6H 3NL,4,UK,UPDATE,2014-01-17 07:17:40,2016-10-08 04:02:15
qqe38220245,aulb7285748765,1,1,3,AG9P 7LN,3,UK,UPDATE,2011-10-31 03:23:54,2017-04-10 08:54:35
yyr74482769,ypud2479397498,1,2,3,T29 6HE,1,UK,CREATE,2011-10-03 08:52:41,2015-12-28 04:26:52
khw95877488,kwhc2756240438,2,2,3,YV2E 7NL,1,UK,CREATE,2014-11-03 01:49:03,2016-04-29 03:25:57
kew77826577,atxe7863551002,1,1,3,AO0P 9DN,2,UK,CREATE,2011-10-02 10:25:28,2013-04-15 12:28:44
pdf63430403,hwso2665469591,3,3,3,WW1P 6RJ,1,UK,CREATE,2010-06-13 10:36:38,2012-04-23 06:40:55
kqi77564749,ufyk4969379609,2,3,1,W70 7JJ,2,UK,CREATE,2010-03-30 05:02:34,2013-04-05 06:34:11
ylw03434023,nspl0823353832,3,3,2,WE0B 0NA,4,UK,UPDATE,2011-08-04 05:39:15,2012-03-13 03:57:40
fgz61381693,vdzp2019461673,2,3,3,YK3P 1BJ,3,UK,UPDATE,2010-05-17 03:00:33,2013-12-23 12:37:05
rho44054072,klio7453711247,2,3,1,ZT6E 2BL,2,UK,CREATE,2015-03-04 03:10:06,2013-10-15 10:03:56
jzx99033239,imyo2319683199,1,1,1,RO8P 4JN,2,UK,UPDATE,2012-05-01 12:33:43,2013-07-19 11:06:26
emc92360509,ommo0883255130,1,3,2,WQ4E 8BH,2,UK,CREATE,2011-06-06 02:49:28,2016-10-06 06:41:33
eot79363420,ejuq4857230228,1,2,1,AV0 4NS,3,UK,UPDATE,2014-06-19 06:24:47,2014-10-12 01:10:12
icq87836344,phkl8695469719,3,1,1,SV2 8WL,5,UK,CREATE,2010-12-09 09:11:11,2016-09-09 01:56:25
aah60036163,jpix0314931022,3,3,1,SA9N 5LP,4,UK,CREATE,2013-10-26 06:18:26,2017-04-30 06:03:45
ddd06824714,koef0953358942,1,2,3,TB2 2JW,4,UK,CREATE,2010-06-26 07:33:19,2014-12-08 03:01:21
ofm78283217,vmlf6455030119,3,3,1,LM0P 8NY,3,UK,CREATE,2014-10-13 06:52:22,2012-04-18 06:13:47
yhy54563828,hvab6138267716,1,2,1,T9P 6JG,4,UK,UPDATE,2014-08-28 05:31:12,2016-01-02 12:20:57
tmd77126864,wstw4406775575,3,3,1,W8P 3AJ,6,UK,UPDATE,2011-11-16 12:45:05,2013-12-20 07:21:07
wwi45556372,umbp3796115386,2,2,2,FB9 2EH,2,UK,UPDATE,2011-07-18 02:42:54,2016-10-12 10:31:14
bit31133588,vbrx8801515882,1,2,3,A3W 9PR,5,UK,CREATE,2014-08-16 06:16:06,2013-07-01 03:27:13
cpo35566450,whhu2824212255,1,2,3,Y4J 1UW,2,UK,CREATE,2015-01-09 06:57:54,2015-07-05 11:12:10
tsc33201990,bvvn2251449185,1,2,1,AK3N 9LA,1,UK,CREATE,2014-06-15 12:08:08,2015-01-12 02:26:52
evp55310615,vqko1091779097,2,1,3,ZY2N 7HY,6,UK,UPDATE,2013-07-02 12:08:29,2013-04-24 06:24:20
lhr79462614,cdzk4769983134,2,2,3,EK4H 5JJ,6,UK,CREATE,2014-03-24 03:59:43,2014-06-05 07:16:25
ans85447032,gcce5123136974,1,1,1,JV9R 5FB,2,UK,CREATE,2014-02-06 09:35:09,2016-09-13 03:47:55
qko19820634,lnlg4522234420,2,3,1,HW6P 2SN,6,UK,CREATE,2015-03-03 05:35:15,2012-01-30 12:21:58
qhz60477199,zpme9039267355,2,2,1,I7P 0AX,2,UK,CREATE,2014-05-20 05:14:42,2015-08-20 11:49:19
qiz54961381,ttte7307643600,2,3,3,WR0A 7WQ,3,UK,CREATE,2013-08-28 11:28:03,2012-03-03 12:57:12
gli73952965,jdju9661897260,2,3,3,UC3N 1LZ,4,UK,UPDATE,2014-03-27 03:13:56,2017-02-28 04:33:12
ylj72145136,mkev5580509954,3,1,2,D2C 8LA,6,UK,CREATE,2014-07-25 07:20:40,2015-08-23 01:57:14
cml26006187,lhhb8842832777,2,2,1,YR7 9AB,5,UK,UPDATE,2013-01-07 01:12:10,2015-01-12 05:01:35
jwi73243666,xumt3227043452,3,3,1,W9P 3BG,4,UK,UPDATE,2013-06-26 04:33:53,2015-05-31 04:22:33
ulg43015978,fviq8619254349,3,1,1,W0P 4QN,5,UK,CREATE,2014-10-07 01:55:13,2016-11-03 05:59:58
jdi91075545,jsvr8296150441,3,1,2,BA0 8RQ,3,UK,UPDATE,2011-09-27 06:23:03,2013-12-15 05:53:59
xxf99273980,tbxa7988995557,2,2,2,T7T 3GL,3,UK,CREATE,2011-06-20 04:52:56,2015-11-02 02:11:12
vaa07509142,heft1282369870,1,2,3,WP5M 0LT,5,UK,UPDATE,2010-11-19 11:41:59,2013-04-17 09:53:03
lbt22998717,nbai4862283473,2,3,2,WE3W 6PW,1,UK,CREATE,2013-05-31 10:24:24,2017-02-27 01:52:12
vhg14864334,kjqu8663055099,3,2,2,Z02 5JL,1,UK,UPDATE,2015-04-29 02:42:55,2016-11-11 06:31:22
bks01784077,jdbu0160740327,1,2,2,WE4A 6LN,5,UK,UPDATE,2015-04-03 10:42:24,2014-04-17 04:37:36
ned91257816,ettt3864669692,2,3,1,WW06 3LL,2,UK,UPDATE,2011-01-06 01:39:25,2013-05-16 02:14:28
zvh02889527,dsky2403962630,2,3,2,ZX3E 8GL,3,UK,UPDATE,2014-07-19 04:11:19,2014-01-02 04:35:49
nxo87746877,muyk6216570398,3,1,1,WC7 6BS,1,UK,CREATE,2012-06-03 04:58:31,2017-03-20 03:06:32
vio89836309,upif6131145813,3,1,3,WA4R 2NE,6,UK,CREATE,2011-05-31 10:17:21,2016-07-12 02:07:00
hgw00007692,tnum7332904023,3,1,1,YT8H 4GJ,2,UK,CREATE,2015-04-04 06:32:44,2015-12-04 05:15:23
dmo20817163,urcv9334503350,2,1,3,TH3R 7NU,3,UK,UPDATE,2011-11-28 10:26:00,2012-06-21 02:01:01
esf02555009,zqnv8413959068,1,2,3,T4 6NB,3,UK,CREATE,2011-01-25 11:23:29,2012-11-29 06:15:18
vfk82648552,tyxu7626846095,2,1,3,WX8Y 4JF,5,UK,UPDATE,2011-08-25 07:15:36,2014-09-17 12:43:54
vck78866395,pryh7096139093,1,2,3,E0K 7TN,3,UK,CREATE,2011-06-26 05:06:00,2012-10-07 04:42:39
idk73963531,hvqr2715070401,1,3,1,WO14 4NJ,1,UK,CREATE,2013-11-19 11:08:27,2012-03-17 10:31:41
gat34505095,fdkl0861702677,3,2,3,Z9P 7QT,6,UK,UPDATE,2010-04-16 12:05:43,2016-01-24 01:57:13
zrq51110627,ipwh6205731773,2,3,1,OK7P 0UJ,3,UK,UPDATE,2010-11-20 09:32:52,2016-06-27 02:06:11
tnl64472835,zyxn5519491127,2,1,1,WQ3B 7EB,6,UK,CREATE,2013-11-29 09:48:50,2013-01-23 09:40:48
suw36245882,nzfz7734159660,1,3,1,Y7C 7EJ,6,UK,UPDATE,2012-09-27 07:02:39,2014-04-11 02:01:01
esf32009525,wwwm7412485042,3,2,3,WN76 9JN,5,UK,CREATE,2014-07-27 09:54:03,2014-09-25 04:46:05
hde05395552,kqvu5323593173,1,3,3,Y0P 9WN,4,UK,CREATE,2014-09-12 06:22:13,2016-06-16 11:01:58
ucn94877974,hirs2907323414,2,2,2,WR8Y 0NU,3,UK,UPDATE,2015-02-14 07:39:25,2016-10-02 11:57:30
zvl57437321,zntu7868340250,1,3,3,TE1N 4NT,1,UK,CREATE,2013-07-08 12:36:59,2013-11-12 04:30:36
bac88619848,kzqd7401653507,2,3,3,FK54 8EG,3,UK,CREATE,2015-04-15 02:17:36,2014-02-10 06:28:50
gwk79241343,xxlo8016382079,1,3,3,W6T 6XN,2,UK,CREATE,2012-12-31 08:58:19,2013-01-08 05:13:20
ker23386059,ityb7153284759,3,1,1,GR7B 2NJ,1,UK,UPDATE,2013-02-09 08:10:11,2016-05-26 02:25:56
pfa43123818,ddet9722059581,1,1,2,YY6R 1WJ,3,UK,UPDATE,2014-01-02 09:41:27,2013-05-09 06:50:06
yfr09031142,ucyq5744519087,3,2,3,UB77 9JG,2,UK,CREATE,2013-01-18 06:36:04,2014-09-13 10:12:10
mxg43996510,nvvq3467943809,2,3,2,N9 3BW,5,UK,CREATE,2011-04-16 02:08:10,2014-05-24 03:26:16
yzc24482280,qbdi9934150764,1,2,1,YC5A 6NH,1,UK,UPDATE,2011-02-16 09:04:02,2012-07-13 01:56:07
qdx50391074,cney8315843137,1,2,1,M51 1GL,2,UK,UPDATE,2014-11-10 02:46:05,2012-07-18 08:39:42
ooh20073290,tnvc2982062271,3,2,1,Y8T 4AB,2,UK,CREATE,2014-08-13 11:26:55,2013-02-11 02:01:32
fqt60188711,ftff7559540877,2,1,3,UL2A 5SY,2,UK,UPDATE,2015-03-22 03:56:43,2016-11-17 05:03:56
ykg41786051,enya4087647535,1,1,1,WW7P 5JT,3,UK,UPDATE,2011-02-06 07:10:19,2012-05-21 11:32:02
ook32599197,jwiu2093372577,1,1,1,M8U 6QL,6,UK,UPDATE,2012-04-08 03:53:32,2015-09-04 10:41:31
zmq45445566,sxdd0425106002,1,1,1,WY8 9RP,2,UK,UPDATE,2010-05-10 01:01:24,2016-02-24 12:14:31
gbx52143774,ysid4119270153,1,2,1,Y1F 7LA,6,UK,CREATE,2010-09-01 09:07:37,2014-04-06 04:39:43
tdj50230019,chuc6587937796,1,3,2,WN5M 6JJ,2,UK,CREATE,2014-12-08 09:29:01,2017-01-15 04:11:01
bsy35036549,jtqn9419349070,1,3,3,SC2E 1GL,2,UK,UPDATE,2014-09-04 03:26:09,2013-04-09 09:09:00
hjw33242865,dbgi1208367327,1,2,3,G8W 9RB,5,UK,CREATE,2015-03-06 09:45:24,2016-05-15 10:32:02
hla78277742,gejj7347693983,3,3,2,W1W 3SL,5,UK,CREATE,2015-03-01 04:38:22,2015-07-04 03:50:05
tbv24767013,kayr8843611048,1,1,1,Y4U 9LZ,6,UK,UPDATE,2014-09-17 06:54:42,2013-05-21 11:35:29
huw57371659,vcsl5443116288,3,3,3,WC6P 0NJ,1,UK,UPDATE,2011-11-03 02:55:10,2015-09-13 06:41:28
wii96076750,ogyj1225326282,2,2,3,RM9A 4PA,2,UK,UPDATE,2011-10-31 08:50:17,2014-12-03 03:25:43
haj79400774,auen5953664338,2,2,1,Z1S 2BL,6,UK,UPDATE,2010-02-22 01:57:14,2016-02-24 12:29:47
vdf34947635,omkg3611555600,1,2,1,W7P 5XL,1,UK,CREATE,2014-04-30 08:22:17,2016-07-16 06:27:35
qmg34061353,zopk4977440631,2,1,2,WD4B 0NL,2,UK,UPDATE,2014-12-17 09:09:08,2015-10-06 11:56:19
vxt16048321,qknv6686971856,1,2,3,AU8 7FJ,5,UK,UPDATE,2015-01-30 03:26:48,2013-03-17 06:34:37
psj38161781,qsne9808834106,2,2,2,RL4 4LN,5,UK,UPDATE,2013-02-08 11:54:46,2016-04-04 01:50:49
lnw31945056,gpen1480265309,2,2,2,YO94 9JL,4,UK,UPDATE,2012-05-05 07:45:55,2012-08-12 01:14:30
yvy14231647,rdmd0120576058,1,1,1,SQ3M 7LN,2,UK,CREATE,2012-04-04 09:13:02,2016-09-26 05:43:36
acu35257719,mhmq5109989234,3,1,2,U4J 9AW,2,UK,CREATE,2012-07-31 08:41:36,2015-07-06 05:28:40
zdc54826886,sbvc5821992282,3,2,2,YY8 5AJ,6,UK,UPDATE,2013-01-27 09:44:50,2017-02-01 11:25:40
fqm58092386,uvpg8871697871,1,2,3,U1 8DW,3,UK,CREATE,2012-07-04 10:13:46,2015-01-01 10:28:42
trl35290863,mctb8310321762,3,1,1,YH6 5NR,2,UK,UPDATE,2010-11-10 03:58:50,2014-06-07 05:15:40
cjz84170074,izfj5413701431,1,2,1,KD9P 4NA,4,UK,UPDATE,2010-01-17 10:59:55,2014-05-26 01:01:36
way05582174,dtyu2737927098,1,3,2,Z1W 9PN,4,UK,CREATE,2013-05-27 04:09:35,2015-03-26 01:45:06
ocu87694748,adkf8077388976,3,2,3,S0W 7ZY,2,UK,UPDATE,2013-04-12 05:17:46,2017-02-21 07:53:40
gfe87140804,njei1456088502,3,2,1,W1W 6BB,3,UK,CREATE,2012-11-28 01:38:06,2017-04-03 06:20:55
pwl65803280,cpvd9669742510,2,2,1,WO4V 0NZ,6,UK,CREATE,2014-11-22 12:06:04,2014-03-15 01:49:10
rmy98216917,eicy2319365719,1,1,1,J2 2NS,3,UK,CREATE,2010-10-18 01:38:22,2015-07-16 10:10:23
ylq76059222,ypum2981099622,3,1,3,WF4B 9LU,6,UK,CREATE,2012-11-03 01:58:49,2013-11-30 09:11:01
ldh08665360,fgai2432298036,3,1,1,UM11 8ZN,6,UK,CREATE,2012-07-09 01:39:03,2012-10-27 12:19:36
zze80582403,worr6927074149,3,1,3,J0W 5QQ,4,UK,UPDATE,2012-04-07 07:45:05,2012-10-14 07:39:51
lqr79573206,hjio7608924427,3,1,2,YA8R 4LD,4,UK,UPDATE,2012-04-15 04:28:18,2015-09-09 03:44:42
hhb23502475,ssra9291329858,2,2,3,DA87 1JS,3,UK,CREATE,2013-07-17 11:37:10,2014-12-20 06:18:06
seh70923230,cymp5799428800,3,2,3,U3K 7FN,1,UK,CREATE,2012-04-30 04:22:26,2015-04-17 05:56:06
vwc82656431,srws5895956345,2,3,3,C44 9JN,5,UK,CREATE,2013-09-23 03:58:32,2016-10-30 06:32:11
swk04602155,xurt3807414079,2,3,1,WG0 6PL,4,UK,UPDATE,2010-09-24 01:16:34,2013-07-15 08:16:07
hig07524169,ptmb9021104414,2,3,2,UP58 0NR,2,UK,UPDATE,2012-11-24 06:16:40,2013-12-22 06:53:18
qic87050263,eqzf3336755675,3,3,2,FY2H 7LA,4,UK,CREATE,2010-04-14 02:31:46,2013-04-23 10:18:57
ywf94898373,wotd6972364177,3,3,1,YR5 7TL,4,UK,CREATE,2011-07-25 05:10:05,2014-03-27 02:46:32
xqx25272144,mwvw0599622655,1,1,1,RC2E 4SN,6,UK,CREATE,2013-06-15 02:41:05,2016-06-30 06:39:53
wvf37383865,yxzy8749216714,2,3,3,WY8N 2YJ,6,UK,UPDATE,2015-04-22 05:25:39,2013-09-14 03:04:55
dqu50518923,ifbu7824689968,2,3,3,Y1K 9DJ,6,UK,CREATE,2010-02-13 07:57:31,2017-04-19 05:40:41
fnx41526366,bemo0487741019,3,2,2,MU3P 1BJ,5,UK,CREATE,2013-03-05 12:42:55,2014-07-03 12:23:59
kdg05692941,ifau8912425868,3,2,1,C0G 7PN,1,UK,CREATE,2013-05-26 09:56:20,2016-03-06 05:26:03
nvz48853321,tasv3980921716,3,1,1,DH4P 9UN,2,UK,CREATE,2015-02-03 09:14:37,2016-11-17 02:13:28
apy26434436,gtoq0771509637,3,1,2,A2 3NH,3,UK,CREATE,2010-05-02 05:53:27,2016-12-25 07:48:14
fga66991115,yxsf9110488846,3,3,2,R7P 0ZY,2,UK,UPDATE,2015-04-07 03:06:01,2013-01-21 04:24:49
esv62460044,vphv1560859483,3,3,3,E1P 0NJ,1,UK,CREATE,2012-03-29 06:53:00,2016-05-12 09:20:28
qzl35401022,fuso0639126859,1,1,2,YY7E 5FJ,1,UK,UPDATE,2013-03-29 11:59:30,2016-01-07 01:45:05
dwh03447662,fykz8145267198,3,2,3,RG1R 1ZL,4,UK,UPDATE,2013-09-26 04:29:42,2017-04-18 01:06:03
wim27090263,wtzy7798420022,3,3,3,EU1R 2ZY,2,UK,UPDATE,2014-03-05 05:47:37,2013-08-07 08:06:27
vul02455895,uyfn8712366893,1,2,1,ED0B 8RR,5,UK,CREATE,2013-07-16 03:25:54,2013-08-28 12:48:49
ben08684535,ilwk9978064996,2,2,2,ZF5X 6JB,1,UK,UPDATE,2011-07-06 01:17:10,2015-08-02 09:20:18
ltx34499466,oyjs3541800931,1,3,2,Y7S 8WF,5,UK,UPDATE,2011-01-14 04:32:48,2016-03-18 03:20:59
goy43090193,ojtv2019179896,2,1,1,JL6W 0NB,6,UK,CREATE,2012-07-08 09:51:37,2015-05-07 05:26:18
ykw68069499,ygkg6325699555,2,3,2,W98 9BR,6,UK,CREATE,2011-10-18 12:52:39,2015-04-05 06:12:52
itw93936981,clms5728872990,1,1,2,GG1H 3JJ,5,UK,CREATE,2012-11-08 04:41:36,2016-11-18 05:57:47
waf28348716,ujqk7245986825,1,1,1,CC4R 6JJ,2,UK,UPDATE,2014-02-23 08:35:25,2014-02-23 02:10:51
end97761695,zccv8154340476,3,3,1,WC4A 7NJ,3,UK,CREATE,2010-12-30 03:05:07,2015-03-24 10:27:21
ybq62690800,zaxn4660157632,3,2,1,Z8T 1TQ,5,UK,UPDATE,2013-04-18 12:02:17,2013-12-25 08:28:46
bzn66506783,mvjm3385593417,3,3,3,R9W 0LW,1,UK,UPDATE,2013-05-19 08:07:38,2013-07-07 11:22:05
fdc00412591,crrf2044298332,1,1,3,KD8A 7JL,5,UK,CREATE,2010-06-30 05:43:45,2012-01-20 04:32:27
dec48586328,zvft1744841532,1,2,3,JQ8X 1LW,6,UK,CREATE,2014-03-03 09:16:07,2015-06-29 08:32:51
uqg58540512,zfbh0911579850,1,3,3,W5W 2LL,4,UK,UPDATE,2013-09-04 03:20:05,2015-10-18 12:37:08
ztm60678441,zyxq7300178440,1,2,1,W2S 9NW,6,UK,UPDATE,2011-03-14 06:18:44,2014-05-23 04:51:20
adq38123946,owbh2575088359,2,2,2,ZH08 8JJ,4,UK,CREATE,2011-08-17 12:15:26,2014-02-24 10:04:09
tgz80568918,isgb3992576010,1,1,1,GS0A 1WN,4,UK,CREATE,2013-10-27 09:42:42,2013-05-23 12:16:59
rkm32724799,lbof8727611127,1,2,2,Z6B 6PN,1,UK,CREATE,2011-12-04 10:56:41,2016-08-20 05:16:56
gtx98970006,okqt5447793536,3,3,1,W6P 0JX,4,UK,UPDATE,2015-03-18 01:44:53,2015-03-04 12:21:52
zjf99151100,kcmf6051439762,1,3,1,C18 9BB,6,UK,CREATE,2012-11-04 06:19:04,2016-12-06 06:36:37
cyz67341578,buae0599093229,2,2,2,E4W 7JB,4,UK,UPDATE,2013-05-20 05:14:40,2016-12-17 04:12:50
sjx01467119,nqvv9098947273,2,1,1,W1W 0JZ,4,UK,UPDATE,2011-06-10 01:34:35,2014-02-01 07:59:45
khs22137978,rpzu2995157040,2,2,2,WK3W 9HJ,3,UK,UPDATE,2011-01-07 12:30:05,2014-10-03 01:01:26
mrc04823544,qffh4116171141,2,1,1,WH8 0PY,2,UK,CREATE,2014-03-27 05:05:09,2012-04-06 02:20:00
rpy69679919,nurb0889283146,2,3,1,A5S 4ZY,5,UK,UPDATE,2010-03-15 07:36:01,2012-07-15 10:52:37
yhg03107449,utca8210022076,1,1,3,SC2 4BJ,5,UK,CREATE,2012-06-19 03:12:43,2012-12-08 03:29:22
qpi79583752,yxbq0150230230,3,2,2,IQ2H 9GN,6,UK,CREATE,2014-03-25 08:50:50,2013-03-01 10:05:33
flc93335759,ksmo7002162838,1,1,1,SF7W 6LL,5,UK,UPDATE,2014-03-18 04:38:58,2014-05-24 02:24:25
nid62179985,skgg0468526904,3,3,1,W13 9YD,4,UK,CREATE,2011-12-30 05:34:03,2016-05-28 09:03:05
hxb54351129,ntih1893107283,3,3,3,ZC4A 4EB,2,UK,UPDATE,2015-04-30 01:35:28,2016-10-24 09:37:34
vkc59616400,ftgx0616488998,3,3,2,YV5 0YE,3,UK,CREATE,2011-07-04 02:37:44,2014-09-16 11:06:15
dkc73941898,shoi8607530888,3,1,1,W63 3JL,6,UK,CREATE,2011-05-17 05:21:44,2015-10-14 03:40:22
qtc45727121,upyp3379135442,3,1,3,JB7E 3LB,3,UK,UPDATE,2011-02-09 03:34:56,2014-09-04 08:08:37
sjw65399264,tmel0722420271,1,2,2,SA5R 5BN,4,UK,UPDATE,2013-02-06 07:15:42,2017-03-15 05:50:36
vfe13976964,kxlw8650604372,3,2,3,T1 1YY,3,UK,UPDATE,2011-02-28 01:47:25,2013-12-08 01:31:06
kew43744793,kmrl1016773994,2,2,1,SW32 4NQ,6,UK,UPDATE,2015-03-22 10:45:39,2014-03-01 06:42:22
exa41360191,jskp0595306258,1,3,2,WC2R 5NJ,4,UK,UPDATE,2012-11-05 03:25:08,2015-10-17 08:54:14
khv25644855,tify3239765869,1,3,1,CV3M 8LF,2,UK,CREATE,2012-03-15 09:09:28,2015-02-21 02:44:19
vtp90969912,ommv1399213305,3,1,1,YR7P 2NL,4,UK,CREATE,2013-02-25 11:39:05,2017-03-25 03:29:06
qvp10264611,tktn4224934147,3,3,2,W81 0UL,3,UK,CREATE,2010-11-15 07:46:35,2012-08-10 02:19:06
bfp65027448,eymm5120330539,1,3,2,WT2W 3HJ,6,UK,UPDATE,2014-11-27 02:19:09,2013-03-19 01:17:30
svf61609109,scay4811420415,3,2,1,CF6R 5XP,2,UK,UPDATE,2011-02-11 02:10:50,2013-10-18 07:10:18
deu26616024,nurl9058571208,3,1,2,SB3H 1BY,6,UK,UPDATE,2010-06-19 10:53:44,2012-05-28 12:11:46
waz44177510,iqmw4018342351,2,3,3,UN2H 5NT,3,UK,CREATE,2015-05-12 05:59:25,2014-06-08 05:37:14
dqq56710091,ovtd5739716951,1,2,3,WY62 1TB,4,UK,UPDATE,2015-01-20 05:11:59,2012-07-11 08:44:43
zsu43722142,knnz4235640789,1,3,3,YG91 8TU,2,UK,CREATE,2010-10-16 05:49:05,2015-05-17 03:34:33
ubc01525739,gzns3849180670,3,1,3,RX0P 2YJ,6,UK,CREATE,2012-08-15 04:54:36,2012-03-05 09:44:58
zra39466596,scqj4334299597,1,1,3,WC3 4SA,4,UK,CREATE,2013-04-02 09:11:27,2012-10-30 05:41:39
hbi18923481,dktf8899411004,2,1,2,Z48 9LU,4,UK,UPDATE,2014-05-01 04:36:16,2012-04-23 02:06:00
qtv58306318,lewa9060044412,2,1,3,WE5E 6NU,5,UK,CREATE,2013-11-03 06:03:31,2017-05-07 12:59:57
scc38739809,frre6242317363,2,2,2,Y6U 1AB,5,UK,UPDATE,2014-04-22 05:13:02,2012-12-13 03:06:54
tqs90803346,cbqc3026418515,1,1,2,C1 4BT,6,UK,CREATE,2010-04-21 05:24:07,2017-04-22 07:50:03
vig86265329,hoea8394529690,1,3,1,TH89 1LJ,5,UK,UPDATE,2011-01-08 12:44:45,2015-10-29 11:51:37
qhx41377700,ltnl5164350696,3,2,1,UW1B 2FE,3,UK,CREATE,2010-06-12 03:42:58,2013-03-25 01:38:03
sqe82198238,ntaw7687564081,1,2,3,O76 3NG,6,UK,UPDATE,2010-08-22 04:36:04,2013-08-20 06:44:15
waq49578405,dxdg5948471724,2,1,1,Z2P 0QZ,1,UK,CREATE,2011-11-29 09:41:04,2015-02-06 11:37:02
kjm39764006,pdca9318810485,2,1,1,W2 8WP,6,UK,UPDATE,2014-10-20 05:05:15,2013-06-04 05:15:55
ucs82322889,bwhc8904124368,1,3,2,WP7H 1YG,2,UK,UPDATE,2010-09-15 10:07:17,2013-05-07 01:18:42
afe91367839,uquy1814174418,1,1,3,WX1E 1BL,2,UK,CREATE,2012-07-20 06:52:55,2014-11-11 10:27:15
zuu65276086,ykkk5561759907,1,3,2,YA1N 1ZA,5,UK,UPDATE,2012-08-04 02:10:50,2015-06-18 07:15:36
zkq09771196,voay4441373862,3,2,1,WH0P 8DT,3,UK,UPDATE,2012-02-11 07:24:26,2015-03-09 02:12:24
vzo02607137,tcbx4026203898,2,3,2,DQ9P 3NL,1,UK,CREATE,2013-03-15 08:31:43,2012-05-21 12:05:35
vek63119911,fzuv6629389129,3,3,1,WA8P 6LX,4,UK,CREATE,2011-07-27 01:35:05,2012-05-27 07:20:51
fir04254401,tvfv7333860691,1,3,2,RD7E 0JB,6,UK,CREATE,2011-09-26 05:34:08,2012-09-05 12:55:39
jas89773178,zymw0391083502,2,2,3,WN1B 4AQ,2,UK,CREATE,2012-06-13 03:22:32,2016-10-04 07:39:07
kge26443382,xohx4072289377,1,1,3,W6H 1XL,5,UK,CREATE,2010-09-04 10:29:01,2012-09-06 06:21:09
att06036455,djdx0154828704,3,3,1,ZD9W 8BY,1,UK,UPDATE,2013-12-01 09:35:16,2014-07-25 04:46:09
fzb40814819,iden1511518638,1,3,2,YA7W 1LY,1,UK,UPDATE,2014-04-17 07:20:47,2013-03-02 01:17:34
trb18605087,ains4391557592,3,2,2,WB2R 4PJ,5,UK,CREATE,2014-05-24 07:09:46,2017-01-02 05:20:22
esn61658831,fwzl6172844429,1,2,2,WF3H 5BA,3,UK,UPDATE,2012-05-26 03:59:45,2014-08-20 02:15:50
ovi93767500,vodu7959678170,2,2,1,TG6P 2GL,4,UK,CREATE,2014-10-08 05:46:54,2015-06-08 05:49:16
hwn94130631,vooj0796568294,2,2,2,IQ3R 5JH,4,UK,CREATE,2010-02-08 08:39:45,2015-11-29 08:42:01
xlk87687585,fiub5322468928,1,3,3,O4S 2LJ,1,UK,UPDATE,2014-09-22 05:39:20,2014-10-14 04:56:45
prl04250590,kkgo2591189685,3,3,2,Y9W 5QT,6,UK,UPDATE,2014-04-01 09:45:26,2014-08-15 06:50:59
kti46856142,qhri1320949374,2,3,1,WK64 9BL,6,UK,CREATE,2011-01-12 08:24:47,2014-01-30 11:20:28
zdc31441044,ufog9536071180,1,2,2,RG4P 0TD,5,UK,CREATE,2010-03-03 05:15:08,2014-12-05 04:18:10
mpp07896287,imwk3426016911,2,1,3,F1T 0LJ,2,UK,UPDATE,2014-12-19 07:20:11,2012-09-29 12:56:24
bwa88962343,fcvm0893857039,1,2,3,Z9H 4AE,2,UK,CREATE,2014-04-19 03:11:55,2014-02-17 09:01:52
ikm52827550,aqmg7612447934,1,2,3,AR0H 0JJ,6,UK,CREATE,2015-03-10 08:26:13,2017-04-16 01:06:09
jqe99558001,mgyb6189132299,2,3,1,ZV2E 0RJ,1,UK,CREATE,2014-05-17 05:56:58,2016-08-30 03:38:35
czc55568273,ehgo9217872419,3,3,3,YC9E 2GY,5,UK,UPDATE,2013-10-05 01:53:17,2016-02-17 09:55:55
czg54166503,rcbc8675772864,2,1,1,ZE1M 0GW,3,UK,UPDATE,2011-05-03 10:48:29,2015-03-25 06:49:42
tdo44966076,dnyx5335061262,2,3,3,S79 6NB,2,UK,UPDATE,2013-03-02 10:17:01,2012-10-07 12:56:58
gfq37920222,ivun4270420541,1,1,1,WW4M 4LJ,5,UK,CREATE,2010-02-14 04:50:12,2015-05-03 09:58:41
bbe62088660,kxoo0894315211,3,2,1,ZP4P 7LR,1,UK,UPDATE,2011-03-07 06:12:05,2014-11-14 05:16:21
gvu41455978,njoz4570968967,1,2,1,WC5H 8LA,2,UK,CREATE,2014-06-20 08:16:43,2014-12-26 07:11:35
ayl08662316,tsbh7476342371,2,1,2,UW6B 8EN,1,UK,UPDATE,2013-01-21 05:37:38,2017-04-26 04:04:11
iuu27429749,giqc1341592212,2,2,3,LP6R 1NX,1,UK,UPDATE,2013-03-01 09:35:40,2017-03-05 11:44:01
uua42476580,sjtg8746822285,2,3,2,EH67 8JL,3,UK,UPDATE,2011-02-15 11:47:47,2016-06-12 10:46:26
pbb81895196,kpob8457371556,2,3,2,WK1N 8WJ,5,UK,CREATE,2014-01-19 04:22:25,2016-06-04 03:32:03
qaf04925251,nfyt0513917081,3,3,1,Y1 7AJ,2,UK,CREATE,2011-04-18 02:11:07,2014-10-12 09:07:39
lbo07286151,mzzz7747009794,3,3,1,YF4P 8YJ,2,UK,UPDATE,2011-05-05 10:11:11,2012-08-04 06:21:01
krm94669607,iwrq8016386603,3,3,2,R42 2JZ,1,UK,UPDATE,2014-10-17 04:25:51,2014-09-18 10:26:33
rmk90081065,qdai3696012417,2,1,1,WD29 3BN,1,UK,UPDATE,2014-05-19 10:34:39,2014-01-29 07:50:46
smi54165008,ejpz6107318973,2,2,1,WU7M 1LA,4,UK,UPDATE,2012-12-10 01:19:17,2016-02-12 07:34:29
mvh23763088,pqkb1525808200,1,2,3,W6A 3JN,1,UK,UPDATE,2010-09-25 09:28:23,2013-07-07 07:42:35
ymf78649181,rpiy4042869117,2,1,2,Y9W 3JT,1,UK,CREATE,2011-02-06 10:23:39,2017-01-17 06:42:25
gct81352265,ndzg4338608440,1,3,2,N56 0NJ,6,UK,CREATE,2013-11-27 09:26:31,2015-01-12 12:38:39
rbx55827915,whhh2922442156,3,1,1,SG4R 7HY,1,UK,UPDATE,2015-02-12 06:37:39,2013-11-08 03:58:54
ruz60234294,vjgh4940760705,2,3,2,F3P 7JJ,3,UK,CREATE,2011-08-10 04:38:37,2014-02-02 11:25:09
xqs50967342,kcse2080633092,3,2,2,RH9B 7JA,6,UK,CREATE,2012-02-22 07:11:41,2014-08-04 08:02:05
gft32049322,ptty2877169243,1,3,1,MU44 1LN,3,UK,CREATE,2010-06-11 10:36:52,2015-12-28 04:56:41
haj74843862,izhe7255048677,3,1,1,ZT27 9NG,3,UK,CREATE,2013-09-22 07:45:32,2014-04-16 12:52:54
zsk09801749,qqej8220245475,2,2,1,Y6W 4BH,4,UK,CREATE,2011-01-12 07:26:50,2017-02-18 09:41:53
jeg68111631,hpro5447153261,1,3,1,J8A 5NX,3,UK,UPDATE,2013-04-21 01:01:11,2014-07-30 12:00:40
mtz16570654,ncus2769783344,2,1,1,BG7 2BN,3,UK,CREATE,2012-04-16 03:53:34,2012-11-23 06:35:08
obq91539381,ovqc0496896958,2,1,3,WX9B 4LU,3,UK,UPDATE,2011-01-08 01:50:10,2016-01-11 06:26:42
hho46450633,dvic8201268661,3,3,2,BS20 7WH,5,UK,UPDATE,2013-08-24 07:35:20,2014-10-30 11:02:54
ffw08114509,kmar9240778265,2,1,1,YN1B 8LZ,2,UK,UPDATE,2013-03-18 12:54:07,2016-01-27 02:09:43
exx71678295,trsb6920833893,1,2,2,T7W 0WJ,5,UK,CREATE,2011-06-11 10:02:49,2016-10-29 07:09:03
ziy12681775,ohpd1634304033,3,3,1,WC9B 2NL,6,UK,UPDATE,2011-05-21 09:49:25,2015-10-02 10:42:48
zom02887507,rlds8641675262,2,3,3,RY8X 4LB,2,UK,UPDATE,2011-02-16 12:10:58,2012-03-15 03:14:06
qla36708468,qizr5647499910,1,3,2,O8K 9JN,1,UK,UPDATE,2011-07-20 09:11:25,2014-03-28 01:36:40
wuu60649049,loot2227616580,3,1,2,S07 7JB,3,UK,UPDATE,2010-07-31 10:25:29,2013-10-09 09:40:18
vba58935874,pqts0237496770,1,1,3,IC5E 3LN,1,UK,CREATE,2014-01-30 11:18:00,2016-07-17 07:46:28
dsu55966530,cbdt6513476138,1,3,1,O3T 6LN,1,UK,CREATE,2010-09-01 10:52:57,2016-07-25 09:33:35
ppn31514788,tcjv0918756013,3,3,3,WB8R 1NL,4,UK,CREATE,2012-08-08 12:39:13,2013-02-12 11:42:26
for78825752,jwtq9124405407,2,3,3,WR5 6TA,2,UK,CREATE,2014-06-29 01:41:03,2015-04-29 06:15:10
wym13787564,yroi8200381486,3,2,2,T1U 6LN,1,UK,CREATE,2013-02-10 10:46:39,2012-12-21 02:47:25
rgg51187512,sjzx9903323948,2,1,3,P4 8FJ,5,UK,CREATE,2010-11-02 06:20:50,2017-04-28 12:53:47
hdx43131899,zndp5658466268,3,3,1,ED8W 4LJ,6,UK,CREATE,2010-03-31 09:51:03,2013-10-17 05:56:55
fbc67081037,clen6050941119,2,1,3,UF2 0EY,6,UK,CREATE,2013-03-27 12:07:22,2013-09-17 08:21:14
hpe16343739,oram0029568979,3,3,1,KB8P 7JR,2,UK,UPDATE,2014-03-01 04:20:06,2015-05-28 06:09:09
klm85760972,fgpy2023562772,2,1,3,GH8R 4AL,6,UK,CREATE,2013-04-29 11:56:04,2014-01-08 07:25:36
vzq09831722,zbai3544887836,1,1,1,YH2M 6LJ,6,UK,CREATE,2010-09-28 02:34:35,2013-01-24 03:18:34
clg94066122,fson0280887908,3,2,2,LA5 1DN,1,UK,UPDATE,2010-07-13 01:34:54,2015-02-28 09:25:52
hxw91364261,ocha0760036163,1,2,1,YE3R 4BW,4,UK,UPDATE,2013-04-10 11:55:50,2015-01-09 02:13:53
uid07145698,docl2368239386,3,1,1,UE9P 5NE,4,UK,UPDATE,2010-06-26 05:24:57,2014-07-19 07:52:12
ivy85509140,dddk6824714082,1,3,2,A6J 0NJ,5,UK,UPDATE,2010-07-03 07:10:46,2014-02-13 09:30:39
niy19796516,vqrx9391171250,1,3,3,U2P 5LJ,5,UK,CREATE,2010-11-08 10:39:53,2016-02-10 07:18:04
ump24326321,fcem3217305738,3,2,2,WF17 0JX,6,UK,UPDATE,2011-03-09 06:18:59,2014-07-19 06:23:17
gwa36487943,twco5310618545,2,1,3,SL7H 6ZL,3,UK,UPDATE,2010-01-18 04:34:32,2013-12-26 12:49:28
jic99379409,yxga8583615045,2,3,2,O3P 7YA,1,UK,CREATE,2013-03-07 07:54:17,2017-02-01 02:54:29
npm21783152,wmaa4101771268,3,1,3,ZR3H 7AZ,1,UK,UPDATE,2013-02-02 10:13:28,2012-11-12 04:30:08
bgy39482308,eutj4926831635,2,2,2,Z4W 0BU,1,UK,UPDATE,2014-07-30 05:28:10,2013-08-20 07:41:45
zij82220844,tcww4455563723,3,3,3,ZE61 2NQ,3,UK,UPDATE,2011-08-27 06:33:35,2013-05-30 04:15:09
kcu07485225,wtoq6772932281,3,3,2,Y7P 4EZ,6,UK,CREATE,2010-01-28 04:24:00,2015-10-17 10:23:57
yke12230089,itjz1335881155,1,2,2,SS0R 7NL,5,UK,CREATE,2011-09-13 03:38:44,2012-09-28 09:13:50
atg30643304,ypuo9811278923,3,3,1,WU7E 0XY,3,UK,UPDATE,2012-04-01 12:59:13,2013-11-19 09:15:05
jqn90517438,pvmw4503466660,3,3,2,YO8R 4LL,5,UK,CREATE,2014-10-22 06:21:12,2016-04-02 10:59:27
wbv18158484,ropz6483083320,2,3,1,S2W 2JZ,6,UK,CREATE,2011-11-04 08:46:40,2015-01-09 02:49:25
rhx94573477,hppy7621874680,3,1,1,RH0E 6RY,4,UK,CREATE,2013-02-23 10:55:02,2014-11-27 02:50:37
eie25686425,aojz4195531061,1,1,1,RT6H 8ZN,4,UK,CREATE,2012-09-04 09:52:23,2013-10-22 05:12:55
ckn17479141,jbul9705687651,2,2,1,WM7A 6WL,6,UK,UPDATE,2011-03-22 05:23:48,2012-06-01 05:48:30
vec81933436,klhr7946261489,2,2,2,WB1R 0BP,1,UK,UPDATE,2011-12-02 05:07:21,2015-06-17 06:44:31
mkj70206753,ymwa4723217629,2,3,2,PH0Y 2JR,5,UK,CREATE,2013-09-05 11:45:45,2014-12-07 09:21:13
mnq37557354,sezo4703248169,3,2,1,WB8E 4BZ,3,UK,UPDATE,2013-05-15 03:14:24,2015-07-11 12:40:01
jwz22175712,vpyv4670788419,1,2,1,TP6P 0UP,4,UK,UPDATE,2014-10-13 01:10:31,2012-04-12 11:53:55
cha41494846,koge3403548569,1,2,3,BP4E 6LY,3,UK,UPDATE,2012-07-31 11:53:56,2012-02-29 08:35:28
ytz41532059,gvbt1749560477,2,2,2,U3 2PB,5,UK,CREATE,2010-10-18 12:47:10,2015-12-19 10:19:33
rhe70250822,pnfv7828345137,1,3,2,L4S 2WH,1,UK,UPDATE,2012-05-17 09:31:21,2014-07-16 11:13:54
kwp36522943,ydiq2554961381,2,3,1,RT9H 4AE,6,UK,UPDATE,2013-01-26 08:15:39,2012-08-30 07:32:59
jho83646776,xsgu1588943511,1,1,2,WN6E 8NB,4,UK,UPDATE,2013-10-11 09:37:05,2014-12-08 06:51:18
fxf30101757,gliv3952965600,3,2,1,E2K 1AJ,4,UK,CREATE,2014-10-27 07:09:32,2014-11-08 05:59:21
ehm39553689,ziym3110797013,1,3,1,TL2X 4AJ,4,UK,CREATE,2013-07-21 08:40:43,2017-03-31 03:35:14
mvx05866317,xeno5136547645,1,2,1,Y1U 8QA,6,UK,CREATE,2013-03-15 11:47:59,2014-04-14 05:36:36
nwy49027094,ipez0676009260,1,3,2,ZC9 1EX,4,UK,UPDATE,2014-08-02 12:18:33,2013-04-21 03:16:44
ytx28433514,amrq7026163510,2,3,2,UD8B 2JB,3,UK,CREATE,2014-09-10 05:50:44,2016-06-28 11:21:52
pwd40939187,xpha1562732436,1,3,3,WD0N 2NA,6,UK,CREATE,2013-08-16 10:34:37,2013-05-29 10:49:56
ydi35527382,qyoi1842908717,3,1,1,R0J 5BL,2,UK,UPDATE,2013-06-10 07:04:27,2014-04-19 10:15:36
fsm41277490,trul2430159782,3,1,3,WN32 5DS,5,UK,CREATE,2012-01-14 04:49:44,2014-11-08 06:50:54
yla44764788,mocc5586291677,3,1,2,RU9X 1NR,5,UK,CREATE,2013-07-02 12:02:52,2015-08-04 06:03:52
dge88009701,dihb0755453021,1,2,3,WL3 3JP,2,UK,UPDATE,2014-03-19 09:34:04,2013-05-30 06:28:01
pkt92418484,jdkc8736741779,2,1,2,SH4N 1JA,1,UK,CREATE,2014-06-14 08:07:43,2013-05-04 02:24:47
cni94596536,zcvj9807883201,3,1,3,H5K 9AN,6,UK,UPDATE,2011-05-17 09:35:25,2014-09-25 05:59:31
rnp58052172,aphv9375800750,1,3,2,Y7P 6PB,4,UK,UPDATE,2014-11-25 05:03:04,2013-05-15 02:06:50
tqk78865799,fxwy8155513921,1,3,3,OX89 6NJ,5,UK,UPDATE,2014-12-30 11:31:47,2017-04-15 11:29:33
skg74414244,oftb5132299871,1,2,2,UL8B 8JD,2,UK,UPDATE,2014-03-09 06:25:44,2015-08-23 10:46:03
bwq35689927,hyym3754588661,2,2,1,W2P 1NL,1,UK,CREATE,2013-02-04 05:43:50,2013-08-18 12:43:19
rru71498420,bvhg1486433422,1,2,3,SN3H 2XT,6,UK,CREATE,2010-08-17 09:29:58,2012-07-21 01:31:55
axl58805972,vgoh5726064732,1,2,3,NO8R 0LQ,3,UK,CREATE,2014-05-25 08:00:17,2014-10-26 03:41:21
ibv97915914,sydr8407775722,3,1,3,SD1A 8NY,1,UK,CREATE,2012-04-10 02:06:31,2015-09-29 07:15:36
gyx98658477,tdal0877450591,2,1,1,WD1 5JL,5,UK,CREATE,2011-03-12 03:10:34,2015-01-15 02:00:55
bkt29134406,izty1637707521,1,2,1,SX15 0DH,5,UK,UPDATE,2010-10-14 02:47:29,2014-04-27 03:43:53
aft97652980,pcis2531102889,3,2,3,D0K 5BE,1,UK,CREATE,2012-06-05 03:30:30,2013-02-07 07:29:44
mfs35092703,rynf9786034712,2,1,3,W8B 3SJ,4,UK,UPDATE,2011-12-03 08:50:42,2015-06-03 07:02:31
kqr77580985,zsfn1887746877,3,1,2,SD1X 4LY,3,UK,UPDATE,2014-01-12 09:33:30,2015-04-03 10:16:54
zji82178208,oxuh7862084738,3,1,2,WW4W 1DN,5,UK,CREATE,2011-08-25 12:49:25,2013-04-01 04:20:28
oqx36139897,vioo9836309922,3,1,2,RD2Y 1JF,6,UK,CREATE,2015-02-08 10:42:11,2015-09-23 04:31:51
wvb31738278,anwi1866175546,1,3,2,R8W 4NL,6,UK,UPDATE,2010-03-15 06:37:43,2016-08-08 11:08:06
sup42218441,mwkg7692194972,1,1,1,Z9W 4JE,3,UK,UPDATE,2014-07-29 06:46:48,2013-08-14 04:31:39
hio49630323,muek5735924208,2,1,2,Z2K 7AG,4,UK,CREATE,2013-09-03 04:00:46,2012-01-28 05:32:59
rqs17033607,tzxq3710891339,2,2,1,WR33 9GG,2,UK,CREATE,2013-09-01 11:04:09,2015-10-24 11:10:42
lmo97416423,bjgf0409025550,3,1,3,W26 3JW,2,UK,UPDATE,2011-06-30 10:27:30,2015-05-15 10:20:58
xkf34406970,erhk5205918651,1,2,2,SN2N 7HA,3,UK,UPDATE,2012-09-04 04:09:45,2015-04-03 12:29:58
szr30979646,psvf8826485526,1,1,3,O92 5NT,4,UK,CREATE,2013-08-19 05:45:31,2016-12-29 12:04:38
zbd09943892,zhme0571780095,3,2,2,FX6N 1LJ,1,UK,UPDATE,2014-10-20 08:14:57,2015-08-07 10:10:38
knt73033739,ckfu8663955948,2,1,2,YN4R 2JU,5,UK,UPDATE,2014-03-18 01:01:39,2013-05-03 09:53:53
zbp73781894,svsi4677122307,2,1,1,W4B 4LJ,1,UK,CREATE,2013-01-09 07:04:14,2016-06-18 05:14:52
uiw05952428,zfoz5310443645,2,1,3,J9J 5WH,2,UK,CREATE,2010-06-22 07:25:31,2012-08-05 09:29:23
wos42749211,sptw0698433450,2,2,3,RD3N 5AB,6,UK,UPDATE,2014-07-04 10:52:09,2014-03-24 11:19:20
ddq70713541,fynp6906132040,1,2,1,W5W 2GA,4,UK,CREATE,2014-03-10 11:43:49,2015-06-15 04:36:46
iig91987122,oelq1305111062,2,1,2,W8H 4PN,4,UK,CREATE,2012-02-29 12:22:47,2012-04-24 11:24:46
agv92179138,nwca9602732738,3,1,3,Z74 2LB,1,UK,CREATE,2010-05-01 09:59:47,2012-08-18 03:34:07
nip75201562,ktnl6447283557,1,1,1,ZW4B 9ST,6,UK,UPDATE,2010-04-23 03:34:55,2013-03-06 05:10:10
hah04339879,cxfy5293155168,1,1,2,T7E 6JS,4,UK,UPDATE,2012-01-30 02:57:19,2016-05-03 03:33:41
yqp97523176,wnka4588246159,3,2,3,M83 2JN,2,UK,CREATE,2011-01-10 10:15:08,2014-05-19 06:06:57
din19564043,jmdy5072888732,3,3,1,W5K 2AQ,6,UK,UPDATE,2014-02-12 05:49:36,2015-05-21 10:12:07
jto36995552,iqjh2579919456,3,2,2,R2W 4BG,2,UK,CREATE,2012-05-26 10:22:03,2013-09-08 10:37:18
vns79620850,uzgu1133405395,1,1,3,SO3H 4LL,3,UK,CREATE,2012-04-12 10:37:15,2015-07-06 02:21:00
sfi85606082,pfqz1100873690,3,1,3,YD47 8AJ,4,UK,CREATE,2012-10-12 12:34:10,2013-08-26 06:19:44
wmc69229886,budu4194877974,3,3,1,YD8Y 3UH,5,UK,UPDATE,2012-04-11 06:47:41,2017-04-22 01:51:35
ivk06566857,ohcu4433813626,1,2,3,SY7E 6XH,6,UK,UPDATE,2010-01-20 07:53:04,2012-06-16 11:30:46
nvp18184806,zvlj7437321214,3,1,1,T6W 9QB,3,UK,CREATE,2013-03-08 09:37:04,2015-11-08 11:45:03
axf78769292,pwfe6907396722,1,3,1,IW7 8JJ,1,UK,CREATE,2010-05-13 03:47:46,2012-06-08 04:53:08
yad10340120,wqov9848588087,1,1,2,SY5P 6NZ,2,UK,CREATE,2013-03-03 07:59:57,2014-06-24 07:56:04
ksl34842985,vxor3553882792,3,1,3,WB4M 4NR,6,UK,UPDATE,2011-03-26 08:56:45,2016-07-25 04:45:36
qtw19134233,ovbq3477041251,3,2,2,B1T 1GF,1,UK,CREATE,2012-09-11 02:46:41,2014-01-16 08:06:36
uqc25582577,dkgz7643233860,3,1,3,U0K 5JA,3,UK,UPDATE,2014-11-15 01:43:47,2013-01-29 02:38:10
uhi51989642,brmi8481956919,2,3,1,Z10 7AU,2,UK,UPDATE,2010-04-21 12:24:11,2014-11-17 07:44:13
sbk26575498,lgpf0431238189,2,1,3,ZD6 7FD,3,UK,UPDATE,2013-05-23 11:15:07,2014-08-23 10:41:03
dvz51816915,ikgv9666770148,3,1,2,W1W 4JD,5,UK,UPDATE,2013-03-01 07:08:34,2013-09-02 04:50:21
ubp30847456,frar0311428751,3,1,3,Z3P 9JL,2,UK,CREATE,2011-05-01 10:36:23,2015-11-13 04:53:53
loc44207451,yfwy9881138104,2,2,1,YD6A 6RL,3,UK,CREATE,2011-11-14 12:47:30,2013-07-24 04:08:05
ulv89430193,vhzy5102185301,2,2,3,ZB10 4EL,1,UK,UPDATE,2014-10-22 08:57:22,2014-03-18 03:48:20
rpx25447473,kyld5600902448,3,3,1,WY5E 0JJ,5,UK,CREATE,2011-04-13 08:05:00,2013-12-29 01:03:54
qlp91144242,ciiy6159728833,3,1,1,TK4H 7NS,4,UK,CREATE,2014-02-19 04:45:19,2016-04-18 08:51:19
iid36120519,czsi4375039107,3,1,2,CP1N 6TJ,1,UK,CREATE,2010-03-06 09:24:14,2015-04-21 02:06:20
bug13250287,ugva4954092608,3,1,1,SY1 0LN,2,UK,CREATE,2014-06-11 10:17:44,2016-12-15 09:27:31
vqy83844882,tooh2007329042,3,2,3,W94 5TJ,1,UK,CREATE,2012-07-26 12:35:26,2017-01-09 08:56:38
ngx65329455,zzdw0472671998,2,3,3,TB7 8HA,3,UK,CREATE,2011-08-23 09:01:08,2015-09-18 04:08:48
rzq71052585,tekf8871116598,2,3,3,GU3Y 9BL,5,UK,CREATE,2014-05-28 11:21:54,2015-07-31 03:44:10
rhg66998213,jveu6553800441,1,1,2,Z4 0LJ,2,UK,UPDATE,2014-04-13 08:24:13,2012-11-14 01:43:53
kfw98094377,rsee5140355545,3,2,2,YC4R 0LD,1,UK,UPDATE,2010-01-31 04:58:30,2013-11-28 04:21:57
uom35902663,uxvg3460232599,3,2,1,OG2R 0LU,6,UK,CREATE,2014-08-02 09:06:37,2013-12-12 05:39:16
jxe30853517,xllb9149297649,3,2,3,HK7E 5BN,6,UK,CREATE,2011-09-09 10:38:16,2013-07-11 08:03:47
sny60909837,tefz0845445566,3,3,2,O6S 5EB,3,UK,CREATE,2011-02-15 05:16:53,2012-06-30 11:09:21
knm52075412,xljg1632356171,2,2,3,YE3B 1NJ,3,UK,UPDATE,2012-02-09 02:58:06,2012-09-18 01:10:48
fgp15248134,gbxx2143774061,2,2,1,ZR4R 5LB,4,UK,CREATE,2014-09-27 03:18:07,2013-05-05 10:50:28
mii70544979,iulj2359428153,2,1,3,ZY0E 1JL,4,UK,UPDATE,2012-03-12 03:18:34,2012-10-01 08:58:41
gwf85196137,nkcx0019832232,1,3,3,ZR9H 8LD,3,UK,CREATE,2010-04-30 08:45:41,2014-05-30 09:40:48
loc54580919,gtev0526168350,2,2,2,SP9B 8LG,3,UK,CREATE,2012-10-22 05:58:09,2016-10-27 03:20:50
gnj31928235,pgzo9535346709,2,2,3,I51 1QL,5,UK,UPDATE,2012-08-15 11:33:36,2016-04-09 06:23:11
web27074127,cpjq1792332428,2,3,3,P5W 8NA,3,UK,UPDATE,2011-07-29 12:51:06,2015-06-03 08:38:25
dbs02855296,ollc0422960446,3,2,2,SB7R 1XJ,1,UK,UPDATE,2014-10-12 05:38:04,2012-02-12 06:47:32
woo52141057,rhhl8782777427,1,2,3,U7 2NT,2,UK,CREATE,2014-01-09 12:13:46,2014-06-06 06:36:41
vlr93547456,jutn4195312403,3,2,3,WC1Y 7NQ,2,UK,CREATE,2012-01-25 04:34:35,2015-02-19 06:27:17
lvv42769350,bvuq7670136895,2,1,2,Y04 9JN,1,UK,CREATE,2014-02-03 06:15:59,2013-01-27 01:29:20
lcv12059279,njeg4301707445,2,2,1,NE9 1NN,6,UK,CREATE,2010-08-17 10:04:27,2013-01-01 10:30:42
hba24034463,tjbf6599295363,3,3,2,E63 7BJ,4,UK,CREATE,2010-04-27 02:20:19,2013-03-08 11:21:01
bru86528439,szdm4512809607,2,2,1,YF6X 3JB,4,UK,UPDATE,2012-09-20 02:43:23,2013-03-02 11:27:07
zes70136692,olho6586112679,3,3,2,WL6M 9NE,2,UK,CREATE,2014-03-21 06:48:27,2015-03-02 07:50:42
zvc04047338,qiux1017940077,2,3,2,YH1R 8PF,4,UK,UPDATE,2010-02-07 08:39:49,2014-06-14 06:54:24
xyc14289842,uqdd7398726208,3,1,2,PF8E 4LX,2,UK,CREATE,2014-07-01 08:36:35,2017-03-30 12:40:51
hyn47967427,cvdf3494763533,1,1,3,TB0X 4JT,4,UK,UPDATE,2013-04-26 11:29:03,2013-02-21 12:58:51
voq43933694,kvsl2599034504,3,2,2,RD00 1SN,3,UK,UPDATE,2011-03-13 10:52:56,2017-04-28 04:07:31
xpw11701954,gtgc6135360438,2,2,2,Z59 3HD,5,UK,UPDATE,2013-05-09 01:13:09,2013-07-29 07:03:59
nnt10515009,dlcs8147159716,3,2,2,A0J 0ES,2,UK,UPDATE,2015-01-15 08:37:15,2016-07-20 10:57:09
mvl93831112,uaar2139428661,1,2,3,K88 7LJ,4,UK,UPDATE,2013-01-16 04:15:14,2013-03-06 04:13:26
kfz54246859,syfu3330938161,3,3,2,WS4H 6JJ,6,UK,CREATE,2010-09-07 01:32:40,2015-04-13 07:01:10
daw18378781,xixr4083612518,3,1,3,W5G 4NL,4,UK,CREATE,2012-11-14 01:27:35,2016-01-19 04:34:11
nlp81027316,yxxl3631945056,2,2,2,ZV37 0NH,3,UK,CREATE,2012-02-05 08:34:29,2013-11-30 03:28:30
knw04572974,jemt5308110523,3,1,2,WF9R 6UT,6,UK,UPDATE,2010-03-22 07:53:01,2015-07-06 10:05:54
cth98008531,yvyv4231647811,2,3,2,RX79 3JG,4,UK,UPDATE,2015-03-06 02:22:36,2013-12-05 08:49:20
zlc69359976,gkhv9754180060,1,2,3,WB7R 7NU,4,UK,UPDATE,2013-08-15 01:27:24,2012-05-29 06:22:18
vuj86949489,fjwr7719962481,1,2,3,W9P 8LL,5,UK,CREATE,2012-12-26 12:27:43,2014-04-03 02:42:28
vpd34568218,byqq9327976548,2,3,2,WC1E 3HL,3,UK,CREATE,2012-10-30 07:09:53,2016-01-27 01:36:10
qbh59356253,aqqc6262626072,3,3,1,RH0B 5WA,2,UK,UPDATE,2011-05-20 09:08:09,2012-09-06 10:05:17
qgo43098983,xksw7742580923,3,2,3,WB0 2TY,4,UK,CREATE,2013-10-18 09:02:27,2014-09-02 03:13:17
dzz61751375,qkjj4062093401,1,2,3,RW87 0RJ,5,UK,UPDATE,2012-03-29 03:02:51,2012-04-27 05:03:02
web51776249,eqtr5352908637,3,1,1,E8U 6HA,6,UK,CREATE,2011-05-03 07:49:08,2012-03-06 03:26:25
iat33320331,irol5003618638,1,1,1,AG7P 2LE,3,UK,UPDATE,2010-08-13 12:14:18,2014-12-25 10:15:47
rec02565521,jzoc1700743692,2,2,1,Y0W 2UA,1,UK,CREATE,2011-07-19 05:38:33,2012-05-30 07:57:34
cee16864122,pvgp1342608660,1,1,1,W3P 2JE,4,UK,CREATE,2011-05-28 02:54:47,2014-03-31 04:27:44
kfm20934337,trwc1746569367,1,1,1,Z3T 6LN,1,UK,UPDATE,2015-02-24 08:49:17,2014-07-16 12:36:07
wtw24381338,lwch1728088769,1,1,3,Y4T 8GH,3,UK,CREATE,2011-04-12 02:04:15,2015-02-26 09:43:11
iwp83219102,wlei6620607671,2,2,2,T5W 9FA,3,UK,UPDATE,2010-08-29 04:29:39,2013-12-01 10:28:51
muf89109701,jzwy2788714080,3,1,3,Z3B 2HQ,2,UK,UPDATE,2011-09-10 05:29:04,2012-08-23 04:38:57
svk68096160,sgwl3344901201,1,2,3,WT25 3JE,2,UK,CREATE,2010-11-21 01:53:20,2012-01-21 03:11:27
fuz51840943,opwl6580328020,1,1,1,AK9A 6LN,2,UK,UPDATE,2012-07-05 06:05:24,2015-08-08 08:32:18
khl44576930,nrln2473173636,1,2,3,WW1 9ZA,4,UK,CREATE,2014-11-11 04:19:23,2013-01-10 09:28:39
ysk69394893,yraa1691795548,1,3,2,WO8R 2XU,2,UK,UPDATE,2011-10-17 03:37:47,2016-11-30 03:46:36
icn67385063,duly7164729876,2,2,1,YW1E 8LE,4,UK,CREATE,2013-10-10 08:30:41,2012-04-25 11:53:30
ofx63396983,ifzm2259479730,1,3,3,WM7R 2ET,1,UK,CREATE,2010-12-26 08:10:20,2013-09-15 05:03:53
dyt02557649,hxie5933308665,2,2,1,U4S 2TX,6,UK,UPDATE,2011-01-16 02:57:51,2015-06-09 01:22:38
lif37116302,zymz1209889171,2,2,2,YM0E 7SH,4,UK,UPDATE,2014-11-24 09:59:42,2012-02-18 12:04:24
mkv48109999,lcez5280582403,3,1,3,Y4W 1HW,2,UK,UPDATE,2011-03-11 07:12:02,2017-04-05 04:52:54
fuk71498644,rzmq6198519050,3,1,2,YD01 6UU,3,UK,CREATE,2013-03-09 11:41:36,2014-05-14 11:12:11
xtn79420918,lqrn9573206829,1,3,1,R7G 4GE,3,UK,UPDATE,2013-08-17 01:53:00,2012-08-07 01:47:34
hjt23997944,mnjz2443547539,3,2,3,WL4W 9NN,5,UK,UPDATE,2014-07-27 09:07:01,2012-10-01 05:17:36
wgj06631413,knno2475749791,3,3,3,YN3R 2FA,2,UK,UPDATE,2013-09-09 12:21:25,2013-07-02 11:07:04
pia97821480,cdeo6680881709,3,1,1,YX5A 3AJ,4,UK,UPDATE,2015-04-06 05:06:30,2012-02-15 08:45:28
qrg04831682,khqj0599179050,3,1,1,W4P 0JN,5,UK,UPDATE,2010-11-28 04:33:01,2014-07-15 03:01:33
bba22737182,dtny4300826564,3,3,2,YW2E 1ZR,5,UK,CREATE,2011-12-25 06:28:17,2014-04-24 12:54:44
pxy96066897,rhke6222630651,3,1,3,GF3 8JJ,2,UK,UPDATE,2014-11-09 01:42:02,2012-12-26 03:06:08
anm21471895,ohsw8046021559,3,3,3,Y8 7AG,1,UK,CREATE,2010-02-20 06:03:05,2014-11-20 05:25:52
dpk04010901,eljk6982914581,1,2,1,J31 6DB,1,UK,CREATE,2013-09-22 11:49:06,2014-01-05 10:01:32
lpn09860084,iguh5241693965,2,2,1,CA5N 2ER,3,UK,CREATE,2011-01-02 07:31:57,2015-12-18 02:55:18
jzw11190761,ozhx8573722628,2,3,1,S7P 5NL,6,UK,UPDATE,2010-09-19 07:12:17,2013-02-28 10:12:24
stu00066739,zshe2637740628,2,1,2,WR4H 8ZL,2,UK,CREATE,2015-01-07 03:33:43,2015-11-26 11:23:42
hks92415065,dgdf0244019489,3,1,2,W0 5BB,5,UK,CREATE,2015-04-21 03:11:02,2015-04-27 09:10:16
dyx50781700,yzbp4486761025,1,3,3,WH7R 0JU,2,UK,CREATE,2015-03-29 04:56:25,2014-02-11 02:59:39
tvk21552718,rdvu1632527214,2,3,3,ZB8X 7WX,3,UK,CREATE,2013-10-10 09:06:35,2015-12-25 08:32:50
mvb63866224,khlx0857840300,3,2,1,YS7H 0NF,1,UK,CREATE,2011-09-19 07:57:32,2012-03-27 03:54:21
tlw72475461,vwvf3738386586,1,3,3,SF2E 3EL,3,UK,CREATE,2011-11-19 12:23:17,2012-09-13 06:55:53
dkm33853516,bsrh8561516994,3,1,1,ZF5Y 7GL,6,UK,CREATE,2012-10-31 07:03:26,2016-01-03 06:18:25
hgu13901855,uxkh1892359908,3,3,1,ZP8 3NW,3,UK,CREATE,2013-01-18 09:27:36,2015-05-03 02:19:19
pdu16827848,lhyg3603051741,2,3,1,UE2A 1AR,6,UK,UPDATE,2011-06-26 04:39:14,2016-07-31 02:51:45
qgo04848120,vyqx6631633228,3,3,1,ZM4B 6WZ,6,UK,UPDATE,2012-06-15 02:02:45,2012-08-13 01:06:21
udl12434478,wwtl0141205692,2,3,1,Z1W 8LL,4,UK,UPDATE,2013-10-14 06:17:16,2015-10-02 05:37:47
hdz89341007,fwxh7124942496,2,1,3,EG7H 9JB,1,UK,CREATE,2013-03-08 12:51:26,2016-08-24 01:23:29
zbn90734661,jmrn5148853321,1,1,1,U2P 5JU,5,UK,UPDATE,2012-08-01 05:44:01,2012-02-14 11:38:01
zal72256772,khen8316901262,2,1,3,UA4P 4JF,5,UK,CREATE,2013-04-04 01:35:11,2012-08-08 05:02:11
alv66511113,apya6434436658,3,2,3,NQ0W 6NB,6,UK,CREATE,2010-08-24 09:23:56,2013-07-22 11:19:14
eic64591707,jfkg5928329144,1,1,1,WP7V 2WL,6,UK,CREATE,2015-05-01 04:07:38,2013-08-17 04:42:21
tat37235307,gizf1115560923,2,2,1,W60 0LH,1,UK,CREATE,2010-08-21 01:30:13,2013-05-04 02:25:22
rhq71683039,ggpr7374223624,3,3,3,W77 3NL,5,UK,CREATE,2014-07-13 08:36:25,2014-12-11 03:33:04
hql65778496,oeqg4893282009,3,2,1,BV1M 2LL,3,UK,CREATE,2011-10-17 05:56:19,2015-03-09 05:36:18
loy16335479,ijut1077354010,2,2,3,ZN5N 2DJ,2,UK,CREATE,2012-11-26 08:11:00,2016-04-30 02:16:22
nxj06812704,okyk2206897567,3,3,2,ZA8P 2JZ,1,UK,UPDATE,2013-10-10 06:05:47,2013-05-19 05:09:37
ode82043963,zsdw1034476625,3,3,2,T9P 8LJ,4,UK,UPDATE,2011-06-02 01:57:18,2013-10-05 04:18:08
otc23817397,ofkt4019249554,2,2,2,YD7 1FN,1,UK,CREATE,2014-04-28 03:40:55,2015-01-22 02:10:22
nlw20795532,imul0902634396,3,2,1,Z0U 7LJ,6,UK,UPDATE,2014-02-26 03:03:19,2013-03-14 08:14:12
qyj03611739,jpei5724759890,2,2,1,WN7M 3QZ,2,UK,CREATE,2012-04-06 05:56:16,2014-11-05 03:31:14
igq52246193,egrr8959806216,1,3,1,WU8H 5LN,3,UK,CREATE,2011-03-02 06:44:09,2017-05-10 10:37:59
qnr49403869,zttf7757030868,1,1,1,R6J 6NW,3,UK,CREATE,2011-03-28 10:46:13,2012-11-21 02:07:35
ani23870175,ovtl0869007397,1,3,2,WF8R 8BA,4,UK,UPDATE,2010-10-20 02:30:39,2013-10-02 07:59:58
dfa98833702,subz1553449946,3,1,2,W5F 5NS,2,UK,UPDATE,2011-11-10 12:21:31,2013-06-22 03:53:36
bbn39639022,kfoo1732700370,2,2,1,S8P 9NJ,3,UK,UPDATE,2014-10-10 10:08:04,2017-01-26 07:05:39
vkz77282209,dgoy4309019370,1,1,3,WX66 5XA,1,UK,UPDATE,2013-12-21 11:44:46,2016-06-10 02:30:18
cpf28075357,fvtg5088976188,2,1,2,WO1H 3BB,6,UK,UPDATE,2011-05-14 10:23:29,2016-01-18 03:27:14
bfz52824564,wgia6949905176,2,2,2,WW2H 9ST,1,UK,CREATE,2015-01-15 11:25:13,2016-12-04 01:33:32
tth44664613,codv8968203693,2,3,3,HY3E 3RH,5,UK,UPDATE,2013-11-18 02:58:07,2015-02-04 07:05:57
tyh95558502,vnmh8123549968,2,3,2,WV5A 1ZU,2,UK,CREATE,2014-05-02 04:19:33,2015-04-17 10:05:07
ihy08854803,kqct7122528348,1,1,2,JF5R 2AZ,2,UK,CREATE,2014-12-23 06:40:17,2016-03-16 08:39:25
ffm14057735,vxgw7830143466,2,1,2,YV1 6DJ,6,UK,UPDATE,2014-05-01 01:35:48,2016-11-07 12:01:52
pot49611002,abee3597761695,2,3,2,W6W 4NN,6,UK,CREATE,2011-03-17 08:33:38,2015-03-16 12:38:18
lge62851447,eyho3485228058,1,2,2,YH1P 3WZ,6,UK,UPDATE,2010-04-25 01:54:08,2016-01-24 01:15:12
xug69233209,ybqw2690800834,3,3,3,GW36 4NB,2,UK,UPDATE,2011-06-09 06:08:17,2012-12-11 10:41:05
vcj88141959,frma4927466577,2,2,3,WB1R 4SZ,4,UK,UPDATE,2012-01-20 10:24:02,2013-01-01 09:48:20
kag27107600,gofe6783390916,2,3,1,W9P 8NB,6,UK,CREATE,2013-04-19 04:34:30,2015-08-07 04:27:30
ysg84996257,zrgc5098930004,3,3,1,YA5M 7BS,3,UK,UPDATE,2013-12-17 01:17:10,2012-07-19 10:10:16
tal11183122,jojx1672756266,2,1,3,W7D 6BL,1,UK,UPDATE,2010-09-05 05:54:31,2013-07-20 01:44:16
amk24163171,gmoc5584485863,1,2,2,T1 2BH,4,UK,CREATE,2014-11-11 09:55:09,2017-03-01 09:55:23
gmq46389063,cuqu7116605383,1,1,3,UQ4H 9GN,4,UK,UPDATE,2011-04-20 11:58:02,2016-04-27 08:23:24
tkm19930952,pzuq6585405122,1,1,2,Z8S 0YR,2,UK,CREATE,2011-11-25 06:33:37,2013-08-20 12:39:31
tfa03805022,jrnm7096732071,1,3,1,ZM1E 0PJ,3,UK,UPDATE,2010-10-03 09:49:02,2017-05-06 01:14:39
zcb87382781,tmuw6784416383,1,2,2,ZQ6P 8JL,2,UK,CREATE,2014-09-23 07:27:20,2014-03-01 05:39:03
gjq24267352,ksqe0049320323,2,3,2,WF2P 3BN,2,UK,UPDATE,2014-03-17 10:06:07,2014-12-02 11:08:30
aqc33462016,wfiv9463611453,3,1,3,UP0B 5YL,2,UK,UPDATE,2010-01-26 01:25:24,2014-08-02 11:24:15
vuv27805470,uhmt1191878056,1,1,1,W6P 4JN,6,UK,CREATE,2014-09-07 11:13:41,2016-02-09 04:24:00
emf17287571,ofbk1298763260,2,2,3,FN43 9JL,5,UK,UPDATE,2010-03-15 06:21:39,2016-09-10 11:58:18
lvg09715784,zpay3863272479,1,1,3,LM6N 4DA,6,UK,UPDATE,2013-11-20 04:33:04,2016-08-08 08:51:07
hxo03399752,dumf7496274260,3,1,3,Z4 1BN,6,UK,UPDATE,2013-12-14 11:57:08,2017-03-16 05:12:43
ohb29200154,hgtx9897000674,1,1,1,SH3V 7BJ,1,UK,UPDATE,2013-03-18 08:57:52,2012-02-17 06:56:13
mun50774753,vgsh9483442491,2,1,3,T56 0ZN,6,UK,UPDATE,2013-07-04 11:45:14,2017-02-06 04:57:41
wdd49419863,fxht5110086427,3,3,2,NY59 4HB,2,UK,CREATE,2012-10-28 11:14:14,2017-01-07 06:04:13
vxq50780746,qncg1137764567,2,2,1,W6P 0BB,6,UK,CREATE,2011-08-12 08:24:12,2012-03-29 03:44:36
mdl29479111,zgbf7802434770,3,1,3,W6W 3FL,5,UK,UPDATE,2014-08-17 12:47:04,2013-01-05 03:34:54
uap99329987,hsjj6029501467,3,2,3,Y8 5AY,2,UK,CREATE,2012-10-26 09:43:47,2013-11-30 09:29:22
wco67566120,dzvm3581390722,2,3,3,YR1A 4JN,5,UK,UPDATE,2013-01-17 01:47:48,2013-06-09 04:58:50
nnp39320790,llkk3622137978,2,2,1,S4W 2EF,6,UK,UPDATE,2011-04-10 12:13:56,2014-10-16 05:49:26
pkv66717087,addk8329014417,3,2,2,Y1U 5LL,3,UK,UPDATE,2011-08-19 05:45:39,2015-01-19 09:22:41
cwc03025295,mrcc4823544233,2,1,2,SU4V 2JN,6,UK,UPDATE,2011-03-17 11:42:43,2015-07-19 07:35:10
tsh24304280,lzpj2776640792,3,3,1,T6 1TF,3,UK,UPDATE,2013-07-02 07:22:23,2013-08-19 08:47:33
qfs85047028,otmz9919100655,3,2,3,K59 1JR,2,UK,UPDATE,2015-01-08 01:42:36,2012-02-22 02:31:26
sbi73756065,iygm1939698031,3,1,1,RP4E 0DB,2,UK,UPDATE,2012-05-09 12:47:53,2016-03-18 09:20:55
lin36045777,yfcq9117962622,1,2,1,A9P 2FW,6,UK,CREATE,2014-06-27 11:10:20,2013-11-12 04:39:33
lqt32067915,ynwg9258795837,1,1,1,ZV3 4SJ,2,UK,CREATE,2011-03-02 10:36:08,2014-03-19 10:33:56
kha68265214,naqx5575029073,1,3,2,CP2N 7JB,1,UK,UPDATE,2013-04-09 05:04:13,2015-10-10 07:53:25
dcw57857886,qafl2933357592,3,3,3,UE9P 3JJ,1,UK,CREATE,2010-08-03 02:19:58,2016-05-31 05:56:51
bmi97952538,free3907760645,2,3,3,WW6H 5JL,5,UK,CREATE,2014-10-05 08:10:41,2016-03-10 06:11:54
jlz05165179,idaa1799859532,3,2,1,ZA6H 5XA,3,UK,CREATE,2012-06-28 01:45:27,2012-08-02 01:21:30
rmz08118984,vfnr0921107775,2,1,1,BA0H 6GZ,4,UK,UPDATE,2014-03-28 06:15:43,2014-12-31 04:07:08
tfk07795313,yhlj1296820964,3,2,1,W2 2JZ,2,UK,CREATE,2014-03-12 12:26:27,2012-11-12 03:50:36
mki91227705,egqp2973465961,3,3,1,WA3R 9JQ,6,UK,UPDATE,2012-05-09 09:12:08,2013-10-12 07:53:12
iyt55372493,queq8662589860,1,1,2,YX8H 2AN,6,UK,UPDATE,2012-01-27 04:55:28,2013-03-27 02:19:44
ayl12971387,quqd7887394189,2,1,2,Y4A 4NJ,5,UK,UPDATE,2015-04-15 09:20:18,2015-04-08 09:20:50
ikr53498584,coor6506124058,2,3,2,SD9E 0PN,4,UK,UPDATE,2011-10-20 04:40:01,2012-09-15 03:33:48
fsi50460002,mqtc4572712163,3,2,2,PF49 9AA,6,UK,CREATE,2010-04-20 06:34:35,2013-08-14 04:51:03
bmz99242391,ikff2189610061,3,1,3,TK3B 6JR,1,UK,UPDATE,2014-03-01 09:06:50,2012-01-21 11:07:13
bbi98446003,waxt9926425611,2,1,2,RK3P 8BT,6,UK,UPDATE,2013-11-12 07:56:20,2012-02-13 06:46:47
bmj82027841,dxsw9875211213,3,3,2,IY25 3ZN,5,UK,CREATE,2014-01-25 09:48:09,2014-12-17 07:38:13
kwy51309788,rvux6464542584,2,3,3,ZA2P 9EL,6,UK,CREATE,2013-05-07 01:05:58,2013-02-24 10:34:21
zyb66581849,huzm7246643744,1,1,2,YA7E 6LW,1,UK,UPDATE,2012-03-16 01:50:43,2016-11-22 07:02:20
fik91192645,pzjn6892725126,2,1,1,T0W 4BL,4,UK,CREATE,2013-09-24 07:29:58,2015-10-13 10:13:50
xjv77494116,waue5641360191,3,3,3,FQ6V 6AH,5,UK,CREATE,2012-10-29 04:13:17,2013-01-22 12:23:31
jfy17092122,qulc1882811603,2,2,2,OT4M 7XX,6,UK,UPDATE,2010-03-21 05:11:20,2012-11-14 03:24:56
xii16520070,khvw5644855155,2,1,2,WC4E 1DU,5,UK,UPDATE,2012-07-26 01:33:38,2013-03-14 05:29:47
luj82927746,vjoh2141282175,2,1,2,ID0R 6UJ,5,UK,UPDATE,2013-09-09 08:56:09,2016-11-16 04:09:54
egm42679963,zolc9912589980,3,1,2,Y7C 5LL,4,UK,UPDATE,2014-02-26 06:15:25,2014-01-11 02:03:45
cxe84434355,yyjr6879497102,2,1,2,SF07 0ZQ,3,UK,CREATE,2013-03-15 04:12:23,2012-05-07 09:49:26
jix59415937,iioh1260901112,2,2,3,SB6H 2BE,4,UK,CREATE,2012-07-23 05:58:05,2013-12-03 07:18:21
hdd46590514,jndq1133650274,3,3,3,UB15 4AD,6,UK,CREATE,2013-01-08 11:42:09,2015-01-12 04:05:30
hol92943738,eumg0443389404,1,3,3,DX3B 9HQ,5,UK,UPDATE,2013-04-30 08:21:53,2015-01-24 05:06:49
ivr02731311,kqsv7616091096,2,1,1,D0T 4GJ,5,UK,CREATE,2013-05-30 10:56:27,2012-12-18 02:17:32
taf61550567,ujgd3101543011,2,2,2,UA7A 6NH,5,UK,UPDATE,2010-10-02 01:55:21,2013-05-19 04:33:29
wxq67993210,eugy6160241061,1,1,3,CC3X 4AJ,4,UK,UPDATE,2013-09-16 12:53:48,2014-12-29 11:41:37
vgl24308261,xdmz5645548294,3,2,2,UR3R 6JY,2,UK,UPDATE,2015-02-19 01:49:52,2015-08-29 05:17:41
bcx98132870,aprt5101034704,2,1,2,UA1E 2NN,6,UK,UPDATE,2011-10-15 12:56:11,2014-03-08 03:56:49
osu24632824,wbqx2501665671,2,3,3,EN0H 2JP,1,UK,CREATE,2010-08-03 09:12:02,2012-07-05 06:10:55
pqq66119276,ggpl8526563597,3,1,2,UB3A 1FN,1,UK,CREATE,2014-01-07 07:28:54,2014-11-18 07:54:20
ixn19258945,hhat3804372214,1,3,2,RA5N 0NN,5,UK,CREATE,2015-03-30 10:27:09,2015-02-08 01:47:45
mwk38539198,muxj0392014284,3,3,2,S7J 5TE,5,UK,CREATE,2015-01-05 09:04:51,2012-10-24 08:49:07
xdm94316474,iubc0152573927,1,2,3,ZG3M 0JA,5,UK,UPDATE,2013-12-05 07:21:50,2012-03-20 03:11:58
ypf17744043,zard4746405819,1,3,1,ZK0M 8NL,4,UK,UPDATE,2011-07-12 02:52:25,2014-12-03 05:29:12
zqz22868855,ajti6659691049,3,1,2,IA6 3ZU,6,UK,CREATE,2013-01-19 08:47:10,2012-07-16 01:51:11
ypd02793665,avye9834775418,2,2,3,R8J 0NA,1,UK,UPDATE,2012-07-02 11:49:44,2016-01-05 01:20:17
nwn42106394,xyxc8176570898,2,2,2,U5 7AH,4,UK,UPDATE,2012-10-11 11:57:34,2016-10-27 05:05:10
qix30825076,dyzf8349758306,2,2,1,Y3W 0LN,2,UK,UPDATE,2013-03-26 12:17:04,2013-06-02 05:18:14
aim76015823,bfud5037718161,2,1,3,N31 5UN,6,UK,CREATE,2012-03-10 03:42:41,2017-03-26 09:13:38
jsc35460459,wcus0438739809,3,1,1,N5 4NQ,1,UK,UPDATE,2011-06-03 03:00:30,2013-01-07 02:57:56
grl35550674,zlmr2719810734,2,1,1,IB1N 6EJ,1,UK,UPDATE,2015-01-15 09:04:53,2014-04-04 01:08:01
mtg46915936,tqst0803346388,1,3,2,W6F 1BF,2,UK,CREATE,2011-07-29 10:43:08,2013-11-12 07:37:34
nre00639822,luaf4560559902,2,2,3,WO4P 3NJ,6,UK,CREATE,2011-03-29 07:15:44,2012-05-02 02:50:15
jcb99889230,uguy5329227999,2,3,3,W3C 1JA,2,UK,CREATE,2010-10-26 05:25:58,2013-10-09 05:32:16
nez02997446,neqh7268617413,1,3,1,DM1M 1WX,1,UK,UPDATE,2013-11-26 09:31:24,2015-03-25 07:59:20
zld24016548,vhnc0120259663,3,1,3,ZQ64 5ND,6,UK,CREATE,2014-09-14 09:59:14,2015-09-08 01:08:10
fsb02106052,iikz2822821982,2,2,3,ZH4P 9JN,1,UK,CREATE,2015-04-18 11:54:05,2013-07-04 09:14:24
kcr97766519,lema0186156995,3,3,3,Z7T 4NY,5,UK,CREATE,2012-09-17 05:07:31,2017-04-07 12:32:31
hzk80942558,lywa0495784057,2,3,3,HG7R 4LJ,1,UK,CREATE,2011-11-06 08:51:29,2013-09-12 01:58:05
izp44350056,ketj3031080264,3,2,2,YA1 1JZ,6,UK,UPDATE,2011-03-19 01:59:36,2015-05-23 11:45:07
rfi94235306,jmnv7640067760,3,3,1,WN2P 9WJ,2,UK,CREATE,2013-07-11 06:10:37,2012-06-19 04:56:09
zdh95172688,lkle4613658868,3,1,3,J9H 9FL,3,UK,UPDATE,2011-03-07 11:08:21,2013-02-13 07:46:11
xln33942049,kjmc8898089031,2,1,1,ZB1R 2BJ,3,UK,CREATE,2014-04-25 01:33:50,2012-12-14 09:36:08
ucv69255152,ahqn2184589136,2,1,3,RW5W 5BA,3,UK,CREATE,2010-07-26 11:22:21,2016-01-14 10:02:34
kso45032329,fild9613032404,2,1,3,T0U 3FZ,4,UK,UPDATE,2012-06-07 09:44:05,2017-03-01 04:54:15
and06299706,lsjj9646527608,1,2,3,Y5B 2NE,5,UK,CREATE,2012-05-30 07:03:00,2012-12-31 12:03:30
iny66192068,wbpj6049018550,3,3,3,WQ9B 3NL,6,UK,UPDATE,2010-11-22 02:37:45,2012-11-05 02:43:13
gbs18429469,kzkq0977119625,2,1,3,Y2J 5JA,2,UK,CREATE,2014-03-05 10:14:20,2013-08-07 01:59:12
bqe80990943,xsgp4689586239,3,1,2,WU5P 8TX,2,UK,CREATE,2012-10-15 10:51:06,2016-02-12 07:49:23
ofh75380705,owae0713706295,2,1,1,R9W 4DB,5,UK,UPDATE,2013-05-22 05:52:13,2013-09-10 01:41:21
rit79251860,sstw0398676463,3,3,1,N0G 7NA,4,UK,UPDATE,2011-01-26 08:26:24,2015-04-02 09:12:01
xxf85229887,bjzp1129507875,2,3,2,MB8P 4LY,4,UK,UPDATE,2012-01-17 10:28:08,2015-07-07 07:44:13
ioe00985587,kdgd0290304254,1,1,3,WN47 2QB,2,UK,CREATE,2012-01-09 01:00:19,2012-12-23 02:49:43
yuc90834090,sqde0695669644,3,3,3,NQ44 8UW,1,UK,CREATE,2011-01-06 07:08:27,2012-03-08 08:42:04
jna60671774,linj4489773178,3,2,3,LH91 3AT,2,UK,CREATE,2013-09-27 10:53:31,2012-08-20 07:46:19
kiz19818697,coge6162277605,1,1,1,UQ9R 2LJ,5,UK,UPDATE,2013-02-14 07:56:55,2012-07-29 09:51:25
akr67463235,kgem6443382654,3,3,3,MP73 6NX,1,UK,CREATE,2011-01-13 12:43:46,2016-01-12 04:58:32
lni56943701,hopi4222018813,1,1,3,DF0 9DN,6,UK,CREATE,2010-09-02 04:04:28,2016-03-23 05:05:41
ezv28821345,mwqv6455706260,1,3,1,WT7P 2JB,3,UK,CREATE,2011-05-19 06:31:49,2014-10-14 05:12:24
sjr47745124,ftxd2956197408,2,2,3,WC3X 6BL,1,UK,CREATE,2013-09-09 07:28:43,2012-07-24 07:34:52
awu87734609,dugx9532073719,1,3,1,Z3H 2WG,2,UK,CREATE,2014-12-17 05:32:23,2015-02-15 05:29:30
wfe70437848,clgv5733186050,1,2,2,Z3P 1AA,2,UK,UPDATE,2014-11-29 03:20:30,2016-11-29 03:03:03
cjj31942760,ixey0526391433,1,2,2,PE2A 5EN,6,UK,CREATE,2013-01-01 03:52:18,2016-01-25 09:23:54
bbw90380027,rbes7616588312,3,1,2,WA9N 2JA,2,UK,CREATE,2013-06-19 08:52:50,2014-02-26 05:13:10
grv78303143,bnbp0719821324,1,1,1,WA0E 9NA,1,UK,CREATE,2012-09-09 09:46:27,2016-03-27 02:55:05
qgn88333197,vijn7675004389,3,2,1,WY40 5XG,4,UK,UPDATE,2013-07-02 03:21:38,2014-06-15 11:13:39
dth78970780,ogof2345783659,3,3,3,ZL3N 6ZA,4,UK,UPDATE,2010-01-24 06:56:21,2015-11-18 01:44:03
vdk11979950,gxhg6316011508,3,3,1,ZB5P 2JD,4,UK,UPDATE,2014-09-11 04:31:25,2014-07-28 12:31:38
xet15623101,gvbz9153948768,2,1,1,Y6P 2FF,2,UK,CREATE,2012-10-08 12:18:11,2016-11-13 09:19:11
mpd79739736,jnmv7673850002,3,1,2,W7W 1AF,2,UK,UPDATE,2011-02-02 03:23:55,2016-12-24 04:57:39
sue91140591,jnny3130425059,1,2,2,W8P 6HN,3,UK,CREATE,2012-10-31 03:32:53,2013-05-25 04:03:30
xko51812938,ekmr0785259321,3,2,3,Y3W 5XA,1,UK,UPDATE,2014-07-23 02:15:36,2016-01-16 12:55:54
sds59268259,okti4685614240,2,1,3,WF0A 7TN,5,UK,CREATE,2014-01-30 10:10:45,2015-11-30 10:41:25
yxc35786817,vesn3788877031,2,2,3,Y6T 6TL,4,UK,UPDATE,2012-03-11 07:50:32,2015-09-15 04:45:46
dah78445586,crbo4104492204,1,3,3,ZG39 3AB,1,UK,CREATE,2013-05-31 08:53:27,2012-12-08 05:45:08
oah89277328,ddwk0102821307,3,3,2,HF0E 5GL,5,UK,UPDATE,2012-01-03 10:02:51,2015-04-30 05:54:40
vdy04985994,mlck8727222960,1,1,3,TF6N 5YA,5,UK,UPDATE,2012-07-22 10:06:54,2016-04-23 08:45:50
bql81138152,fmgh3918488962,3,3,1,TO76 9UH,6,UK,UPDATE,2010-11-07 03:39:41,2015-09-12 10:48:28
uik19477592,bmlo8657686445,1,2,2,JN3H 3PA,2,UK,UPDATE,2012-10-13 03:16:22,2016-06-04 05:50:06
xmx72255374,asli0052827550,1,3,2,Z3W 1NX,4,UK,CREATE,2014-10-07 07:29:20,2016-11-03 07:42:34
msu20502202,fpbu9899008915,2,2,3,DG0H 2BU,5,UK,CREATE,2011-08-05 08:42:49,2014-06-28 08:19:09
jpw82415585,jqex9558001837,2,1,3,WA0H 6NN,6,UK,UPDATE,2014-12-07 01:41:06,2016-10-17 09:56:06
njs63858158,biod4186425450,1,2,3,KC0X 1LL,4,UK,UPDATE,2011-05-08 01:48:37,2012-12-12 02:50:04
irt89680262,tljs8273345387,2,3,3,T70 5HL,5,UK,UPDATE,2011-09-10 12:50:35,2013-05-09 05:12:01
ngs65852362,ljse4872010541,3,3,1,W4W 9AL,4,UK,CREATE,2011-07-04 04:22:01,2016-06-09 02:28:01
mgp85380003,kivc3738606238,2,3,2,M1T 4NA,5,UK,UPDATE,2014-10-14 02:08:24,2013-11-29 06:08:22
mqa23031946,corq6798449660,2,2,2,JO99 8SE,4,UK,UPDATE,2013-01-27 06:55:48,2013-02-20 03:40:29
qmy03873317,niiu7139668493,2,1,3,UL1Y 7QX,3,UK,UPDATE,2014-01-20 04:10:52,2013-07-02 08:44:39
zwy92686731,wlgf0379202224,2,2,3,EP9P 2NL,1,UK,UPDATE,2013-06-27 11:39:52,2013-06-29 02:48:24
xuc57863985,ymef0430374295,1,1,3,SA3P 2LX,1,UK,CREATE,2013-10-05 04:44:54,2014-09-20 08:45:51
reb94220698,beky0886605320,2,1,3,R6T 2LW,3,UK,CREATE,2013-10-26 05:31:58,2015-08-14 12:33:37
qoi90541706,keev0042264924,1,3,1,R5S 6NN,2,UK,UPDATE,2012-09-29 01:02:22,2015-06-10 12:14:38
zae72976464,bkxf9780184948,2,1,2,RK1H 0LB,1,UK,CREATE,2014-08-07 12:22:11,2015-10-23 02:56:38
zgh69941758,qlln4728090866,2,2,2,R6W 7BN,5,UK,CREATE,2013-05-17 01:48:37,2012-05-15 09:48:19
gmb90713710,gljo9625054478,1,2,3,U95 5LL,1,UK,UPDATE,2010-06-15 06:36:58,2012-08-02 01:37:33
lrq33572619,ggyj6222742974,3,3,2,R7W 7AT,2,UK,UPDATE,2014-10-08 12:35:44,2016-09-01 09:29:21
qah18223699,npmb7635825932,1,3,3,WF9 1AS,1,UK,CREATE,2010-03-12 04:10:36,2014-03-20 11:01:57
xrb50652776,juua4247658049,2,1,2,WM5 1ZZ,1,UK,CREATE,2014-01-26 09:02:51,2013-11-28 02:34:32
oew19519769,pvmc5372278777,1,2,2,UB5E 8FB,3,UK,UPDATE,2011-06-01 02:54:20,2012-06-22 04:38:42
ule90519486,bwbm9519688776,1,2,1,W2P 7BL,5,UK,UPDATE,2011-11-16 02:11:03,2017-02-25 12:05:44
mme52668286,jjzd2900500704,3,3,3,U90 2JB,6,UK,UPDATE,2013-05-24 04:02:46,2012-07-15 08:31:07
dxj80723119,nwzo5127968447,3,3,1,WS7P 1JN,5,UK,UPDATE,2010-06-21 03:01:39,2014-05-22 03:15:30
eic17282859,keli4099807286,3,2,3,L81 5XF,1,UK,UPDATE,2014-02-15 04:23:15,2015-08-27 09:41:03
lie23974183,nhhy6104885948,2,1,1,F2S 7NA,1,UK,UPDATE,2012-01-05 10:03:37,2015-07-09 06:46:04
bis91054367,xeik3094669607,1,1,1,S8J 8LP,2,UK,CREATE,2011-05-06 09:15:09,2013-01-17 07:10:26
wvv54975471,sper4944101706,3,3,1,WH5A 4RE,5,UK,UPDATE,2014-06-06 08:42:35,2013-01-02 03:33:22
tmm07126390,rmkp0081065674,1,1,1,PW7V 8JY,5,UK,UPDATE,2015-02-02 01:36:15,2015-01-12 02:42:13
fdb08390946,bfje0641440260,3,1,2,WF4 8LL,5,UK,UPDATE,2013-12-11 04:54:25,2012-05-08 12:29:46
xwu65123665,deru5008980953,3,3,3,FT6B 7HA,4,UK,UPDATE,2011-01-29 08:02:12,2014-06-21 05:15:39
bzf92763658,dlac9654673237,1,1,2,WX25 8XN,1,UK,UPDATE,2014-03-28 08:40:51,2013-03-14 10:27:11
qql61728530,exqi8227925057,2,3,1,SC8R 9LP,4,UK,CREATE,2014-11-28 09:44:39,2013-07-07 02:11:59
rgf00206050,lzra1225786491,2,2,3,YD7P 4HN,6,UK,CREATE,2014-08-07 09:44:48,2016-12-30 05:10:58
kbi15867537,mbvg7444575026,2,1,2,S8U 6SJ,4,UK,CREATE,2010-12-04 07:13:49,2014-08-18 09:55:05
tfw70527120,ivgc5813522652,3,1,1,MX9N 4JX,1,UK,UPDATE,2013-01-19 11:55:15,2016-01-29 04:27:04
xmw29633483,nwzz8890947117,3,3,1,D0P 9LL,3,UK,CREATE,2010-04-03 04:37:19,2015-08-30 07:33:27
nhi79495472,bxvh8279150784,3,1,1,Z1P 5HS,5,UK,CREATE,2014-05-21 02:25:11,2014-09-17 02:51:43
rly28868429,pkrv4586169096,2,3,2,DS38 6LN,1,UK,UPDATE,2013-03-10 09:23:09,2014-07-19 04:08:19
zlj74612421,kebo2946744382,2,1,1,W2W 6LF,3,UK,CREATE,2014-10-22 02:40:58,2012-09-16 06:46:21
sdp80401356,gxow9065425096,1,3,3,WH8Y 1BY,5,UK,UPDATE,2010-03-22 11:22:02,2015-12-12 02:44:40
syu84787273,bnok8924877106,1,3,3,WG98 9LW,5,UK,CREATE,2012-08-10 09:55:37,2012-09-09 10:21:07
vpk36168498,apgs0553204932,1,1,2,YB7X 5EB,4,UK,CREATE,2013-01-31 05:19:37,2017-04-21 01:11:37
bsg90478813,awwy7785534943,2,3,3,UD0E 1BN,1,UK,UPDATE,2012-06-24 09:05:35,2014-07-06 05:28:12
wty26402998,nhaj7484386281,1,1,2,RP8R 0XB,1,UK,CREATE,2014-03-05 08:57:12,2016-04-25 02:18:26
fps92170225,notm2353972032,3,2,1,OR3H 9WN,1,UK,UPDATE,2011-04-13 07:20:50,2012-12-03 08:20:26
dhd87968557,kwzc0174997207,2,3,2,W7W 7LP,2,UK,CREATE,2010-06-29 02:00:10,2015-12-15 05:38:46
rru70811632,exig4618110068,1,3,3,P5 1AB,4,UK,CREATE,2010-12-26 12:24:36,2016-06-10 11:20:44
xdn23437668,btbc3141626500,1,2,3,ZP6X 5QJ,1,UK,UPDATE,2013-07-16 11:43:56,2017-01-04 07:16:50
ybr63510375,xzjh6183716570,3,2,2,SD9N 8NJ,3,UK,UPDATE,2011-08-01 01:43:10,2013-07-03 06:45:56
tzg97055718,mjeg6135608722,2,2,2,Z1P 7NF,5,UK,CREATE,2010-08-05 09:31:44,2013-09-19 01:06:00
cia28651054,aclo5291539381,3,1,1,YF1R 1NQ,3,UK,CREATE,2015-04-19 03:39:55,2012-01-24 03:49:43
dea06589029,hklp9350637362,3,1,1,TA9P 3LZ,3,UK,UPDATE,2013-06-04 06:16:04,2015-05-18 02:00:15
ntz95302192,hhoa6450633944,3,3,3,ZX1H 3NA,4,UK,CREATE,2012-09-20 05:38:04,2017-05-09 08:24:33
hdn31208263,appe1766074572,1,2,3,ZV5 2LL,5,UK,CREATE,2014-01-07 08:52:51,2014-10-31 03:52:17
ytq34605742,oorr4509759439,3,1,2,ZN0Y 8FP,5,UK,CREATE,2013-01-11 03:36:48,2013-12-30 10:22:33
jnh88373262,nmfn5920033716,3,3,1,WC85 7EB,6,UK,UPDATE,2010-10-06 11:07:51,2016-01-31 05:20:30
dye05865902,zgkf5439020977,2,1,2,PY4H 6LU,5,UK,UPDATE,2012-09-30 12:47:06,2014-05-28 05:27:15
xdc21014353,cnzw5562126817,2,2,1,ZG9N 3LJ,1,UK,UPDATE,2014-11-06 04:59:21,2013-01-16 07:28:12
zxh70874192,bbef4682233241,1,1,3,PD6A 3RH,3,UK,CREATE,2014-09-01 11:44:07,2012-10-25 11:09:05
ouj21836367,myzo0028875072,1,2,1,CR4R 9AT,6,UK,UPDATE,2013-11-18 08:12:50,2015-02-12 01:17:43
ihn17052706,dmfa8538793128,1,2,3,T3D 0LL,6,UK,CREATE,2014-06-15 10:06:03,2012-01-24 12:40:48
rol30440393,laze7084685164,1,2,2,ZW4W 3SP,5,UK,UPDATE,2014-10-26 12:34:58,2017-03-12 12:38:01
rfk83194442,deav6727384286,1,3,2,WA0R 9BL,6,UK,CREATE,2015-04-26 10:16:45,2013-08-12 04:38:35
emt77206339,eiyp0496346290,1,3,1,W1 4QN,1,UK,CREATE,2012-02-14 05:36:02,2016-11-19 07:45:56
rov31245835,blpx6617565893,1,1,3,W0K 0TN,3,UK,CREATE,2010-04-24 10:40:12,2012-07-21 04:07:19
eui62981557,xsdo0051009203,3,1,2,Y15 0FF,3,UK,UPDATE,2011-11-05 06:03:15,2016-08-30 06:05:49
cnw31299273,swlg1405596653,3,3,2,WD6P 4AL,1,UK,CREATE,2013-05-15 06:35:15,2015-03-25 08:53:39
jjc37422000,syxv5311853539,2,1,3,SA0P 4JW,6,UK,UPDATE,2012-10-15 08:50:47,2012-07-12 02:01:24
rgz46215990,ippn3151478878,3,3,3,WQ5P 9BY,6,UK,UPDATE,2015-02-15 11:45:47,2017-02-23 01:06:09
gma02522693,oewf1282583514,2,1,3,YD1 1JJ,6,UK,CREATE,2010-01-21 12:08:22,2017-03-16 08:05:59
bke64239715,rxcy2575222425,2,3,2,UB0M 6NG,2,UK,UPDATE,2010-06-20 09:34:45,2015-10-27 05:28:57
wll18959415,mwsy3401406813,3,1,2,TG9R 5PR,1,UK,UPDATE,2013-03-17 09:42:03,2015-07-06 02:16:29
fik75116190,rytp6401251883,3,1,2,GE42 3FF,2,UK,CREATE,2010-08-15 05:01:36,2017-05-08 11:27:48
yhw90410251,zjtw7932051187,1,2,1,ZU8R 2TE,3,UK,UPDATE,2015-03-11 08:25:37,2017-03-31 06:23:42
oqn29525309,jhmo4691690176,2,2,1,WK8E 2NL,4,UK,UPDATE,2012-03-07 01:04:17,2012-02-17 08:34:45
uxh41952682,gtjh1143131899,2,2,1,CH8N 8LF,4,UK,CREATE,2013-03-06 07:46:05,2015-09-09 02:53:29
cri69579311,mssc4890956626,2,2,1,UK5P 3AL,6,UK,UPDATE,2013-01-29 04:30:32,2017-04-24 03:10:12
lis19446670,fbcq7081037110,2,1,3,SH5E 3UN,4,UK,UPDATE,2015-04-27 02:31:16,2012-12-26 06:32:41
gzy82938059,xaop4372539996,3,1,2,Z5P 8AB,4,UK,UPDATE,2011-05-24 07:06:09,2014-08-20 01:33:20
wbq16597193,nevs3739084752,1,1,1,U9S 2BR,3,UK,CREATE,2011-11-07 02:33:46,2016-11-11 08:15:17
gfe07602668,uhiv2032872857,1,2,3,WM64 5NA,1,UK,CREATE,2012-05-01 06:43:44,2013-05-02 07:44:40
jzc20504330,ywnt2920541872,3,2,2,S0P 7LF,4,UK,UPDATE,2013-02-24 09:35:57,2014-03-18 02:35:47
plc61360226,pebb4752098317,1,3,2,WM1H 6AE,2,UK,CREATE,2011-04-28 01:07:52,2015-09-21 10:19:21
mmg93798004,ekml7310438343,1,2,3,S50 9DN,6,UK,UPDATE,2011-11-04 04:07:05,2013-04-28 03:05:38
uka74461925,lpcl0940661225,1,1,1,WD4P 5NZ,5,UK,CREATE,2014-07-23 04:12:25,2013-09-10 02:05:56
ktc55377475,ionf9363140663,1,2,3,FG2E 5ZL,2,UK,UPDATE,2012-03-15 06:04:10,2014-06-03 08:17:08
wfu78448881,xwhd3642619485,3,2,1,W7 3TF,5,UK,UPDATE,2013-05-06 01:30:43,2016-05-08 11:34:20
lnk27024411,eyjn1232964290,1,1,2,Y0W 9DL,6,UK,UPDATE,2011-01-28 11:22:56,2013-09-19 10:10:54
axo90088099,npiv6987321769,1,1,1,WE4H 8ZA,6,UK,CREATE,2012-06-15 10:34:48,2013-07-07 04:29:05
rdv87945341,gipn5018328550,1,1,2,W8J 4JN,5,UK,CREATE,2014-06-24 07:22:25,2016-02-23 08:24:34
ggf28530235,jziy6937294101,2,1,2,RA3P 0JZ,1,UK,CREATE,2013-06-04 07:05:37,2013-12-18 09:33:21
pzo61643160,wilv5081979651,2,3,2,Z1S 1NJ,3,UK,CREATE,2013-06-06 12:56:05,2014-10-30 11:17:28
zjd65879390,sphv4929026887,1,1,1,WN2R 9YX,1,UK,UPDATE,2015-01-06 09:48:58,2014-11-28 01:51:24
nnl71583058,aump2432632186,1,1,2,YG4H 0JR,3,UK,UPDATE,2010-05-03 04:08:11,2013-07-20 12:43:37
cbv40210623,eyfg0634894026,1,3,1,WD37 2SX,3,UK,CREATE,2011-07-29 12:24:13,2015-07-06 08:33:41
kwm28443726,aloa8794373164,3,2,2,WB9P 5EY,6,UK,UPDATE,2012-11-30 07:28:14,2013-04-07 12:11:55
gny18751198,llbt7555510899,3,2,3,GB9 1SL,2,UK,CREATE,2014-01-11 03:59:07,2015-08-11 11:55:33
qws53882165,tllq0975620286,3,2,1,BY7P 2RN,2,UK,CREATE,2012-05-11 10:04:40,2015-12-26 04:45:05
zej36174451,iqqo4695021783,3,3,2,RD3R 7LQ,6,UK,CREATE,2013-01-11 05:16:27,2015-03-25 09:58:05
ame37119099,thaa5330294246,1,3,2,SE1A 0EN,1,UK,CREATE,2011-10-20 11:43:27,2012-07-02 05:12:59
rbu68613643,csub4439482308,3,3,1,RT3H 1NL,4,UK,UPDATE,2010-02-02 01:39:46,2016-07-18 01:43:07
uuk02826606,thqc2821955274,3,2,2,YC25 6AE,1,UK,UPDATE,2015-02-12 05:15:35,2015-11-21 01:27:57
bqj03645050,zijk2220844476,2,3,2,ZC0E 5LB,4,UK,CREATE,2011-04-26 05:01:07,2012-05-06 09:00:09
tir16022360,leuv0750604482,2,2,3,WA5Y 2HT,3,UK,CREATE,2010-08-12 08:44:26,2014-07-16 02:22:02
snn73758037,gnsm5225563091,2,3,2,ZM0B 5UU,4,UK,UPDATE,2014-03-06 05:49:46,2013-04-07 04:37:57
lvg82526614,imkg3546844122,1,1,2,NM2P 5BN,4,UK,CREATE,2011-05-31 10:47:31,2017-02-19 08:50:43
psa16265323,hqga9777569291,2,3,3,YC2R 1FL,2,UK,UPDATE,2012-11-02 05:30:55,2017-03-22 11:42:40
opf58309954,lukw9872306433,2,1,3,SQ5H 1LA,5,UK,UPDATE,2010-10-30 11:07:54,2017-04-30 02:17:14
bvd52853727,aalt7842921109,2,2,2,T5K 0JA,6,UK,UPDATE,2013-06-04 06:29:02,2016-05-30 05:17:18
ozt45778827,rjjq3905174388,2,3,3,KG1P 9WA,3,UK,UPDATE,2014-02-12 06:00:52,2015-04-25 10:55:03
vpd83574706,tzsa1897006940,1,1,2,SX8H 4PU,5,UK,UPDATE,2015-04-23 04:49:39,2015-11-24 06:17:12
zza56166708,bvti1584841315,1,2,2,WF7N 4FX,5,UK,CREATE,2011-04-11 06:57:24,2012-10-24 01:32:57
imd74531801,bsvk1856411379,1,1,3,YK5R 8QL,6,UK,CREATE,2013-05-15 10:55:11,2015-03-26 09:11:44
vrd98680182,kbvz4779459203,2,3,3,Z5K 7PY,6,UK,CREATE,2011-10-01 06:40:09,2012-11-11 07:06:48
otk41336451,kbbv5686062568,3,1,3,Z7P 8NL,2,UK,CREATE,2014-11-10 12:25:12,2013-05-07 03:43:42
ylr33885680,ugyb2612744161,2,2,3,WW1M 7GJ,4,UK,UPDATE,2012-04-24 10:48:22,2013-09-28 05:29:03
mpi28052844,fdsv2611747914,3,2,1,TK0H 7LG,3,UK,CREATE,2015-02-23 02:06:54,2015-05-31 01:49:15
gta32720597,lzca4080488547,2,3,2,W37 3YX,2,UK,CREATE,2013-02-10 09:19:40,2016-03-18 04:39:00
eae69421442,yvec8193343644,1,3,1,KM3E 6NE,5,UK,UPDATE,2010-10-01 03:04:05,2013-09-03 12:35:01
zzd02626634,mpdf8052867422,1,1,1,W01 2LA,2,UK,UPDATE,2013-02-20 11:35:46,2017-03-06 11:27:54
eki49647699,jxqq0675352426,2,3,2,WX0P 8SH,4,UK,UPDATE,2014-03-14 04:58:33,2014-01-14 10:08:15
hsj82258326,bizh4835623037,1,1,1,Y2P 6DL,2,UK,UPDATE,2010-06-27 07:15:50,2016-01-23 09:20:41
tce32677469,pvbz5486450518,2,2,2,ZH2B 5BQ,6,UK,CREATE,2013-02-21 03:25:32,2012-10-23 04:37:01
uve95110402,klel2918322175,2,3,3,EA4E 1BS,1,UK,CREATE,2011-09-17 12:12:08,2012-07-09 12:11:51
che32118388,rzqu3587510662,2,3,1,L92 2QU,1,UK,UPDATE,2012-03-15 06:56:31,2013-02-02 09:26:22
ilq59951785,xjyc9841494846,3,3,3,YW7P 7RN,5,UK,UPDATE,2010-09-18 08:38:11,2016-02-01 10:58:54
yql41084165,fyto2206835786,2,3,2,ZS2W 7BJ,3,UK,UPDATE,2013-07-26 02:55:34,2016-12-07 07:43:00
spc03690807,ytzs1532059824,3,1,3,YO8 7QD,4,UK,UPDATE,2015-03-28 12:42:41,2013-08-27 01:55:12
hih26436644,tumd2052453350,3,2,1,Y8J 1NA,4,UK,CREATE,2013-11-05 10:49:25,2014-07-22 03:32:40
enh81533591,lggh0822327901,2,1,1,TO3P 9SB,2,UK,CREATE,2015-05-10 06:23:42,2015-07-12 10:11:45
ffo30108210,zqgv3478243365,1,2,3,SW84 4HF,1,UK,CREATE,2014-06-07 12:18:25,2015-08-02 07:18:20
ndz54626007,kifm3106019311,1,2,3,SC4E 6WY,1,UK,UPDATE,2010-03-12 04:20:09,2016-09-17 09:26:14
kcl24545253,ysdu9796836467,1,3,1,WY7X 7NP,4,UK,CREATE,2013-11-17 11:03:10,2014-06-29 11:08:18
woh89600521,zsjv8442063601,3,1,2,WK8R 6LA,1,UK,UPDATE,2012-06-08 02:39:48,2012-07-08 05:31:47
teo46473458,rufx9301017574,2,2,1,RU7H 2AS,5,UK,CREATE,2014-01-16 02:23:49,2014-04-25 09:52:56
wky29843039,syoc3028635908,3,1,3,JS5P 2XP,3,UK,UPDATE,2014-06-29 06:00:39,2016-12-15 02:29:35
pen80125149,hmvj5536892605,1,3,3,WF7W 3BN,3,UK,UPDATE,2011-11-29 07:10:06,2013-11-10 11:55:28
lgw33331934,mpnb7472962950,3,1,3,WP4N 0ZZ,6,UK,CREATE,2013-05-13 02:56:45,2014-05-31 09:31:20
lsn61823564,pggy3177831191,1,1,3,W2W 4JN,5,UK,UPDATE,2010-06-30 12:23:27,2015-02-21 06:08:03
nir26949371,wnmd2687844902,1,1,1,BB57 8NN,2,UK,CREATE,2010-08-31 06:56:16,2013-10-30 11:30:41
mnw78323856,dgjg1552620281,3,3,3,Y1A 8HN,5,UK,UPDATE,2012-02-22 12:14:54,2013-08-13 02:11:26
cwc56496337,vbaw2352843351,1,3,2,YR2M 8FL,6,UK,UPDATE,2013-09-14 05:53:29,2015-05-26 12:45:38
vks22392071,ucmh8448632195,2,1,3,Y70 5LA,6,UK,CREATE,2013-07-23 02:13:11,2014-11-24 09:19:19
xsv36026938,bpwd4093918735,3,1,3,WB8E 8AB,4,UK,CREATE,2012-09-06 07:46:36,2015-05-30 05:15:30
xpt97280119,lvgv5796603923,3,2,3,WA6P 5NB,5,UK,CREATE,2013-02-02 10:22:08,2015-12-02 02:25:17
koq92808017,ijzf2738280608,3,3,1,D0W 8HN,5,UK,UPDATE,2011-07-04 02:06:57,2016-04-21 11:46:59
yhd41230205,mymt3452690841,1,1,2,W7T 9PL,5,UK,CREATE,2012-06-12 09:18:10,2015-11-11 06:54:36
mii91017162,wxta9067941941,1,1,2,WT2V 9HA,3,UK,CREATE,2010-09-14 08:51:52,2013-06-30 09:44:31
gvt56624114,cgjn3027644764,2,3,2,W6 5JL,4,UK,CREATE,2013-06-13 02:51:53,2013-04-29 01:40:10
wea46580412,pwiq3101629561,1,1,3,UC0R 3XR,5,UK,CREATE,2014-12-14 10:28:50,2017-02-27 04:30:25
rdf76104510,dund0688009701,3,1,3,DN8A 4ZU,1,UK,CREATE,2010-11-06 08:05:30,2017-03-15 12:48:47
pzf06067586,znsw4233947668,1,2,1,LT5H 3FJ,6,UK,UPDATE,2013-06-15 12:07:19,2014-05-07 09:51:55
