FacilityID,Beneficiery,ChangeType,CreatedDate,LastModifiedDate
xyhhz8642,ht636646483037,UPDATE,2010-12-19 06:15:30,2013-06-20 08:15:52
qsuqo3933,oc089789313288,UPDATE,2011-10-01 04:23:43,2017-03-06 12:19:34
afrrj2036,ta104986283716,UPDATE,2014-09-23 08:56:00,2015-04-15 05:20:57
hikzb0426,ww790638600881,UPDATE,2012-11-10 08:47:04,2014-03-28 07:09:43
pfbvu4877,gb248652614613,CREATE,2015-03-19 04:28:42,2012-03-17 03:06:02
slxdc7092,cj577733533254,UPDATE,2015-04-22 04:38:09,2016-09-16 01:00:58
sojdk0190,wx004205311479,UPDATE,2014-06-10 04:10:45,2014-05-03 10:51:00
hqvtf7818,dw130016576813,UPDATE,2011-07-30 04:43:53,2017-01-17 08:47:56
uqvnj0905,ds283631742905,CREATE,2015-04-02 07:21:42,2012-08-13 07:41:16
xwpxw5418,fj039591476104,UPDATE,2013-06-01 10:50:13,2013-07-28 10:40:13
gwolv6820,cn941116904771,UPDATE,2015-03-05 07:08:07,2016-02-27 12:26:46
yrgjc8368,un881739493969,UPDATE,2014-07-25 09:08:03,2015-08-25 05:14:10
iyqeg2522,nb259131255441,UPDATE,2012-09-10 09:43:23,2012-09-15 11:10:43
uwqqt7585,jh825062512080,CREATE,2011-07-31 01:55:44,2016-06-11 05:02:57
wndbg5791,bm353806635138,CREATE,2013-07-04 07:27:57,2016-09-30 07:03:30
cdjsa3406,ak194513954414,CREATE,2010-08-06 11:36:16,2013-11-01 05:11:27
wnkeo1678,tt348250917877,UPDATE,2014-12-15 04:50:06,2013-09-29 09:41:02
ynffn0873,kd207860522001,UPDATE,2010-07-02 09:08:15,2012-11-03 10:57:55
ccedy1204,ci994484034653,CREATE,2012-04-04 11:05:10,2015-08-11 12:00:47
fdoux5075,ew686009213291,UPDATE,2014-07-06 05:12:57,2013-08-27 12:44:49
glgcp7137,om497744392780,UPDATE,2012-06-02 12:01:46,2014-07-18 03:46:20
hkdpb7726,do001172600263,UPDATE,2012-01-01 08:49:31,2014-06-05 07:48:03
rtfnc8899,fs808886267558,CREATE,2011-11-29 07:26:18,2016-12-28 03:09:14
sahwm2817,ef920591144124,UPDATE,2012-03-31 10:41:58,2014-04-11 08:47:51
lkcah5963,zt882638845173,CREATE,2014-05-04 12:24:22,2012-03-07 06:10:49
enaeg2784,dk545539776531,CREATE,2013-10-02 01:53:52,2014-06-25 06:15:35
fzjgg2163,bl737503368119,CREATE,2013-08-01 03:39:17,2016-10-01 03:31:52
ehowv1186,kw297782752203,UPDATE,2014-10-25 11:42:09,2013-03-11 05:11:52
jntvz3966,lx876868757711,UPDATE,2013-08-14 01:50:40,2013-06-18 07:39:56
glipf6480,qn330622449732,UPDATE,2011-04-04 05:47:53,2015-04-11 11:07:44
hmxfo1507,wf234261754429,UPDATE,2013-04-10 01:32:47,2017-05-13 10:46:18
eyuyw5700,lr951009447779,UPDATE,2014-03-26 06:32:34,2017-02-22 05:34:10
dkbol8050,mu874279549509,UPDATE,2013-07-26 04:59:50,2013-04-15 10:05:27
vnamr3890,xd149002629104,UPDATE,2011-10-31 06:38:56,2016-05-03 11:17:11
cenxn4335,fp163842770894,CREATE,2012-11-18 06:35:21,2013-10-09 06:21:11
ijawb2045,bo108756132967,CREATE,2014-08-01 05:09:29,2015-01-21 12:24:22
diwcd8186,am498855224720,UPDATE,2014-03-09 05:57:48,2013-03-19 06:52:37
plugr1084,yg047911816746,UPDATE,2011-04-10 05:25:14,2016-11-03 12:17:33
dvlcm3291,mx296980005597,CREATE,2011-01-29 10:52:04,2016-08-04 05:11:01
yqkxf9691,ot566635574977,CREATE,2010-06-30 03:37:27,2015-05-23 03:16:13
xzgjq8569,sh144459600909,CREATE,2014-05-01 06:37:02,2017-04-16 07:31:51
rgbcp8248,mp711331737546,UPDATE,2013-04-11 08:14:18,2016-09-08 06:40:10
chhge3447,hv331055406398,CREATE,2012-12-21 03:00:46,2013-05-29 12:08:32
dejbf5193,zb950240739915,CREATE,2011-09-23 06:13:37,2015-04-11 04:17:29
bnjap1841,ps055082201539,UPDATE,2011-09-27 12:59:37,2015-03-20 05:45:22
obneq2292,ht012118120087,UPDATE,2012-07-28 03:14:01,2013-08-13 11:24:46
kzmju8944,ga930466173105,CREATE,2011-06-15 05:42:25,2015-06-21 10:55:33
gqyjl7301,qa720512970970,CREATE,2010-11-13 05:58:55,2012-03-16 10:55:15
uxoxo2299,rp390032636867,CREATE,2014-02-21 04:36:27,2016-08-31 10:10:37
sxdar2505,ab812573836000,CREATE,2015-01-15 04:05:43,2014-08-11 01:19:42
wrxrx0235,us295367988334,CREATE,2014-12-03 09:15:53,2012-08-09 09:43:21
gmdcj3714,jb117405974986,CREATE,2014-09-23 05:11:49,2013-07-10 06:39:01
bcnwm1169,gl564277581352,CREATE,2010-04-25 03:51:30,2016-11-22 07:36:13
nlwiv5550,tl660675866876,CREATE,2014-10-15 12:15:28,2015-07-05 05:16:37
iltbs2476,gr240615809997,CREATE,2013-08-21 06:59:22,2015-05-28 05:45:04
fgqit5701,mm371082841602,CREATE,2013-10-18 04:29:26,2014-07-19 03:57:56
xdahh8379,vx436632721602,CREATE,2010-07-19 12:03:18,2017-02-03 10:09:15
vajpw8837,mm761417207221,UPDATE,2012-07-07 03:02:35,2012-04-07 01:29:18
yzxbh4188,vj186002013084,CREATE,2013-07-25 08:39:06,2013-08-14 04:18:39
ibhtq8125,rz050921408749,CREATE,2014-03-14 11:20:46,2016-11-20 05:44:59
krmww4058,fw800545500260,CREATE,2014-12-21 01:20:30,2017-01-14 07:14:22
tunrx6306,vj110698659553,CREATE,2014-11-26 08:39:34,2013-05-13 03:00:45
bvygm9293,uu236542474647,UPDATE,2014-09-27 03:16:01,2016-08-19 03:12:51
ylskt4883,kx977152493473,UPDATE,2011-01-13 12:11:53,2017-03-18 12:24:27
itqat6028,zs970107131662,CREATE,2012-03-29 07:12:29,2016-12-19 02:14:39
ulqua4005,ss645534527853,CREATE,2010-02-19 05:08:57,2015-09-23 03:23:24
rcgin7994,fj063585444341,CREATE,2010-12-30 02:21:39,2017-01-17 04:03:53
aacnp9068,ga635017534391,UPDATE,2010-11-06 05:46:41,2017-01-07 12:24:54
ryycg2715,xu319923821866,CREATE,2011-06-10 09:39:27,2013-02-15 12:01:51
freku0835,bj493073760627,CREATE,2015-01-31 01:42:44,2013-11-12 02:36:45
wjzim6686,lw719451435012,CREATE,2010-05-29 01:51:54,2012-06-24 09:39:59
rgimo7474,gb711498881429,CREATE,2012-08-30 04:36:52,2013-10-09 06:53:05
bbkro6297,dq749100523400,UPDATE,2014-04-06 04:16:46,2012-06-06 08:10:01
cgezd9355,az847519282937,CREATE,2011-08-19 02:56:59,2015-03-09 02:52:19
jgyoj4016,so799415477223,CREATE,2012-12-25 09:28:54,2015-08-29 04:18:46
dkbno3068,mf231643858098,UPDATE,2012-06-16 05:46:46,2012-03-09 11:44:36
mhprj0743,qc699996688115,CREATE,2011-06-20 05:48:22,2015-08-21 07:15:30
ipvey6624,qo645507170315,CREATE,2011-03-16 08:34:15,2015-03-26 03:59:02
hlkcm1707,te186747087773,UPDATE,2012-09-22 03:40:14,2013-07-04 03:44:00
piwkj9731,px921112364208,CREATE,2013-09-14 12:23:19,2012-10-27 04:06:01
gmtwa6793,jh313750031468,UPDATE,2013-06-08 03:51:56,2016-04-24 12:00:45
hwqly9716,hb287026016567,UPDATE,2012-12-16 04:15:38,2014-04-16 07:22:56
oidkl4576,lm967915490190,UPDATE,2011-12-28 07:31:29,2016-03-22 01:35:17
erisw2132,ze161745786798,CREATE,2011-06-29 09:57:37,2017-03-24 02:46:57
lmdhp9535,rl351736188417,UPDATE,2012-09-17 08:08:49,2015-05-23 10:58:14
stmyy1132,rv456562706520,UPDATE,2010-03-20 12:45:42,2015-12-22 01:13:37
eitsn9528,wt485241565670,UPDATE,2012-03-12 02:05:23,2015-11-22 02:40:52
fxypj7184,ul668355124153,CREATE,2013-07-04 09:47:19,2017-04-21 03:29:31
ktayc0094,yf300550488487,UPDATE,2013-05-15 12:20:22,2013-04-11 06:28:16
nohwt5602,hk681839157724,UPDATE,2010-04-11 11:29:06,2015-10-04 07:12:20
odxvh0339,eh700570866988,UPDATE,2014-10-03 12:45:44,2012-07-06 11:06:54
ysoyo2541,ly781090638089,CREATE,2015-02-06 11:57:39,2014-07-16 07:22:20
mewom8438,ka788649438538,CREATE,2012-10-22 06:54:50,2016-06-17 01:15:17
fpdnn1979,pw999838001932,CREATE,2015-05-01 09:22:57,2014-09-04 03:08:49
gwjnl5406,gx396269959996,UPDATE,2013-08-03 10:19:57,2016-07-10 05:54:10
ffxtj0382,zs748697893767,UPDATE,2011-07-16 05:45:13,2015-06-04 02:32:21
obpeh9190,ou076074719662,UPDATE,2014-03-16 12:26:48,2013-07-22 10:05:10
cpncd7475,gt608886062612,UPDATE,2011-02-08 10:58:38,2015-06-29 08:05:05
tihcn4548,vc091389296704,CREATE,2014-07-23 06:27:08,2017-03-16 07:23:34
ustty4524,mp462337529792,CREATE,2011-09-03 11:31:00,2015-03-11 02:37:41
cweda1136,uu894711563283,UPDATE,2013-09-01 05:11:33,2014-10-29 04:41:42
xaums3493,kx550885743475,UPDATE,2013-03-14 03:08:50,2012-07-16 10:39:30
eijtv8049,lp586201039535,CREATE,2012-06-20 02:16:31,2014-10-03 01:34:46
houfm6462,sq250337427792,UPDATE,2010-04-04 03:42:56,2014-03-12 11:58:35
jdbiy1758,rw059152676609,CREATE,2012-04-16 07:30:53,2013-06-22 10:32:40
nzwbl5793,rn321862914545,UPDATE,2012-10-03 09:24:30,2014-01-13 08:09:22
bwcym8240,yl736347404946,CREATE,2010-02-15 09:52:58,2012-02-18 07:37:55
nsdfm1796,rp160406144324,UPDATE,2014-11-03 01:34:20,2012-05-11 11:30:59
efxhl8833,jo521358485881,CREATE,2014-11-11 01:01:53,2014-08-08 08:50:37
nnfsx6572,dy634846473386,UPDATE,2014-03-28 12:57:11,2013-06-30 09:57:51
mhodn7616,xt072201485077,CREATE,2010-07-14 11:09:47,2015-03-09 04:24:53
ahloj3378,by882971564198,UPDATE,2013-10-16 02:15:17,2016-10-06 01:43:15
jdnzi7768,we119364471658,UPDATE,2014-07-08 04:45:42,2014-03-18 11:32:48
waoyu5133,qi260841516816,UPDATE,2013-11-22 10:44:35,2012-03-11 04:10:08
edofj4462,de553995202449,CREATE,2011-01-29 12:23:13,2016-11-29 08:32:36
zsseb6074,li888836402370,CREATE,2012-05-04 01:56:12,2017-04-28 05:17:01
hikkb4044,mk266379732914,CREATE,2014-09-01 04:35:01,2014-03-05 07:27:14
wnhjc6091,qb926116071082,UPDATE,2010-09-14 07:16:05,2014-01-12 09:20:46
azrey4192,ag167116840366,UPDATE,2013-07-27 08:09:53,2015-11-24 07:48:21
fujvb7089,do967913395239,CREATE,2012-05-20 02:01:20,2013-03-20 10:40:13
knxsu4035,pz613735194331,UPDATE,2011-09-13 10:33:43,2015-04-23 04:55:09
cmdcm3082,zv751496621558,UPDATE,2013-08-28 10:43:54,2016-04-25 05:10:35
saatl1647,xp642328659072,CREATE,2014-03-24 06:33:51,2012-07-22 09:19:59
unrci1519,lw881602998116,UPDATE,2011-08-27 10:05:10,2013-01-26 01:12:16
iqfbd8682,zb120757652720,UPDATE,2010-11-07 01:46:16,2013-05-25 10:56:38
bpacz4088,zy564388564213,UPDATE,2010-06-29 11:13:38,2013-10-29 02:47:58
wxuyu0243,nc857660143749,CREATE,2011-11-06 10:51:10,2015-06-19 12:55:54
amszb4654,zo348745551564,CREATE,2014-06-17 09:29:36,2014-02-24 07:01:20
uzvsu7999,yl895053296256,CREATE,2015-01-29 12:24:56,2012-05-13 02:20:49
yccex4049,gv036250635496,CREATE,2014-02-11 04:19:28,2014-07-15 05:47:42
lxuvp3810,al458990966694,CREATE,2012-04-01 01:54:44,2014-01-25 10:27:15
ctimp0144,ta809109051155,CREATE,2010-04-01 05:37:47,2013-11-25 01:49:43
mfpzk0105,hz868730538848,CREATE,2012-08-25 09:10:04,2016-12-25 05:32:32
erong7776,oh216988262261,UPDATE,2010-08-30 02:38:30,2015-05-10 11:28:00
vghla3179,zn426604070867,CREATE,2010-06-12 04:17:54,2016-10-10 06:25:15
ehjef2121,zq430648883139,UPDATE,2012-03-24 02:25:11,2015-05-29 02:19:27
wvedd3597,oq858504987836,UPDATE,2012-03-20 05:56:04,2012-11-12 02:11:01
lvemv6914,ig851270533666,UPDATE,2010-02-09 10:05:58,2015-09-03 03:27:37
qaysc0612,lj025219236741,CREATE,2011-07-16 07:44:35,2015-04-10 12:18:01
uzeys2263,lq556518019553,CREATE,2010-06-10 12:13:32,2012-11-12 12:53:01
iqwwj4929,yf882914322147,UPDATE,2013-08-25 10:56:47,2014-03-15 10:27:20
cvfwf1220,hc059875761160,UPDATE,2013-10-14 04:42:26,2014-06-17 05:07:50
qsfmr9259,yp768556920429,UPDATE,2013-11-18 03:25:07,2014-03-23 10:14:12
jyfnp3238,hp748079718173,CREATE,2013-10-10 02:18:28,2014-07-28 01:38:02
wmdja3773,kn848795358564,CREATE,2014-04-05 10:05:55,2012-08-15 05:25:52
xmsbb7534,oa589282943548,UPDATE,2014-01-04 03:19:35,2014-06-26 11:27:05
whnmm8267,vd554724639138,CREATE,2011-11-05 02:37:28,2012-05-15 02:37:56
zlkde4294,kj627360731692,UPDATE,2013-01-11 12:47:36,2014-01-27 04:59:14
gtbmc9594,vn138926447507,CREATE,2012-03-08 01:01:33,2012-05-10 03:42:02
dsppx1186,wv337210633957,UPDATE,2010-01-16 06:30:16,2014-05-20 01:37:11
betvz4524,tt394379645140,CREATE,2015-05-02 11:50:01,2015-12-22 01:39:39
kpjyy9478,co025980344876,CREATE,2015-04-18 01:16:44,2014-01-05 01:00:31
szzia5473,ux978548191563,UPDATE,2012-10-03 03:04:10,2016-10-29 07:21:03
flrfm1897,do577029486144,UPDATE,2013-03-09 05:23:57,2016-10-25 03:41:13
daihb8662,fb978139199099,CREATE,2014-05-17 07:03:09,2014-01-03 05:37:37
dwnci0319,ve233204077133,UPDATE,2012-01-03 10:29:29,2012-07-11 02:28:45
hsweq6220,kp699562193325,UPDATE,2011-01-11 08:30:26,2012-07-08 09:14:38
hbiem4564,jr669494384715,UPDATE,2015-01-06 12:10:46,2014-10-10 07:37:36
odxmi7996,sv977297738721,CREATE,2012-04-16 07:29:38,2012-06-16 03:08:54
wurpm6874,bj666796143568,UPDATE,2010-10-14 12:21:21,2015-10-07 01:07:37
riats6210,mr693597269104,UPDATE,2015-01-11 07:17:55,2013-06-14 04:18:41
tgeql9806,up350199590528,UPDATE,2013-04-22 12:00:53,2014-01-03 03:22:10
orbxr9557,lb677767279275,CREATE,2011-11-09 02:44:38,2015-10-20 11:25:59
pcpdr6323,ma124689351890,UPDATE,2011-01-07 12:37:30,2014-06-01 08:01:52
zryfx5686,mx214088571550,CREATE,2011-10-18 07:53:32,2012-02-22 03:35:26
zwbfs0167,zg806941760362,UPDATE,2013-09-12 06:12:43,2012-03-31 07:29:27
mhfpa2577,kw625064581918,CREATE,2014-04-21 09:57:32,2015-09-08 09:59:15
umlmc4687,vf276300764141,CREATE,2010-09-20 09:44:54,2013-05-20 03:13:23
makws7074,zd592524561884,CREATE,2013-09-20 12:02:35,2013-12-03 10:30:33
lffxm5845,qq077907712184,CREATE,2010-09-11 10:30:25,2016-03-25 01:49:56
jkzym6594,na433728574876,UPDATE,2011-07-06 05:21:20,2013-11-24 06:31:31
pypud2479,tl749888562756,UPDATE,2013-01-07 07:57:08,2016-01-01 10:48:47
kooyj8815,et863551002706,CREATE,2013-08-24 10:11:47,2016-03-15 10:51:12
oqqed4695,dr694849693796,UPDATE,2015-04-03 05:45:48,2016-08-20 03:11:04
cxnsp7082,bf538327773201,UPDATE,2013-08-22 07:54:38,2015-07-13 07:52:01
pksxw7383,io745371124746,CREATE,2014-09-15 06:47:05,2015-11-30 06:58:56
yoitx9683,hn928600883255,CREATE,2012-10-17 10:44:42,2016-08-13 06:30:02
jpkej8248,xb230228774186,CREATE,2013-08-30 03:23:47,2014-01-12 12:36:17
dnygx7199,pi903149310228,UPDATE,2011-11-13 12:43:40,2014-01-28 02:39:57
oefwh5335,eb429473645503,UPDATE,2011-04-05 02:22:07,2016-05-25 02:33:15
ufvlh5016,tv826771660144,UPDATE,2012-05-27 11:55:00,2012-04-03 05:48:12
mmqnb5575,um793796115386,UPDATE,2014-05-25 02:51:01,2012-12-15 10:37:01
vbrxw8015,bh882017228242,UPDATE,2012-04-12 05:05:24,2014-04-21 02:54:35
ducrh1711,sw514491857884,UPDATE,2012-08-13 10:06:45,2013-12-06 01:30:06
zknvn7909,xc998476998313,UPDATE,2015-02-21 04:29:52,2012-11-01 06:32:59
ugcce5123,jf697495544522,CREATE,2013-12-03 05:29:15,2012-04-27 04:01:53
cnegq0196,ex039267355759,UPDATE,2012-12-11 09:34:57,2013-09-05 04:07:01
enhal6436,ik159896618972,UPDATE,2010-02-16 03:00:43,2016-03-14 01:44:22
yomke5558,op099541793884,CREATE,2013-09-08 12:01:33,2017-03-24 08:39:19
osxyh7716,mt322704345279,UPDATE,2010-08-09 04:28:46,2015-09-21 01:40:55
iqeyr9254,dc994718296150,UPDATE,2013-06-23 12:24:16,2015-10-15 03:47:15
iwrtb5279,ic995557967712,CREATE,2013-08-04 05:46:05,2014-10-29 06:27:54
gsnil8709,ba048622834736,UPDATE,2010-12-01 12:26:53,2012-01-17 06:52:27
jquik6305,ps993710016074,CREATE,2013-12-05 11:43:21,2013-07-20 10:42:41
qpare9913,wm466969292842,CREATE,2013-06-14 07:24:40,2014-03-25 11:01:40
oyvzy2630,mu466216570398,CREATE,2011-09-03 10:19:27,2013-06-17 08:36:31
upifi1311,ml813718673329,CREATE,2012-04-21 10:02:16,2016-09-28 02:30:20
seicd6907,tl345033503673,CREATE,2013-06-26 02:26:22,2016-06-22 04:33:05
uidfz5906,qt496762684609,UPDATE,2010-04-08 12:58:42,2016-06-17 12:27:09
tpryh7096,fv909393012715,CREATE,2012-02-07 03:56:40,2014-01-21 08:46:37
obcus1516,lm861702677094,CREATE,2010-02-03 09:18:40,2014-07-14 04:10:08
hesan7317,zf967355194911,CREATE,2014-10-19 06:01:37,2014-11-27 11:38:04
wznzf1773,uj596602244741,CREATE,2013-06-12 02:26:38,2015-09-24 09:13:32
kqwvc4222,vu532359317330,UPDATE,2010-05-20 02:43:27,2015-11-18 12:59:20
rsybu7323,iv437967868340,UPDATE,2012-03-07 08:02:54,2013-11-19 07:46:44
ybckz6374,ax653507177880,CREATE,2014-02-10 11:54:40,2012-08-11 03:02:51
duxea0796,ty171532847593,UPDATE,2011-12-06 12:36:14,2014-12-30 07:38:15
detph2205,jp814406574451,UPDATE,2014-06-07 08:26:58,2016-01-20 03:25:46
rqobn7103,ie794380963549,CREATE,2014-07-13 10:53:02,2012-12-25 03:24:39
nxilh0764,cn688315843137,CREATE,2011-08-11 08:30:01,2015-09-30 04:52:07
tnvca9820,wk271173775595,UPDATE,2013-06-16 10:51:19,2012-08-24 08:14:12
gqcbl8586,wo876475359244,UPDATE,2014-11-27 04:03:58,2016-10-10 01:17:52
uwhhb7257,fs575042510600,CREATE,2012-11-21 09:20:13,2013-03-06 11:32:34
qysid4119,qf015307086587,CREATE,2014-06-10 06:18:15,2012-07-13 09:55:54
rtndl6376,np419349070132,UPDATE,2011-09-01 03:23:16,2013-04-12 06:22:41
idkuc3673,yd223573476939,CREATE,2013-11-21 12:59:37,2013-11-12 10:30:56
wdkay1884,fk110483649544,CREATE,2013-10-27 10:44:40,2017-01-02 11:04:09
bvfuw8802,yj122532628266,UPDATE,2014-04-23 01:12:59,2015-11-22 01:38:18
enbpb3664,db862803611555,CREATE,2011-11-22 06:36:29,2013-11-12 03:41:11
smqzo1449,pn440631081366,CREATE,2011-08-10 01:37:19,2013-03-28 01:00:12
eejzf8560,sn698088341064,UPDATE,2012-01-11 10:54:35,2016-09-14 12:12:02
penxq8026,zz095161012057,UPDATE,2012-06-14 01:51:14,2016-06-23 11:43:21
qerim1485,vu998923403385,CREATE,2012-06-10 12:21:08,2014-07-31 05:44:26
aahdv2282,uv188871697871,UPDATE,2010-04-27 09:59:19,2015-05-25 11:59:08
mctbc3103,yp762497554137,UPDATE,2015-03-20 04:08:50,2017-03-08 06:22:54
gtotp9780,yf379270984727,UPDATE,2011-02-26 03:36:43,2013-03-23 12:07:43
aijdn8897,gn308145608850,CREATE,2013-08-28 02:30:16,2014-10-20 09:31:25
scpvd9669,py251026022319,CREATE,2015-02-21 09:02:11,2013-05-24 05:25:44
fwbtj9090,mg981099622308,CREATE,2011-06-20 10:06:26,2013-11-08 06:06:41
iware2980,ta085369270741,UPDATE,2014-06-30 02:57:20,2012-01-24 09:35:36
chhji4760,ad244276036929,CREATE,2010-07-26 07:13:39,2015-01-05 02:24:45
rzczy5846,mp579942880049,CREATE,2012-01-11 09:20:57,2013-08-26 10:51:18
wshqd5956,zg530153807414,CREATE,2013-03-03 07:23:34,2012-03-01 03:26:09
cxdpt8990,kx104414249933,UPDATE,2014-05-23 02:37:50,2013-08-26 07:25:44
tordz6758,ot769723641776,UPDATE,2013-01-19 01:34:44,2012-05-06 03:17:12
wvwuv9962,uu552992874921,CREATE,2014-08-03 06:29:26,2014-07-26 07:30:00
ojbei1307,kc468996876600,CREATE,2011-01-06 08:03:59,2012-02-09 09:17:17
cchtm1019,if008912425868,CREATE,2010-02-28 09:10:38,2014-03-17 04:44:21
tasvp9809,sr716098207715,CREATE,2012-10-02 12:27:54,2015-01-03 01:50:39
wbebx8125,nl104888469919,UPDATE,2015-03-01 10:02:05,2016-02-11 05:57:31
vfukk5948,hf248063912685,UPDATE,2013-07-11 09:12:13,2012-02-14 06:52:33
tfykz8145,wm719869927798,UPDATE,2010-09-05 03:47:52,2012-11-28 08:34:54
ioimq2207,no712366893254,UPDATE,2014-12-19 05:55:49,2015-12-06 05:19:07
kzlxi0649,pw429435418009,CREATE,2013-05-19 11:54:46,2015-01-10 03:39:47
dfojt1201,pz798964044632,UPDATE,2011-05-04 10:23:29,2017-01-25 11:11:47
jyvnt5545,ms572887299061,UPDATE,2012-04-21 01:52:37,2012-08-09 12:29:12
qkfew5986,uy530438154340,CREATE,2011-02-10 02:22:52,2016-05-10 05:41:42
kzuza7346,mw157632295033,CREATE,2012-12-10 03:40:32,2013-09-28 03:28:19
wlnnn4170,rr120442983329,UPDATE,2014-12-07 12:34:10,2017-02-01 03:13:25
vftlr4484,lz327599091157,CREATE,2012-03-23 08:49:08,2016-12-02 10:11:39
vcpiz6787,nw017844042712,CREATE,2012-03-10 04:24:26,2012-01-25 12:31:38
xdlcs8359,is033992576010,CREATE,2011-01-31 02:19:46,2012-12-11 09:22:15
lbofs7276,jv127420354477,CREATE,2011-03-03 04:35:38,2016-11-08 08:33:26
tndjw8661,os514397623264,CREATE,2012-11-27 03:35:23,2012-06-15 11:25:38
apple9322,dn093909894727,CREATE,2012-05-18 04:12:08,2012-02-03 11:48:19
jrpzu2995,tl704007994116,CREATE,2010-04-19 06:53:45,2014-08-27 02:02:46
pxzdw1121,bg889283146470,UPDATE,2013-11-24 09:02:33,2014-09-02 09:43:48
aygrm0220,nc433601502302,UPDATE,2010-06-29 01:54:40,2014-02-27 05:19:20
zgksm8700,mz628382062046,CREATE,2012-12-04 11:15:11,2012-10-01 02:28:38
cduwn0491,ih189310728337,UPDATE,2015-03-28 06:12:09,2013-02-19 06:59:17
gxqup6488,rd827628607530,CREATE,2014-03-19 11:13:57,2013-10-08 05:33:23
cgkup2933,tv135442106907,UPDATE,2010-08-15 11:13:47,2012-08-22 07:45:33
ieuew2716,xl686506043722,UPDATE,2012-09-03 02:42:34,2015-04-17 11:34:57
mrlzw1677,zd943487059530,CREATE,2011-08-09 07:09:30,2013-11-23 12:18:13
senet4523,gl976586984691,UPDATE,2010-05-27 06:47:09,2015-07-21 07:11:09
jxpqh3305,tk154224934147,UPDATE,2013-02-20 09:07:25,2015-06-02 06:22:24
eymml1203,do539048448114,UPDATE,2015-03-05 08:41:42,2013-12-16 01:20:18
kasbf3617,fm585712086260,UPDATE,2015-05-04 03:40:39,2016-02-28 07:47:26
cahkf4235,zo113573971695,CREATE,2010-03-11 09:06:16,2014-11-26 03:39:40
pknnz4235,yi078967903849,CREATE,2013-09-13 10:43:22,2016-12-22 10:09:10
lumaf0202,js334299597367,UPDATE,2011-09-30 11:43:46,2013-03-05 03:35:01
fgonn4110,gw920690600444,CREATE,2012-05-13 02:38:27,2015-09-02 09:10:03
bifrr8624,qv173630782302,CREATE,2014-06-12 06:04:29,2012-07-20 03:35:26
qefwj1536,ea839452969073,UPDATE,2013-01-01 06:24:49,2014-07-23 05:26:17
nlxva4350,iv639627687564,CREATE,2014-12-29 12:49:28,2013-01-16 09:18:50
iuxdx3859,iu471724754293,UPDATE,2013-08-28 02:47:28,2013-11-30 12:37:42
neexm4853,wh889041243682,CREATE,2010-06-08 06:29:47,2015-10-12 04:20:58
quyps1417,cm180280556175,UPDATE,2015-03-22 05:54:52,2012-12-23 11:05:55
xngdv0264,yk137386256194,CREATE,2010-06-14 02:25:03,2012-08-02 12:16:17
ocwii3898,fz676629389129,CREATE,2014-10-19 09:07:31,2013-11-16 01:37:45
tvfvh3338,ge691924203910,UPDATE,2015-01-07 10:07:27,2016-02-07 05:49:21
spruc1279,sg722893773515,UPDATE,2011-06-11 07:11:26,2012-05-24 03:11:05
ilvyu2870,qi141151151863,UPDATE,2015-03-25 06:37:41,2016-07-10 10:01:04
gains4391,jt759298756172,UPDATE,2010-07-28 08:14:51,2012-03-18 06:31:43
agoqi9947,uv959678170526,UPDATE,2014-02-07 08:18:55,2016-03-01 09:52:00
jsvre5682,tg748353224689,CREATE,2014-03-14 07:56:17,2016-05-23 08:15:24
qkkkg0259,bn896852330132,CREATE,2011-01-15 06:16:23,2015-02-19 07:10:12
yhsnx7461,og953607118000,UPDATE,2011-10-12 01:11:24,2017-04-25 03:13:12
wkngo6016,fh176180893857,UPDATE,2013-02-02 11:40:37,2016-07-10 04:12:47
ijnaq0876,ls447934268761,CREATE,2013-03-09 05:22:17,2016-07-11 12:03:16
sjpjy2996,hg292178724195,UPDATE,2014-05-12 10:41:47,2012-04-27 05:50:52
cbceg7577,ew643789533506,UPDATE,2011-10-04 02:17:45,2013-10-27 03:25:59
jssai7294,gx042054169880,UPDATE,2012-06-18 08:25:03,2017-02-23 05:28:38
mvupj5211,nj254570968967,CREATE,2014-10-11 06:06:35,2016-01-31 09:17:48
tsbht4763,co371204613415,CREATE,2012-04-20 09:22:33,2012-02-26 01:48:03
zuknq6592,sz468222854147,UPDATE,2013-04-14 09:29:56,2016-07-31 09:53:05
yczzv7155,an961051391708,UPDATE,2013-10-29 03:42:49,2012-10-12 12:48:44
hmzzz7747,uo979408168016,CREATE,2013-05-16 12:19:19,2014-11-19 04:12:32
paqcs3834,ib696012417879,UPDATE,2011-09-12 11:42:57,2013-08-06 01:39:01
zsbet3189,vr900115258082,UPDATE,2015-02-19 09:09:41,2012-08-13 05:26:15
girpi6404,ei691173798433,UPDATE,2011-04-24 08:26:35,2017-01-31 11:21:13
okmsi4085,hh292244215679,CREATE,2011-09-21 05:21:26,2017-03-28 02:39:21
ghuzu0760,hy502042080633,UPDATE,2011-06-18 11:58:18,2016-07-03 01:01:59
czkpt1228,hh169243433672,UPDATE,2010-02-18 05:40:02,2017-04-08 04:38:30
lnaqy6774,qe382202454759,CREATE,2011-02-20 12:53:47,2013-05-16 12:02:44
proxu4715,jy617448276978,CREATE,2013-03-19 03:53:32,2012-04-27 04:06:33
tzcqo9640,if689695877488,CREATE,2014-12-30 10:59:38,2013-11-04 02:36:41
gatkq8661,km859240778265,CREATE,2013-12-28 11:39:36,2017-01-14 12:18:59
trsbe9208,hd893675916343,UPDATE,2014-02-08 11:47:17,2016-03-10 08:42:26
yyoxf9152,qw416752624077,CREATE,2011-06-24 05:04:55,2013-10-14 01:20:50
tcafa9991,el609222761658,CREATE,2011-03-14 08:56:58,2016-11-18 06:04:41
spqts0237,mp677027556513,CREATE,2010-10-15 09:59:16,2014-05-22 01:52:55
gzmvv8169,va918756013763,UPDATE,2012-06-14 11:22:49,2012-07-24 09:57:55
qrhoa4054,yz232482003814,UPDATE,2012-07-14 11:28:20,2015-09-24 02:41:53
kosjz5990,bz239487551565,UPDATE,2010-05-22 07:27:44,2017-04-22 07:58:42
qmcsk6829,en605094111909,CREATE,2013-02-13 03:16:03,2014-08-31 07:11:19
ammis9568,tn936342023562,UPDATE,2012-11-12 03:55:55,2017-04-12 09:26:33
fzszb8635,ic887836344502,CREATE,2013-08-22 09:57:18,2013-12-17 09:10:48
cueid9086,ch007600361635,CREATE,2010-08-25 06:34:38,2015-09-19 01:24:07
oclud6823,tj863130682471,CREATE,2013-08-21 07:13:48,2014-03-25 08:56:27
smgqv8159,vf117125078283,CREATE,2014-07-24 08:25:10,2014-07-22 05:44:59
ajxdm5738,tw665310618545,UPDATE,2010-06-20 09:32:23,2015-05-03 10:48:16
yxgaa5836,ph045228241017,UPDATE,2010-10-27 06:55:24,2014-08-01 07:50:35
dzsqw6459,mx268316359666,UPDATE,2014-08-13 12:36:29,2012-07-20 02:00:33
iabft6372,fw566677293228,CREATE,2011-03-22 07:12:51,2012-02-16 07:58:46
bitjz1335,eq115587829811,UPDATE,2012-09-27 12:14:43,2015-09-11 10:04:36
qrcpo3556,wu503466660923,CREATE,2014-06-05 05:41:33,2014-05-08 09:10:27
zcgmt0833,me199076218746,CREATE,2014-10-28 02:16:03,2013-06-23 06:35:59
wyaoj3419,vv310615161970,CREATE,2012-02-27 09:41:21,2015-08-28 04:32:07
lycdg5125,hr794626148986,UPDATE,2013-01-11 12:04:02,2013-04-03 04:24:43
wauna3217,oa928544703248,CREATE,2011-06-20 06:40:32,2012-07-06 10:37:25
rmnvp4546,be788419820634,UPDATE,2014-12-12 06:06:14,2012-05-20 05:32:04
ytpky5696,vb117495604771,UPDATE,2013-01-18 09:37:12,2013-06-25 06:15:19
nfvfc2834,tp372184255496,UPDATE,2011-01-06 02:32:16,2016-03-16 05:16:26
jvctx8821,nm894351187073,CREATE,2011-11-26 12:16:42,2014-09-25 06:07:15
zbczs5600,zi003110797013,CREATE,2012-01-25 10:00:48,2015-02-14 06:51:27
xenoj1365,kf645812306760,UPDATE,2010-01-30 07:10:53,2016-10-04 11:19:57
mlucy0618,fa261635101334,UPDATE,2014-08-26 04:43:50,2016-01-19 01:33:10
jjwip3243,kq686184290871,UPDATE,2015-04-08 08:56:13,2014-08-03 08:12:16
htrul2430,pd978206445586,UPDATE,2012-10-15 01:53:19,2013-04-21 09:29:03
cnpox7329,by755453021370,CREATE,2010-03-07 08:18:48,2017-01-06 09:31:10
cmdzi7417,fd927398078832,UPDATE,2010-11-17 11:48:44,2015-07-14 07:20:39
chaph7937,va007509142815,UPDATE,2014-12-22 06:20:19,2013-09-08 05:40:27
jbvhj2141,tb513229987176,UPDATE,2014-09-17 02:55:52,2014-01-07 03:43:50
ymlff4588,oy117781486433,CREATE,2013-09-06 11:35:56,2015-01-18 08:39:29
gsavg2957,kq064732001784,CREATE,2013-07-21 05:22:55,2012-10-04 01:52:27
opbdt7227,da108774505912,UPDATE,2013-08-02 01:42:17,2017-02-27 07:35:37
ztyjw3770,zx217488253110,UPDATE,2013-10-26 09:50:04,2012-03-30 10:46:32
gmchr2719,ba603471216111,UPDATE,2012-11-14 10:19:01,2015-06-04 03:02:52
oihno6877,ox237862084738,UPDATE,2015-02-27 10:55:40,2015-02-01 05:41:36
vioov8363,at922638418661,CREATE,2014-04-12 06:14:37,2013-11-17 01:46:49
nrhgw0000,ds921949724420,UPDATE,2012-02-15 10:31:13,2016-07-11 08:42:10
ttbbd2420,wt716371089133,CREATE,2013-10-15 05:47:40,2017-05-03 06:57:01
xbjgf0409,kg555009545205,CREATE,2011-04-28 11:06:46,2013-03-10 10:36:14
vncad1561,fk826485526550,CREATE,2012-12-02 06:50:28,2016-03-26 12:07:28
eolhj7800,jv267886639559,CREATE,2014-07-19 02:18:47,2015-11-30 02:15:00
cqsvs8467,jj223073963531,UPDATE,2015-02-04 11:25:55,2016-05-15 02:50:23
ayina4507,tw069843345050,CREATE,2013-07-30 11:51:17,2013-01-02 11:42:42
npele6132,oi044941305111,UPDATE,2010-11-22 07:03:10,2017-03-01 03:06:37
myinw0696,ci732738291564,UPDATE,2012-01-24 11:34:03,2012-07-07 09:16:33
sduix5572,xf052931551684,UPDATE,2010-05-12 03:49:11,2012-04-08 11:29:43
nkawd8824,sb597416507288,UPDATE,2012-02-24 01:21:24,2013-01-26 07:13:19
sftgi0952,rf991945609681,CREATE,2012-07-01 06:06:27,2016-12-05 04:48:59
nhdem5395,pf211100873690,UPDATE,2010-06-12 06:13:26,2015-04-11 04:51:37
buduc1948,zf974092644338,CREATE,2011-11-10 09:24:55,2013-06-29 06:44:18
dhcao9115,bm373212141252,UPDATE,2015-02-08 06:17:59,2012-05-04 07:20:55
mrcjb9672,cw861984858808,UPDATE,2014-03-02 06:37:12,2014-05-02 11:58:57
zvxor3553,gw279241343477,CREATE,2012-12-22 12:57:15,2013-12-02 12:27:36
cwzwz1908,zf643233860590,UPDATE,2011-08-26 05:04:25,2014-10-18 10:32:27
ikwkz9569,bv585904312381,UPDATE,2010-12-28 11:10:40,2016-09-29 12:14:54
ytikg1966,sx701489709031,UPDATE,2014-11-07 06:10:22,2013-11-15 08:50:37
bqwor5123,wy988113810439,CREATE,2011-12-22 05:30:15,2013-01-27 05:35:45
zydxu2185,nw128915600902,CREATE,2011-11-05 06:03:21,2012-09-01 12:23:20
moici8061,xx728833038443,CREATE,2011-03-11 05:37:26,2013-11-18 10:26:59
xvofp1074,gv849540926089,UPDATE,2014-11-13 10:07:44,2013-09-11 05:11:00
oohgi0732,pm421356047267,CREATE,2014-06-10 02:45:58,2013-04-23 02:10:53
zbfqt6018,it111659813466,CREATE,2013-04-18 04:35:43,2013-03-25 03:29:26
pzxgy0441,rs605140355545,CREATE,2014-02-21 03:41:29,2014-07-02 02:34:38
uxvgn4602,py599197391492,CREATE,2013-10-11 05:47:12,2012-04-13 12:43:22
xbgav1857,mq454455669990,CREATE,2011-12-04 05:55:46,2017-03-09 01:30:51
hyxez5617,bg515214377406,UPDATE,2013-10-19 10:36:33,2013-12-12 10:41:58
tiulj2359,ya815350230019,UPDATE,2011-06-16 01:03:18,2012-02-28 07:03:41
iraeh2038,vi526168350365,UPDATE,2015-03-22 08:20:57,2012-11-28 12:36:54
onzjl3467,eb479217923324,UPDATE,2011-01-30 02:07:23,2017-04-30 05:20:36
qkoll6042,ed604463773878,UPDATE,2014-03-24 12:40:39,2012-08-09 04:42:48
azhdg2752,tn419531240351,CREATE,2012-07-14 01:31:15,2016-06-14 12:20:29
uqzyn0136,ej519444301707,UPDATE,2010-03-27 02:34:23,2016-03-06 04:15:52
uwntj7165,dr295363031845,CREATE,2011-12-30 03:46:32,2013-01-02 08:27:19
fwiih6076,lh065861126798,CREATE,2010-12-07 08:05:30,2016-03-13 07:21:19
iuxha1794,gy774013739872,UPDATE,2011-05-16 10:48:07,2014-09-09 03:31:22
aiygc5193,sl476353329092,UPDATE,2011-09-24 10:55:59,2015-02-08 11:56:37
dnjat4504,gt406135360438,UPDATE,2010-02-06 10:40:22,2017-03-10 08:50:16
dlcss1471,vx716048321394,CREATE,2010-04-22 12:24:10,2013-12-27 06:23:43
qomcr0074,jv309381617815,UPDATE,2015-01-06 09:19:03,2013-02-01 02:05:23
acotg1251,iy531363194505,UPDATE,2010-06-25 01:52:12,2012-03-02 05:04:46
sjemt5308,bd052361214231,UPDATE,2010-03-14 04:07:00,2016-10-11 06:28:46
wwnev1007,vr754180060352,CREATE,2011-03-17 05:59:10,2017-03-02 03:53:36
rtnrh9624,cf944693279765,UPDATE,2010-01-24 05:01:51,2016-04-16 09:30:15
ueaqq8626,ek260723228774,CREATE,2012-07-11 11:40:42,2013-09-12 02:47:42
mfcoj2386,jj406209340164,CREATE,2012-11-08 04:09:38,2013-07-09 03:25:39
trlxj2908,mz721435003618,UPDATE,2012-12-02 01:30:46,2014-03-26 10:16:18
yrcjz8417,kc743692556913,UPDATE,2010-04-27 08:00:09,2013-02-17 01:19:03
giuyw6605,rw217465693671,UPDATE,2012-01-08 09:17:26,2017-01-26 12:26:38
wchjj2808,ir694748662060,UPDATE,2013-02-08 12:51:28,2012-08-08 08:27:48
xmnzj5882,fe871408046053,CREATE,2014-07-07 07:07:07,2015-05-08 12:13:34
hewvc1201,op416580328020,CREATE,2013-01-02 02:20:44,2015-09-02 02:47:10
nrlnq4731,xv636098216917,UPDATE,2010-03-25 09:09:56,2013-03-01 07:01:26
rnfyk1094,vn647298760592,CREATE,2014-06-05 11:29:38,2013-11-14 08:28:18
ewxpo7973,ch586593330866,UPDATE,2012-10-11 07:52:51,2012-01-24 09:27:09
nzymz1209,cc917192435280,UPDATE,2012-09-04 08:51:18,2013-10-31 12:50:17
tsyce3756,qm198519050181,UPDATE,2013-12-09 05:58:43,2012-04-21 12:38:28
nhxdz2068,cx679124435475,CREATE,2011-04-04 10:18:38,2014-02-25 03:31:02
hbknn0247,tf497916720668,CREATE,2012-03-29 06:39:58,2012-08-09 10:11:14
usehd0923,qj059917905071,UPDATE,2011-07-12 07:02:56,2013-06-05 10:36:02
nymvw0826,fs431266222630,UPDATE,2010-10-05 04:19:59,2014-06-02 11:29:25
erzoh0080,cg021559615069,CREATE,2010-10-05 09:41:13,2016-12-22 05:05:42
kanpw5810,gu752416939652,CREATE,2013-09-16 02:37:29,2014-04-14 05:59:41
zhxut7372,qi287050263774,CREATE,2010-11-16 06:31:34,2017-02-25 02:59:35
agoad6350,oi401948983734,UPDATE,2010-03-12 10:52:27,2013-05-16 12:05:10
egcpe1025,rd901632527214,UPDATE,2013-01-02 01:21:45,2014-07-30 08:04:16
khlxu8578,mc300565537383,CREATE,2013-01-12 11:15:23,2013-06-18 04:40:43
milqi9297,op615169946505,CREATE,2010-07-18 10:15:02,2013-04-16 10:27:09
hqbqx5990,sl182360305174,UPDATE,2014-08-06 04:02:53,2015-11-23 09:47:34
xvyqx6631,ul322802790141,UPDATE,2014-05-15 07:56:25,2013-06-27 06:48:54
goraz2941,hn124942496383,CREATE,2012-09-27 03:01:47,2015-06-04 09:02:25
nvzos8533,ol496583169012,CREATE,2011-07-07 03:22:39,2012-06-30 10:15:02
aiapy2643,we366585708592,UPDATE,2013-07-11 08:41:21,2017-01-17 01:39:56
gjanf4466,zf111556092300,UPDATE,2012-12-11 01:39:21,2013-05-08 02:53:07
prhvh4223,os460044893282,UPDATE,2011-05-06 05:21:52,2014-05-27 09:50:07
autij8910,zl354010222222,UPDATE,2010-04-04 01:21:12,2014-12-02 11:23:52
essff5679,sd810344766258,UPDATE,2013-01-16 01:00:48,2013-09-18 07:23:52
fktki1924,zz548227090263,UPDATE,2010-12-01 07:24:35,2015-07-27 12:50:24
yxjcj3205,lk475989024558,CREATE,2010-11-27 12:37:33,2014-11-02 05:38:13
rfnui6216,zt937757030868,CREATE,2012-12-13 11:03:08,2014-09-12 08:36:05
ovtlu8690,gp397085315534,UPDATE,2010-12-18 11:21:14,2016-09-29 10:00:04
sjfou6580,hn327003705428,UPDATE,2010-12-13 05:44:12,2014-02-06 10:09:25
mpetm1937,uf116508897618,UPDATE,2012-06-27 10:15:17,2015-02-28 02:16:49
kwgia6949,ts517686518968,CREATE,2012-04-15 11:46:13,2014-10-19 04:44:15
oitwh3936,hw123549968804,UPDATE,2014-03-27 06:28:29,2012-05-02 04:59:46
ttpwa5283,cm716078301434,UPDATE,2012-06-30 12:25:26,2012-11-17 06:25:19
yiabe6359,dv616954832348,UPDATE,2011-05-31 03:38:24,2013-10-09 10:27:58
vomys5821,qw269080083459,UPDATE,2013-07-18 08:18:34,2015-03-24 11:52:38
macdi7466,bz766506783390,UPDATE,2011-11-29 05:44:26,2012-06-30 12:32:08
ttgzr4650,vk930004125916,UPDATE,2014-04-07 01:56:56,2014-07-06 04:04:04
fcvvc2660,mo055844858632,UPDATE,2012-03-24 11:44:30,2013-09-22 08:19:44
uqufn1660,tx835988658540,UPDATE,2010-06-23 12:07:15,2014-06-02 04:26:33
tngmj9327,gj673207158606,UPDATE,2014-09-23 04:24:54,2017-02-27 10:56:12
xwuiv6383,ks680049320323,UPDATE,2015-03-18 07:47:11,2013-11-20 05:19:41
wfivt4636,tz453492111918,UPDATE,2013-05-23 12:29:19,2016-10-12 03:53:24
zgsbc8918,re987632605324,UPDATE,2014-06-15 04:07:04,2013-01-22 07:48:47
rkmxi7247,vd447749627426,CREATE,2014-03-18 06:17:13,2015-05-31 08:09:33
uhgtx9897,ke067452099483,UPDATE,2010-04-19 09:13:52,2012-09-16 11:39:01
cmwqz1799,tl110086427678,UPDATE,2012-09-02 01:01:11,2016-10-23 10:19:45
gtfnp7645,qb341578024347,CREATE,2014-02-22 07:58:55,2016-09-08 07:13:35
pchsj9602,jx014671198358,UPDATE,2013-12-29 02:18:13,2016-03-28 09:29:56
dvhwf2297,kk362213797821,UPDATE,2010-04-05 08:41:39,2013-05-28 07:55:46
dksji9014,mp789204823544,UPDATE,2012-07-30 11:20:12,2016-12-12 04:44:22
ctllz5927,bk640792696799,UPDATE,2013-09-07 03:18:54,2014-07-11 08:11:29
dhlas6556,yg219396980310,UPDATE,2013-01-29 01:12:19,2015-08-31 09:11:03
fcqdh1796,uy222960925879,UPDATE,2011-01-21 11:21:07,2015-04-01 01:35:44
jaxdn2615,rz502907360132,UPDATE,2013-03-20 05:35:12,2015-11-26 04:07:06
rfhdn7592,fr243907760645,UPDATE,2014-01-29 03:21:47,2016-06-10 04:01:25
idaan7998,pl532393909211,UPDATE,2011-10-11 03:41:43,2014-09-26 08:33:15
shxbb4351,do968209640425,UPDATE,2014-04-18 02:37:55,2016-01-10 12:53:39
mnrvk6596,fq400866258986,UPDATE,2014-07-14 10:27:36,2016-01-22 03:31:27
uquqd7887,hr418986056506,CREATE,2014-08-26 09:51:08,2015-06-30 02:41:45
pmkmp8429,cq572712163689,CREATE,2010-12-19 06:11:37,2014-04-19 07:31:02
fczoj6100,sj465399264256,CREATE,2012-10-12 07:37:55,2015-03-14 11:45:49
bzdxs4987,ny112139769646,CREATE,2010-02-27 10:42:26,2015-11-30 12:02:20
uhmkf8478,zm724664374479,UPDATE,2011-08-25 10:41:43,2016-02-07 09:25:10
jnewl2725,vq648285641360,CREATE,2012-07-12 01:36:56,2012-06-04 12:48:31
pnhqu3618,gc811603219256,CREATE,2010-10-12 12:23:53,2016-02-05 12:29:26
esazl1553,jo721412821759,UPDATE,2011-10-22 04:20:13,2012-05-19 08:25:24
olchx1258,nd802677687949,CREATE,2012-04-19 10:55:22,2015-05-22 05:20:01
pfwui4611,ym090111299961,UPDATE,2010-02-19 09:23:48,2015-01-17 04:45:44
bfpol0274,eu060443389404,UPDATE,2013-09-22 06:40:49,2012-06-01 12:44:17
kqsvf6160,zh096412331015,CREATE,2015-04-18 11:03:54,2013-11-17 03:27:02
szwnd4026,ij602410611127,CREATE,2015-02-18 01:04:07,2014-08-01 09:06:55
jiard4829,ya177510103470,CREATE,2013-05-10 12:24:38,2016-01-26 08:04:06
awbqx2501,qq567100918526,CREATE,2012-04-19 07:33:33,2012-11-06 12:29:29
pkvrn7352,tz804372214287,CREATE,2011-12-30 04:28:23,2013-04-06 10:40:48
jmfpe0142,qo849201525739,CREATE,2011-05-24 12:27:28,2015-10-03 10:56:50
apzar5474,ik058190394665,UPDATE,2013-10-31 07:24:51,2014-05-21 04:44:00
xqnng4909,ye983477541892,CREATE,2011-01-21 08:45:49,2013-10-19 04:09:56
xccjx6570,gj810938349758,CREATE,2014-03-21 09:48:06,2015-01-04 02:07:25
fambf8150,xh718161602804,UPDATE,2010-12-29 01:44:49,2014-09-30 02:16:11
tkpbp8099,lm727198107341,UPDATE,2012-02-07 01:32:48,2012-03-09 03:30:09
qstoy0334,gx881609456055,UPDATE,2012-04-18 06:59:12,2013-10-07 06:59:16
tvigu6265,la922799994897,CREATE,2013-04-26 12:13:14,2016-05-30 10:48:16
muiqh7413,vh700120259663,UPDATE,2010-03-21 11:30:38,2015-12-30 12:23:04
iikzy8228,sx982384601861,UPDATE,2015-02-28 11:13:44,2012-08-26 12:26:24
vmltn5026,qo957840572259,CREATE,2010-12-15 03:30:39,2012-06-26 07:50:25
zudtk8026,kj439764006776,UPDATE,2010-10-18 01:26:29,2014-04-13 03:57:00
ilkle4613,gd886823228898,CREATE,2012-06-18 08:23:00,2016-08-13 02:14:06
qwrgf1234,ng184589136783,CREATE,2014-02-25 08:13:24,2012-06-11 03:39:48
dpkln0324,ok545596465276,CREATE,2013-10-26 05:20:55,2012-02-28 10:35:28
gywbp5604,fc185502766097,UPDATE,2011-03-17 07:48:15,2016-05-15 02:52:20
xfntu2556,gp468958623960,UPDATE,2014-12-16 01:45:12,2014-10-15 01:03:47
aekhj3706,uh540720398676,CREATE,2014-04-12 03:33:29,2015-02-24 08:20:58
kufbj9911,sn507875672502,UPDATE,2011-10-31 10:33:22,2015-05-03 04:14:46
firia2544,qd806956696449,UPDATE,2010-07-17 01:17:53,2014-06-06 09:10:30
injas8977,zh784040616227,UPDATE,2012-07-03 11:45:23,2015-12-25 05:02:02
tukpk4826,ww338265474104,UPDATE,2010-03-06 10:05:20,2013-12-05 12:12:12
yeuir8813,mw036455706260,CREATE,2015-05-01 02:50:03,2012-03-07 12:52:28
ftxdu9561,zb408148195320,CREATE,2010-07-09 10:09:31,2014-01-15 09:44:45
hdfbz2309,pt331860508740,UPDATE,2011-03-16 10:16:15,2012-06-29 04:07:17
udcuz9143,br960761658831,CREATE,2013-06-10 08:59:23,2013-11-18 06:02:42
mbnbp0719,ee132432937675,UPDATE,2010-10-01 02:30:26,2015-09-19 08:17:42
mkgzs9868,fe345783659413,CREATE,2012-08-23 09:46:43,2012-03-23 03:35:10
goxvk0115,sc253191539487,UPDATE,2010-01-21 09:05:55,2013-09-25 01:06:54
kujnm5767,pi500029118313,CREATE,2012-08-22 04:32:23,2013-11-20 01:49:18
iywtg5902,mr078525932182,UPDATE,2010-07-18 10:51:27,2016-02-03 01:42:20
tiiss5614,gi010673788877,UPDATE,2011-06-16 06:45:58,2014-08-22 11:24:14
czdcr1441,ku492204794801,CREATE,2011-05-09 04:22:56,2012-07-15 03:08:37
eaemp3078,lc287272229603,UPDATE,2010-04-21 06:45:45,2016-09-09 07:46:10
mghvl1848,ut623434865768,CREATE,2010-07-02 05:55:26,2015-09-17 07:19:06
kwwpa4360,mr282755013509,CREATE,2012-03-06 10:06:55,2014-08-23 06:12:45
srrea8915,jq299558001837,UPDATE,2012-10-27 08:58:01,2014-04-29 09:50:54
biodq1864,qj450555682733,CREATE,2011-11-06 08:59:30,2016-11-25 12:55:06
irvcp7746,ce720105416650,UPDATE,2012-04-25 07:18:26,2016-12-14 09:03:18
jnnok0623,ac252679844966,UPDATE,2015-01-22 06:31:17,2015-09-06 04:11:47
cniiu7139,is849349250379,UPDATE,2013-08-27 08:29:41,2012-01-30 10:27:10
wmyac4688,fe430374295986,CREATE,2012-11-05 09:27:17,2014-05-05 12:24:36
yiyqm6053,oi268700422649,UPDATE,2014-10-20 11:23:31,2013-08-09 05:39:43
ukbkx5978,ix849480513472,CREATE,2013-11-25 12:04:41,2015-08-07 12:18:35
aylky6623,jo962505447800,UPDATE,2010-04-14 08:28:58,2016-04-12 11:36:37
yjiuu2742,jn491237635825,UPDATE,2010-11-04 10:36:26,2015-09-22 11:57:02
hxsju4042,gt658049976253,CREATE,2010-10-18 07:20:27,2012-07-03 10:06:14
xosjq7775,wb895196887763,CREATE,2013-03-17 12:08:55,2017-01-08 09:03:23
jzdor0050,af049252512796,UPDATE,2014-08-18 09:47:43,2015-12-29 08:21:43
yiqzk2724,yl980728615166,CREATE,2013-02-05 11:16:13,2012-04-29 05:54:30
lgymq5948,xe283094669607,UPDATE,2012-09-27 11:32:16,2016-09-01 06:32:31
sperw9441,ix706128900810,UPDATE,2010-04-28 01:56:44,2016-12-18 11:43:16
ktwxa7998,iw414402605416,UPDATE,2013-05-01 06:03:12,2015-05-20 12:31:24
dowwf8095,jd546965467323,UPDATE,2013-02-24 11:20:56,2016-12-31 11:37:40
dexqi8227,pc505713301225,UPDATE,2013-03-04 05:41:19,2012-12-11 11:02:00
bumkb1815,gv444575026892,CREATE,2014-08-25 11:50:35,2013-07-16 08:40:49
ctwhf5226,vc705788909471,CREATE,2012-03-09 08:31:35,2016-08-15 01:35:47
xrbxv5827,ht507841655458,CREATE,2011-01-31 07:11:09,2017-04-27 02:19:27
gveru9602,bo294674438285,CREATE,2010-08-06 11:24:06,2014-04-20 02:00:53
owpsk5425,wh673428924877,CREATE,2012-08-11 09:51:02,2016-01-29 08:23:36
jkqap4205,tl204932284677,UPDATE,2010-11-13 03:54:52,2016-03-16 06:59:28
uvdlu9433,ha174843862813,CREATE,2014-05-16 02:01:33,2013-01-20 07:00:29
otmur5397,mo326098017499,UPDATE,2012-04-11 02:42:43,2013-11-07 03:18:39
dksde9844,kf811006811163,UPDATE,2014-07-29 04:21:16,2016-05-26 12:11:06
hepmi6500,xz316183716570,UPDATE,2010-11-25 07:38:59,2015-08-11 02:25:49
mjega1356,sm722409052915,CREATE,2010-02-09 05:12:49,2016-10-01 04:22:26
rnbet3035,pd506373623564,CREATE,2011-07-02 07:06:30,2016-05-26 01:50:19
eqfac3394,ia138176607457,UPDATE,2013-07-19 06:53:53,2015-06-27 07:16:39
woorr4509,tp943990535920,CREATE,2013-09-30 05:36:46,2017-03-02 07:08:52
exxtn6782,fh439020977833,CREATE,2010-09-26 09:37:24,2014-02-04 06:41:19
wtziy1268,tf752546822332,CREATE,2010-08-17 10:24:53,2014-05-08 06:06:14
ajmyz2002,io750725418853,CREATE,2013-12-31 06:43:06,2012-07-20 11:17:27
ybxlh2892,ze708468516478,CREATE,2015-01-02 08:23:58,2016-08-22 03:52:40
avgru7384,uu606490496346,CREATE,2012-11-27 01:57:02,2013-08-27 04:21:30
wnwbl5766,rv565893587400,UPDATE,2013-12-17 05:02:07,2013-12-12 03:32:54
vhyed2034,wl214055966530,CREATE,2012-08-22 09:22:56,2016-12-24 05:51:04
yxvjt1185,ld394973315147,UPDATE,2010-06-09 04:10:01,2017-03-03 02:41:44
oonao0831,cw258351437882,UPDATE,2015-02-05 02:57:20,2012-01-30 08:14:27
bffqc2425,mw623401406813,CREATE,2012-02-27 03:01:09,2015-08-29 02:07:54
rytpe4012,nd883571479320,CREATE,2012-07-04 08:02:38,2012-10-13 07:00:37
lnrmt5122,ye916901768557,UPDATE,2012-08-30 08:07:57,2017-02-26 11:41:27
dxgjz3189,bm684489095662,UPDATE,2013-09-25 10:01:20,2012-06-22 02:56:47
ifbcq7081,wn711072434372,CREATE,2010-10-21 09:54:23,2014-09-27 11:12:16
thrhp6163,sd739084752830,UPDATE,2011-01-10 01:25:36,2017-03-28 05:37:39
vkehe8728,rl609729205418,CREATE,2011-03-07 04:31:23,2014-02-07 10:03:37
fmpeb9475,qa983172243731,UPDATE,2014-07-20 09:55:46,2015-09-17 07:15:06
yidkr4391,cl094066122526,UPDATE,2010-09-22 07:01:32,2015-10-18 02:21:39
nfrzw3140,oy310913642619,UPDATE,2011-06-03 04:36:22,2015-11-24 11:41:11
kepey7312,vg964290714569,UPDATE,2010-11-16 09:57:29,2016-10-30 12:04:42
cjjeh7690,ip750183285509,UPDATE,2013-06-20 10:13:11,2014-08-22 11:11:20
ziyct3729,ap018297508197,UPDATE,2010-04-03 01:19:58,2012-07-02 05:04:30
nyfts1594,be902688742412,UPDATE,2014-02-07 10:10:39,2013-11-23 09:25:39
ojqod2186,ey700634894026,UPDATE,2011-03-18 12:31:23,2014-08-27 09:01:44
aloak7943,xj164775375555,UPDATE,2010-01-20 09:36:47,2012-11-29 09:20:21
jicjz3794,kj756202860628,CREATE,2011-09-22 11:01:44,2013-11-03 09:22:23
gcnpm2178,ft524533029424,CREATE,2014-02-22 01:58:15,2015-01-10 04:49:39
ucsub4439,gy230833282821,CREATE,2014-08-15 06:02:15,2014-09-11 06:54:18
bhfmn4105,ka220844476966,CREATE,2010-11-01 03:20:36,2014-03-17 03:45:14
vkjle6044,cu074852255630,UPDATE,2011-09-27 01:10:31,2013-06-13 05:52:16
zdimk4354,cy441223008977,UPDATE,2014-02-23 06:31:41,2014-05-11 08:12:04
lhydo9114,kw987230643304,UPDATE,2011-05-15 12:57:37,2014-01-06 05:24:15
ltpeq2921,xm999343905174,CREATE,2010-11-03 08:24:21,2014-02-21 04:21:57
nmktz2018,hx006940371815,UPDATE,2015-02-23 03:17:53,2014-02-18 12:44:19
cuygn3155,sv018564113794,CREATE,2012-01-12 04:01:59,2012-01-26 09:52:35
bvzon7945,li032353568606,UPDATE,2013-03-25 11:20:39,2013-03-13 03:47:13
aniau4252,ed274416177072,CREATE,2014-11-12 05:50:11,2014-06-13 03:55:36
knbvw7914,lz624080488547,UPDATE,2012-07-04 10:56:58,2012-04-02 03:43:50
yveci1933,ad644897780528,UPDATE,2014-06-13 11:34:30,2016-04-26 10:13:40
mtymk9702,mm753524261097,CREATE,2010-03-19 07:19:45,2015-12-24 05:02:15
ugjpw2303,fp573548645051,UPDATE,2010-09-05 10:25:13,2014-03-31 04:44:10
qklel2918,zy217571203587,UPDATE,2011-12-15 05:21:57,2015-07-26 06:31:24
nlmao2356,ch841494846109,CREATE,2010-05-29 04:59:41,2015-06-30 10:59:07
ouymi8357,ga231415320598,CREATE,2014-12-08 05:03:31,2014-09-04 05:02:10
uitum5205,qk533507025082,UPDATE,2013-01-14 05:40:59,2016-02-07 06:24:12
afoxt0194,gv347824336522,CREATE,2011-12-06 06:52:13,2013-04-17 05:05:39
fmvlw6019,zh144769796836,UPDATE,2010-02-14 03:02:38,2016-12-19 05:36:12
ggrzs5384,mg063601525793,UPDATE,2013-04-13 07:12:24,2012-06-01 09:32:50
ururp5744,yo630286359083,CREATE,2012-10-06 10:44:01,2015-03-03 06:35:55
mvjrt3689,gm058391747296,CREATE,2013-02-27 02:20:56,2016-02-20 12:21:14
mvxep8663,xx783119189012,CREATE,2010-10-23 10:54:07,2012-02-01 09:17:42
ganwy4902,dg941552620281,CREATE,2015-01-20 09:15:22,2014-02-12 10:33:46
vbawy3528,sv351424384486,UPDATE,2010-07-16 02:29:26,2012-06-29 11:24:56
hebdr5583,we939187359325,CREATE,2012-11-02 09:16:42,2017-03-14 12:26:00
tvxew0392,di355273828060,UPDATE,2012-03-20 08:22:49,2013-04-24 09:23:58
smymt3452,mf084127749067,CREATE,2012-11-04 01:19:42,2013-02-18 06:25:04
pwzbw1647,nh027644764788,CREATE,2011-11-05 07:25:47,2012-05-28 06:22:08
qljsj6295,gp743906880097,CREATE,2011-12-30 08:39:59,2015-10-18 08:39:50
opzns6423,jn476687219241,CREATE,2015-01-26 06:27:02,2016-10-22 10:55:32
scagm4445,kp309571269894,CREATE,2014-11-08 11:44:44,2013-01-27 11:16:07
pxurj6569,zx350154434995,UPDATE,2011-07-20 04:11:23,2015-08-11 10:48:59
nciho1726,yu796697486015,UPDATE,2013-02-18 01:53:34,2015-02-28 12:39:59
qklee6579,db199254802596,UPDATE,2013-06-17 07:58:38,2013-05-02 09:52:13
kskgp4414,sc495201235939,UPDATE,2014-07-11 06:53:38,2013-05-30 09:40:14
twcbw6356,ar927385766671,UPDATE,2014-08-05 02:26:40,2015-07-07 03:44:38
nffwp3907,fm984206641728,CREATE,2013-03-05 09:08:38,2016-05-19 03:48:43
ievdt0227,lx880597248407,UPDATE,2011-03-03 05:25:12,2016-12-26 09:23:38
twniv5386,ib197915914910,CREATE,2010-04-19 03:07:06,2016-12-18 01:14:48
sclon6202,oq403986584779,CREATE,2010-03-22 02:38:26,2013-01-05 06:53:35
armxk1463,xo801012913440,UPDATE,2011-12-10 07:12:30,2014-02-17 01:04:54
sfkfv7542,bf915121397652,CREATE,2010-04-12 01:01:22,2017-01-12 10:08:59
nmcmb5096,zm091501676350,CREATE,2015-03-04 03:22:42,2013-08-05 03:18:33
jabuz3423,nq001513546497,CREATE,2010-08-08 08:35:35,2014-11-21 09:29:16
pjwmf8514,ab155007982397,UPDATE,2010-04-11 02:17:58,2013-03-06 11:33:16
iimnp8208,ye212048002562,UPDATE,2010-01-30 10:20:41,2014-02-27 04:10:52
oqxnm1398,pd396039050065,CREATE,2010-06-11 07:44:49,2014-03-03 02:41:50
ixwvb3173,ai787573309889,CREATE,2013-05-01 03:39:00,2014-01-19 03:48:43
vdyss8542,sf844161656568,CREATE,2013-05-21 02:10:14,2013-08-19 07:49:43
oluhi9920,if630323462117,UPDATE,2014-07-14 08:54:23,2012-12-22 09:31:53
luwsp1083,qs170336078658,UPDATE,2014-07-17 07:19:44,2016-04-27 03:43:49
jbqip1163,il049741642332,UPDATE,2010-02-24 07:32:32,2017-01-18 04:37:46
gfjrl6298,xh832934406970,UPDATE,2013-12-29 05:45:59,2013-06-05 07:19:31
eteic7146,jf433093309796,CREATE,2010-04-16 07:14:29,2013-02-24 09:13:47
quhic9321,xj235353130994,UPDATE,2012-07-21 07:27:24,2012-11-17 02:40:51
vensn2898,dk409013069373,CREATE,2015-03-16 08:14:50,2014-09-27 05:17:37
mfdpx9355,nk147904310353,UPDATE,2011-02-07 09:45:42,2013-06-20 06:34:59
fhvup8941,wj705072270578,UPDATE,2010-12-10 08:25:03,2015-12-14 01:56:34
iwkzt5242,qt107790844990,CREATE,2014-03-26 10:35:31,2014-05-24 02:31:33
swoso2749,on168202876711,CREATE,2012-05-17 10:22:51,2012-05-07 05:48:45
pzwdd2707,nh541130347536,CREATE,2013-12-20 05:20:31,2016-02-03 08:58:56
skltn4269,vd871221636037,CREATE,2012-11-14 05:43:26,2015-10-01 01:39:30
wtdeu1840,vx217913850685,CREATE,2011-06-04 02:00:28,2016-12-19 01:57:51
dusmi0688,ni575201562291,UPDATE,2013-05-28 02:53:26,2012-08-25 08:33:26
fbdff7976,dv169043398792,UPDATE,2012-02-27 07:40:19,2012-04-18 10:54:32
iiwlw9694,sx510219752317,CREATE,2011-06-03 11:36:37,2015-08-16 05:30:42
qvizv4795,ic312534519564,CREATE,2010-09-20 01:46:40,2013-02-08 09:22:12
uihcy2263,rz052936518369,UPDATE,2013-10-19 05:23:25,2015-10-22 04:13:48
ntndc0876,ki421349825767,CREATE,2010-06-17 03:16:24,2013-02-04 11:13:36
lqgoo5099,cx485797277861,CREATE,2013-02-14 06:01:13,2012-12-15 04:31:56
icxmy6082,hy426716072031,CREATE,2015-02-23 08:44:50,2012-03-14 07:20:31
wmcyb2298,yi986679427579,CREATE,2010-09-14 04:49:34,2013-07-16 04:48:03
goivk0656,eq577950282830,CREATE,2015-04-30 09:50:47,2016-04-19 04:40:22
ywgcn5918,hs480669641564,UPDATE,2010-12-20 12:29:10,2012-06-05 01:05:59
mdfpc4699,vw769292073742,UPDATE,2013-01-07 02:46:48,2013-11-29 09:18:52
tnetr9102,ad103401206170,CREATE,2010-10-27 04:41:18,2015-10-12 12:22:13
tgcvy7856,hk433484298550,CREATE,2010-12-29 10:50:24,2016-06-11 03:29:00
ezyho7626,gj183819134233,CREATE,2014-05-29 11:30:00,2014-08-17 11:48:21
aqmrd0738,tj359262255825,CREATE,2013-02-07 04:22:37,2015-12-16 08:47:39
jttwo4710,be902480925198,UPDATE,2010-07-19 06:21:15,2013-01-16 06:15:48
xgckp0521,lb649413561226,CREATE,2012-10-01 08:08:54,2016-01-29 10:51:01
lzlwj8422,pn291511777319,CREATE,2013-01-09 07:54:13,2012-10-06 12:18:20
tfgvs9152,ij467394474352,UPDATE,2012-12-03 11:54:53,2013-05-29 06:54:16
bppou4745,ga049932042599,CREATE,2014-03-12 11:52:30,2015-07-04 07:06:47
nlock4207,iz114380729118,UPDATE,2010-09-27 05:51:27,2013-12-03 11:06:18
cswul5894,xq193529116228,CREATE,2014-08-15 07:43:51,2012-10-08 03:37:55
nldfn3572,ru474734131700,UPDATE,2014-10-09 08:12:01,2014-08-13 06:36:24
ildeh1429,pj114424253512,CREATE,2010-05-30 06:45:01,2012-09-14 09:04:53
ogemv5679,ii336120519804,CREATE,2010-08-28 12:24:11,2014-11-20 04:35:28
czbyc3968,oc346132502875,CREATE,2010-05-24 09:44:20,2013-04-18 06:25:29
kdhrg1501,pg153088384488,CREATE,2013-01-12 08:24:22,2013-10-04 07:24:07
ggvgp5820,ji243256565329,CREATE,2013-11-26 12:03:49,2014-08-03 12:17:20
ufjpk0565,md875909554710,CREATE,2015-03-29 10:57:06,2016-12-25 01:34:52
tctoh3404,lq854735581766,UPDATE,2014-09-16 08:13:16,2017-05-11 11:14:56
urhgq1310,kl925028543307,UPDATE,2013-12-26 05:16:33,2016-04-04 11:39:04
wfoqx4377,iu732032897732,UPDATE,2013-02-11 09:06:12,2012-05-08 03:30:25
uomrx9026,kt475065250517,UPDATE,2012-03-08 01:26:07,2015-01-15 04:39:06
aujxe3085,jn171160430143,UPDATE,2012-11-21 06:28:50,2016-02-28 04:54:25
fhjps7460,hg983789479289,CREATE,2012-03-30 10:13:30,2016-02-19 03:25:51
rltca5612,jo075412642418,UPDATE,2010-08-12 06:03:00,2014-10-06 11:20:29
ewytd9545,gp152481348576,CREATE,2015-01-09 01:24:44,2015-10-15 06:50:21
ydsju7154,xm667054497950,CREATE,2015-05-13 01:40:44,2015-06-20 01:59:54
yuytv7472,dp388185196137,UPDATE,2013-02-27 01:21:45,2015-08-20 12:14:59
bbvdr2687,qz601522545809,UPDATE,2013-10-07 01:14:47,2015-02-23 08:39:52
rvneb6082,tu228632993192,UPDATE,2013-12-14 10:19:41,2014-03-22 02:06:25
cyhrg4423,ca269418622527,CREATE,2010-11-14 12:42:57,2013-02-17 08:50:10
qxuvg7537,vv564326578772,UPDATE,2014-03-26 12:39:37,2014-01-07 12:03:11
musjl2961,ne087676976424,UPDATE,2012-12-18 11:46:16,2015-06-06 06:06:19
oolqt4105,nm815537833583,CREATE,2015-04-15 11:52:41,2013-08-09 11:06:58
gvlrt3547,wx641914820766,CREATE,2010-04-30 04:54:46,2014-09-18 11:27:07
fpglv5427,av350690428661,UPDATE,2013-12-26 06:40:26,2014-02-03 06:23:21
qfluh5051,mu592791692582,UPDATE,2011-06-30 11:09:16,2015-09-22 12:05:15
ajnxr9137,ag403446391395,CREATE,2012-07-06 10:47:40,2012-11-03 04:11:36
exdvg2892,br486528439443,UPDATE,2010-12-27 03:55:44,2014-11-19 02:23:26
rfhxy3541,mn168701366921,UPDATE,2011-07-06 12:57:41,2017-02-13 09:03:05
rgeuf8052,bo149780404733,UPDATE,2010-07-09 04:38:39,2013-09-19 04:04:23
mobxx5939,cv559876614289,CREATE,2011-07-27 12:29:26,2013-09-13 12:11:45
oayfl1796,sx776051103479,CREATE,2012-04-09 05:44:08,2013-02-12 06:01:20
sbkyn0463,eq373034879844,UPDATE,2012-09-19 05:45:16,2017-01-05 06:00:08
zrlxg9447,rx034357857057,UPDATE,2014-11-19 10:26:18,2016-07-01 11:53:29
wpfbo1954,wu465177924389,UPDATE,2010-02-09 12:57:34,2015-02-06 07:49:41
nntfk5150,eh624065963394,CREATE,2013-05-08 12:51:50,2017-02-14 03:32:25
bkmvl9383,rv127476668128,CREATE,2011-08-19 09:38:27,2013-09-28 11:13:46
xygsk3954,ui685921389880,CREATE,2012-07-18 11:00:33,2016-10-26 04:22:17
odjah1968,ny378781154209,UPDATE,2010-10-18 06:31:25,2014-04-17 02:04:24
oatti3943,lp810273161131,UPDATE,2012-10-10 07:39:48,2012-12-06 12:57:31
fbtwl1261,ek160457297405,UPDATE,2014-06-02 05:15:47,2012-08-17 06:33:37
yydmx6314,wp601398008531,UPDATE,2012-12-30 10:54:40,2016-04-20 05:47:26
qqwob7267,gf519338693599,UPDATE,2012-04-24 04:15:44,2015-08-15 04:01:33
rgbfi7438,pp331391898694,CREATE,2012-02-24 04:58:57,2016-01-19 09:06:27
zqsli6428,ch754823873934,UPDATE,2015-03-06 04:38:49,2016-08-17 09:40:19
vkiqz8411,tj822004581859,CREATE,2014-01-10 11:48:28,2016-08-25 08:12:20
fzbbi2535,gh671608538322,UPDATE,2014-04-19 09:42:12,2015-06-06 02:51:35
goilg9898,pa361591067812,CREATE,2015-05-02 03:35:06,2017-04-18 09:43:00
jdzzo1751,lp535025994622,UPDATE,2013-05-25 10:06:22,2015-11-29 01:44:43
bqdwe1517,bs249268293918,CREATE,2015-01-19 02:28:51,2013-09-21 10:36:28
rtpbg8033,td203315714645,UPDATE,2011-09-29 05:34:13,2015-06-02 08:31:46
lklhx5758,ce256552129389,CREATE,2011-09-04 09:29:19,2017-05-01 03:54:14
wfbsw3048,ce816864122206,UPDATE,2012-09-29 05:28:17,2016-10-09 07:35:35
joocs4419,vg676209343372,CREATE,2010-03-18 08:58:04,2017-04-16 07:34:01
kewqo5629,zi540942438133,CREATE,2014-08-01 07:46:38,2015-10-20 11:23:35
uvwhx1878,hq046868383219,CREATE,2013-09-18 07:25:36,2016-11-16 07:04:49
zsser2385,jg760792683891,CREATE,2013-07-10 08:05:57,2015-04-15 12:30:12
ajbcj2533,ep423317328566,CREATE,2011-11-26 02:20:17,2014-01-07 09:31:05
qghup6048,vh143261141896,CREATE,2014-01-20 04:16:46,2016-12-14 01:17:46
zbfoo0943,ff946318268562,CREATE,2012-08-18 02:53:21,2012-05-16 03:14:18
khlck5769,jk128412867780,UPDATE,2012-12-30 09:08:08,2017-03-20 10:16:40
lcysk6939,ie934886803526,UPDATE,2014-10-10 01:44:54,2016-07-04 12:17:52
hikui6367,ro506393778216,UPDATE,2011-11-08 06:45:22,2014-12-24 05:49:20
kczuj9213,ev396983392717,UPDATE,2012-08-27 10:30:42,2014-06-19 12:21:33
wdlgg1243,yt025576491963,UPDATE,2012-06-04 02:03:27,2014-01-02 02:07:12
rliyx0125,bl213711630270,UPDATE,2010-12-28 07:51:21,2012-04-04 09:46:02
xelzb1847,wv144748109999,UPDATE,2013-08-17 09:02:39,2016-07-07 04:16:03
ltjsm2449,ob729300714986,CREATE,2014-12-08 08:10:33,2014-06-02 12:27:25
ouxiy5083,ac884785317942,UPDATE,2013-06-11 03:45:07,2013-02-01 11:40:01
wrtgr1101,mg247343417323,CREATE,2013-06-26 12:31:17,2016-08-06 07:34:20
rjhnm4513,bb564300645061,CREATE,2010-04-20 02:52:33,2012-07-30 08:36:36
waqlb4130,my382849663755,CREATE,2012-09-20 06:45:22,2013-06-29 07:28:18
iatha2148,av182958663148,UPDATE,2014-05-31 07:51:05,2014-10-09 09:06:09
uqrge4831,kk265058066623,CREATE,2014-02-27 02:32:20,2017-04-24 10:28:51
nkwbb4227,nj182881731094,UPDATE,2011-10-16 02:19:44,2012-04-06 09:29:50
rkwmz7389,ea668971687921,CREATE,2010-09-08 11:18:48,2016-01-25 05:25:29
aqiit8445,my147189548069,UPDATE,2014-08-26 12:10:35,2016-01-19 05:04:31
sphjg6750,dp204010901087,CREATE,2012-08-04 04:44:55,2013-10-28 11:29:26
xbvsv9725,db951098600847,CREATE,2011-06-02 09:31:45,2016-01-27 06:56:42
drtbj6430,hc501181119076,UPDATE,2013-09-08 12:28:22,2016-01-03 03:37:22
xeapd0136,kb350549000066,UPDATE,2015-02-24 08:29:11,2015-11-26 04:38:16
nhrlw8414,fe035782168924,UPDATE,2014-05-01 11:13:22,2013-03-29 05:16:36
dtocn5053,qt141364499635,CREATE,2013-01-25 04:05:45,2015-06-16 11:00:37
upazf0092,op454653779475,UPDATE,2014-05-28 01:16:15,2012-07-18 04:59:19
kgdpr2718,ct562851398566,CREATE,2013-09-01 09:05:52,2013-12-02 03:21:57
mvbgn8662,yg052365165246,CREATE,2011-02-26 01:06:57,2012-12-11 06:31:10
vdtlw7247,ju618462100695,UPDATE,2011-01-22 05:06:14,2013-06-18 12:14:04
ewvwd8633,ud351653180713,CREATE,2010-07-20 04:51:40,2016-10-10 12:11:42
glqjn4542,fx901855219204,CREATE,2012-02-16 10:50:25,2017-04-03 10:24:09
zqcao0111,du168278488408,CREATE,2012-03-06 03:26:06,2014-03-09 07:46:17
iktpf4186,qq420484812075,CREATE,2015-04-15 04:18:42,2012-05-09 06:56:27
mgcix8041,di503312434478,CREATE,2013-11-25 10:10:34,2013-01-23 12:58:50
vbujc3735,ug981919893410,UPDATE,2011-10-22 01:53:09,2016-03-09 11:54:38
cdbhd5695,on477453179073,CREATE,2013-08-17 07:39:21,2015-10-31 11:38:37
gikbs0765,av444490876972,UPDATE,2012-10-24 08:49:59,2016-02-26 10:14:36
admhp2247,up864045446693,CREATE,2011-05-05 09:31:56,2012-06-24 11:16:26
gkdlh1135,qu685638884692,UPDATE,2010-10-26 01:42:07,2013-01-24 04:16:11
icuuf9170,xj861196721832,UPDATE,2011-04-21 05:47:23,2016-10-04 09:24:08
btatr7235,jm765047442677,UPDATE,2010-11-21 10:13:58,2015-02-01 07:41:56
cmnrh2716,gp039014918383,UPDATE,2010-06-09 08:21:31,2013-07-28 02:59:33
acjlm5816,zn784967421535,UPDATE,2014-01-06 03:13:47,2016-08-05 12:07:11
qqrzn3674,yn633547985515,UPDATE,2010-06-11 03:42:08,2014-04-18 08:56:20
npflo0250,nx706812704562,UPDATE,2010-10-24 03:30:37,2014-08-18 01:28:15
zdtbt2147,ub890820439633,UPDATE,2010-07-11 12:21:09,2016-02-04 11:34:48
ctajf4996,fy294722381739,CREATE,2010-10-15 08:54:35,2015-07-17 01:02:44
balhp1707,ue221275020795,CREATE,2013-10-12 01:43:54,2014-06-06 02:52:31
pvkiy5216,ge233390809036,CREATE,2013-03-10 05:21:46,2017-02-12 03:24:36
rvjld7965,uc553361658865,UPDATE,2013-03-27 06:43:55,2012-01-27 02:40:28
gwoqz9398,tk675669876249,UPDATE,2013-12-22 02:19:07,2015-10-06 07:14:22
rqtai3869,cv064904951054,CREATE,2014-12-07 10:48:49,2013-10-23 06:22:16
aniyv8701,nn369976999729,CREATE,2015-05-14 08:32:43,2016-02-27 12:16:06
whdfa9883,tv021632474576,UPDATE,2010-08-10 12:01:25,2015-07-24 10:29:26
proob7339,ib902272737790,CREATE,2011-01-29 06:39:00,2012-09-20 02:05:39
ivydo9563,tj282209775380,UPDATE,2010-12-04 01:19:23,2016-12-19 01:16:08
fjcwh8106,pf280753570167,UPDATE,2013-06-02 10:50:00,2012-10-17 11:29:27
eyecg4467,lb535282456408,UPDATE,2012-03-10 06:47:22,2014-01-29 10:31:10
fmvfq5760,ov977144664613,UPDATE,2012-02-25 01:51:54,2013-02-08 07:35:40
ndmjk1265,xw539187955585,UPDATE,2012-05-22 10:06:56,2012-01-19 01:48:48
asdgk3790,uh859586100885,CREATE,2013-02-06 09:07:46,2015-01-11 06:20:56
mswtz4728,od615996959614,UPDATE,2013-03-16 10:06:17,2016-04-08 06:04:55
afxtb5877,hp219608463185,UPDATE,2010-08-14 05:22:33,2017-01-20 10:57:24
grkzp0025,bn209181518845,UPDATE,2013-11-16 09:50:56,2015-01-11 02:02:58
geice5144,pu896799094867,UPDATE,2015-01-30 02:53:49,2012-10-17 04:55:47
bxugq9233,yk951837731176,CREATE,2012-10-01 12:10:50,2016-08-13 09:42:53
wlnvc1881,st959615791408,UPDATE,2010-12-27 09:34:18,2016-09-14 09:41:44
rpmme8242,jz076007226977,UPDATE,2014-07-16 10:32:30,2013-07-06 11:34:46
maqyg4028,ga499625732380,UPDATE,2012-12-14 09:06:11,2012-10-10 12:21:19
ftgxc7303,ta511183122418,UPDATE,2013-08-12 12:26:35,2014-10-29 07:59:41
orvmu6704,wy840241631711,CREATE,2014-03-24 07:57:21,2016-08-12 01:59:55
voics9187,mt308284638906,UPDATE,2011-10-17 12:08:02,2013-07-25 04:08:35
popig6215,ff062996619930,UPDATE,2013-08-04 05:23:07,2013-06-15 10:13:24
zrgpj0800,fm466858792038,CREATE,2011-01-29 12:56:40,2014-11-10 08:37:57
ybawc9489,ed028643861078,UPDATE,2010-05-18 10:34:28,2012-11-10 07:06:58
pzqyb8195,gq524678327843,UPDATE,2012-04-13 05:51:34,2017-04-18 07:15:07
qcqoc7352,gh361933904738,UPDATE,2010-08-30 06:28:07,2015-04-08 10:23:55
aqcnt4620,ry549793187630,UPDATE,2013-04-15 11:01:02,2012-11-25 06:19:26
ihvuv2780,da700694237121,CREATE,2013-06-07 04:01:04,2014-01-03 05:56:38
qisxe6317,oe757124342594,CREATE,2014-11-23 11:23:58,2013-10-26 03:22:19
ezrth0778,ql715784436649,UPDATE,2014-03-12 07:34:33,2012-07-27 11:52:04
ohhye0983,xo033997524719,CREATE,2012-06-22 02:52:45,2013-03-01 07:03:16
nqwkd4638,qo332920015427,UPDATE,2015-02-24 06:22:51,2017-03-28 12:32:38
wmnty4237,ri346950774753,CREATE,2015-04-04 03:07:20,2015-09-22 10:35:17
tuiud0670,jf202651494198,UPDATE,2011-06-18 10:57:35,2013-09-08 06:21:58
mzvic8351,uo668349145078,UPDATE,2012-01-17 02:16:00,2014-02-16 03:40:41
gfkiu5957,jg600474505529,CREATE,2014-01-04 01:55:48,2013-12-13 11:24:08
wxfzr1298,py981837612407,UPDATE,2013-08-31 10:31:36,2013-07-02 06:33:25
rjbuf9875,jw291193869918,UPDATE,2010-09-02 09:33:52,2012-03-28 10:42:31
coszp6612,ah831104255470,UPDATE,2012-02-11 06:15:51,2015-11-27 03:00:05
ynnpv9320,dz061927006440,CREATE,2012-11-29 05:26:44,2015-10-19 04:13:00
jgrpk1667,bf087714864849,UPDATE,2013-02-02 05:13:10,2013-10-20 09:18:46
ndrcu0420,la252957569759,UPDATE,2013-07-15 11:36:37,2015-05-18 11:36:38
kahtw8036,he430428075408,CREATE,2011-10-21 06:57:36,2014-07-09 10:00:29
mzacs1394,qf085047028891,UPDATE,2013-07-23 04:57:47,2016-04-19 06:35:32
qxceh2378,sx492737560650,CREATE,2014-12-22 01:39:33,2016-04-28 05:11:52
wmrlz8776,ny477493604577,CREATE,2012-05-05 01:13:28,2013-07-28 03:25:07
rlaab0196,pw649212332067,CREATE,2011-04-07 08:48:21,2015-03-17 09:21:08
nxfen7728,lw005469070682,UPDATE,2013-10-24 06:53:34,2017-01-10 10:50:19
uraru4075,ca409521171025,UPDATE,2014-06-03 04:50:07,2013-07-31 10:36:04
rmdza8649,sg068247849638,UPDATE,2012-03-29 02:31:42,2017-03-13 06:04:32
inpft2538,iq696215710708,CREATE,2010-11-24 04:42:54,2013-07-21 11:44:17
jlzeh1651,bx778282239595,CREATE,2011-04-29 04:21:02,2012-08-20 05:49:14
dqrmz0811,oz843318611600,UPDATE,2010-03-06 02:33:30,2014-01-13 10:46:04
kyvut1007,tz531342093850,UPDATE,2013-12-21 10:04:31,2012-05-18 04:05:41
fhdxm8244,bd227705875412,UPDATE,2011-11-17 08:39:35,2015-02-26 07:20:30
ixcad6630,yt553724938823,UPDATE,2012-08-14 09:21:04,2016-09-13 10:37:31
qnksa5730,ja251297138713,CREATE,2011-12-23 10:11:17,2012-05-24 04:25:02
udrjn2500,uj048953498584,UPDATE,2013-09-14 05:07:29,2016-04-22 05:43:42
uzema1009,sg734984504600,CREATE,2013-07-02 08:33:33,2014-02-22 06:02:53
oysnf9623,di356773279924,UPDATE,2013-10-01 08:26:58,2014-12-22 09:48:14
mtztt8613,dz704071679498,CREATE,2015-05-01 05:03:25,2016-06-22 11:46:47
waeso3209,ca976636531385,CREATE,2011-09-14 09:16:52,2013-09-29 06:09:28
yscof8413,dy881194284232,UPDATE,2011-11-05 06:14:37,2015-11-12 12:32:43
wyvbl0978,gu000363110072,UPDATE,2011-06-20 04:42:46,2012-03-22 10:10:17
tzybc6581,wq931192317423,CREATE,2013-11-25 10:43:33,2012-09-23 09:32:47
zwkfi2911,no645705612718,UPDATE,2011-08-26 07:07:05,2016-08-07 04:30:09
tqqrt1177,bi941167597626,UPDATE,2014-05-14 02:47:11,2014-09-10 06:27:12
ilqsu3995,yh709212280635,UPDATE,2012-11-24 04:35:55,2013-11-29 05:01:09
kfwrh5865,xi616520070474,CREATE,2012-05-26 10:25:23,2016-09-22 12:22:53
sfmfb9815,sr927829277460,UPDATE,2013-09-18 06:53:01,2016-08-10 02:10:23
urpaa6828,om098604267996,CREATE,2011-06-23 09:05:33,2014-02-15 02:08:43
fmgub9901,jb303289084434,UPDATE,2011-07-25 03:36:29,2016-04-07 11:49:05
zlvki9246,nw818048501594,CREATE,2013-05-27 01:08:18,2013-06-25 06:46:20
lvtrl4984,xq967416013374,UPDATE,2010-11-01 07:13:29,2014-11-23 07:32:35
oblcp1447,yr782802373490,UPDATE,2013-03-29 12:27:03,2012-04-26 10:44:06
ljsno3738,ib981409053267,UPDATE,2010-11-14 03:41:10,2017-04-04 11:41:29
ivrwk7313,dh118700731985,CREATE,2014-06-09 09:45:29,2016-01-12 08:58:00
fwtaf6155,wn670757727390,CREATE,2010-10-17 12:14:50,2013-04-12 04:31:29
khjvw7267,lv321046199570,UPDATE,2012-05-07 12:46:22,2012-03-19 10:26:11
cfoxz0329,ky308261895587,UPDATE,2012-12-12 01:04:14,2016-04-28 07:40:07
sscbq0051,cx981328708844,UPDATE,2013-08-06 11:07:48,2016-03-03 08:05:52
twarn7254,to622463282474,CREATE,2014-05-30 04:41:34,2016-08-17 02:46:06
yeqzx8582,zd798866119276,UPDATE,2011-05-03 10:47:31,2012-11-08 02:34:21
acogp7242,ez145855192589,UPDATE,2013-03-14 12:09:05,2012-12-24 02:42:39
irkjd8551,xq317860843853,CREATE,2011-02-03 01:16:39,2012-11-24 12:14:04
dlhqh8318,yx597927135094,CREATE,2012-01-02 02:58:25,2012-11-07 07:58:34
bzgmn4051,ky532903477837,CREATE,2013-07-14 03:26:23,2016-11-06 02:16:51
zhzga0432,dq668878768251,CREATE,2012-05-27 09:47:23,2017-05-07 12:42:41
qzmsw6885,tb095259561558,UPDATE,2010-06-20 11:13:48,2012-03-17 05:49:46
aypdy2793,kg564949759540,UPDATE,2010-06-28 03:58:24,2012-06-23 10:42:46
zninw3421,ke394386402959,CREATE,2013-06-17 01:46:09,2015-02-14 06:51:46
ltcgk8613,wi250766113893,CREATE,2010-02-11 04:07:30,2012-02-26 01:28:22
dsdns2760,mb601582322974,UPDATE,2010-02-22 09:58:13,2012-08-26 07:21:19
pgsra8362,js235460459898,UPDATE,2014-01-28 08:45:27,2015-08-24 09:55:00
msxkb7410,oi271355506748,UPDATE,2013-05-29 04:41:56,2012-04-08 06:43:21
fcuud4046,sl506744691593,UPDATE,2011-01-08 01:38:36,2012-08-21 06:22:01
idwtv9451,us894439200639,CREATE,2012-11-15 12:29:06,2012-04-07 05:14:00
aieoj8877,ru899543145998,CREATE,2013-01-05 12:36:19,2013-10-18 02:42:22
gvobm3158,bn607167965450,UPDATE,2013-08-02 08:34:44,2012-04-01 09:36:23
ubvbc4647,fo709921545095,CREATE,2013-11-26 01:32:34,2013-04-01 05:12:38
dmksd6548,yc240769138674,UPDATE,2010-12-18 06:07:43,2015-04-11 06:24:32
fsbmq1060,vs278374618570,UPDATE,2013-01-13 08:42:40,2013-08-02 02:02:04
xwkcr9776,mh198493125599,UPDATE,2010-12-01 12:30:53,2016-09-13 05:25:32
vfzmh3480,pw255877445060,UPDATE,2010-06-12 04:58:21,2014-06-25 02:34:41
tejym0437,qw350056973547,CREATE,2014-07-12 04:50:51,2014-07-12 02:25:52
rxyqo4293,fi942353061438,UPDATE,2013-06-15 11:18:09,2016-08-06 03:26:41
mnovf4751,uz139517268889,UPDATE,2012-11-21 10:04:14,2014-02-18 03:52:30
fmcjj2462,mw651533942049,UPDATE,2012-04-07 07:19:19,2016-10-15 08:48:59
zpwkh6036,tu381467692551,CREATE,2013-08-17 02:37:22,2014-03-31 08:26:55
xwqtf3058,vg767324884503,CREATE,2013-05-10 03:18:04,2017-05-04 04:54:51
yxwxr5267,jb831707447706,UPDATE,2013-06-14 09:30:09,2013-07-10 11:15:41
ubdri6231,yd761966619892,CREATE,2014-08-01 05:31:22,2013-08-05 05:54:13
ugjny0681,pm948153141010,CREATE,2014-02-11 05:41:20,2015-01-30 03:06:59
bspgu2946,rj294799738565,UPDATE,2014-11-10 03:19:51,2013-02-12 03:38:12
wbqem0990,zk375394518537,CREATE,2013-09-14 07:45:01,2014-04-15 11:34:12
tvpof9753,qk705341453265,CREATE,2014-01-28 10:37:42,2014-10-07 07:35:30
djiij1857,xo518602432770,UPDATE,2014-05-15 09:46:50,2016-02-14 01:02:06
qeply8617,fg522988789527,CREATE,2010-03-14 12:51:43,2014-01-09 04:41:44
ipclq9113,io200985587736,CREATE,2014-11-17 01:38:11,2016-03-13 10:18:06
aeywp7914,vp008908340901,UPDATE,2013-06-13 01:45:00,2016-05-29 12:34:35
yfico0326,eg859166067177,CREATE,2013-02-13 08:47:08,2013-08-03 04:33:07
iohth5939,hz093422919818,UPDATE,2012-11-16 01:06:06,2014-05-31 02:28:44
sbpkq7178,ny642636829674,UPDATE,2010-11-29 10:42:33,2013-11-01 07:34:03
ermdd8249,eb832895069385,UPDATE,2014-06-13 02:06:26,2014-06-01 10:38:46
wbgrv0199,sr774685385385,CREATE,2011-01-13 08:11:52,2017-01-05 08:37:45
vskua1345,nq321545096742,CREATE,2013-09-19 04:52:57,2014-05-15 12:07:37
sjrkz7451,km572363525012,CREATE,2010-08-18 05:52:34,2012-02-05 01:49:18
pyawu8773,ca092604244638,UPDATE,2014-05-02 12:15:47,2014-04-26 09:57:14
hkevw3070,ch784889478158,CREATE,2012-09-09 06:59:17,2013-10-02 08:52:08
nbeie5219,bx942760484082,CREATE,2013-01-24 05:00:17,2015-11-02 05:54:15
eqmxa2095,bw903800273193,CREATE,2013-07-15 02:53:40,2015-05-29 06:09:40
zfgej4678,bg777830314364,UPDATE,2010-07-13 07:28:52,2012-09-02 11:54:46
gzaru1193,xl468188333197,UPDATE,2012-07-22 05:27:57,2017-01-27 06:07:53
dqwlx9637,py077917789707,CREATE,2014-11-07 11:51:49,2012-03-28 09:47:21
guqas6057,ea674429161197,CREATE,2011-01-02 03:46:04,2013-11-27 11:32:56
jhjcs0107,ub911198276315,CREATE,2010-12-27 02:33:56,2012-05-09 06:23:17
kalbi1683,an940033320631,CREATE,2013-08-04 01:49:59,2015-03-17 05:08:49
jxbnz7360,uc171585628284,UPDATE,2013-03-04 11:59:55,2013-04-14 12:03:44
uellf4059,tx407833461384,CREATE,2011-10-30 12:47:28,2014-01-22 12:10:05
vxkox1812,zz863440408846,UPDATE,2011-08-17 07:00:06,2015-04-25 07:51:25
zkasd6592,sy259883526131,CREATE,2012-08-31 09:41:49,2015-08-27 04:31:13
gaxvt6983,dh868177212042,CREATE,2011-10-19 03:49:47,2017-02-15 06:41:19
uezeu8430,hb844558694819,UPDATE,2015-02-12 03:51:46,2013-08-27 05:52:18
xbzvh3955,oa589277328698,UPDATE,2014-12-04 08:49:57,2012-04-27 03:28:57
hobkx6994,fm774049859945,CREATE,2014-03-21 10:28:37,2017-04-26 12:37:15
kwvqy1428,zu681618113815,UPDATE,2012-12-30 05:07:17,2015-06-05 12:46:28
mpmvr1166,lb066642619477,UPDATE,2013-11-12 11:10:41,2013-05-23 06:26:23
jjmdk4369,se473859365722,UPDATE,2015-04-21 02:59:35,2013-07-15 11:19:37
rthzc9895,os519428694882,CREATE,2013-02-03 04:39:39,2015-05-21 07:05:42
kdqua0224,mv284863596919,UPDATE,2015-03-28 07:11:01,2015-09-22 01:52:15
wimsz5585,pc288866976224,CREATE,2012-12-25 08:33:38,2012-08-24 02:06:09
njscn8581,bu503505091936,CREATE,2011-07-12 09:32:56,2016-07-18 02:59:31
ssirt8968,qc629447997288,UPDATE,2010-02-07 09:01:08,2014-12-17 08:01:44
vmdwn0065,ez236242405395,CREATE,2010-12-14 02:47:58,2013-10-04 09:16:16
oczep2669,iz380003663297,CREATE,2013-01-02 08:09:09,2013-06-01 08:49:05
lejku5104,qa230319466784,CREATE,2014-01-20 07:46:10,2015-05-12 09:04:31
avknl1757,mq420387331791,UPDATE,2010-04-24 05:58:56,2017-03-31 06:50:09
xgwkk2524,rf770092686731,CREATE,2010-03-09 04:46:06,2013-04-10 06:47:12
kmpxq2521,zg261940578639,CREATE,2013-03-16 07:42:10,2014-07-24 09:46:55
kxvjx1152,tg238193819422,UPDATE,2010-06-19 11:16:59,2013-02-06 01:00:42
wopev6643,no572210266690,CREATE,2015-04-01 06:32:36,2013-05-30 12:02:46
tyrhk6617,ff250971368522,CREATE,2014-10-08 10:03:50,2014-07-09 03:34:05
fqzrq4649,bg475052504779,CREATE,2014-08-03 06:40:14,2016-01-27 04:49:08
ghwfr4175,ap382951589085,UPDATE,2010-12-28 01:35:44,2012-11-08 09:01:48
ggmbr0713,zh048748140128,CREATE,2010-10-05 11:28:58,2016-05-16 11:30:35
nmklr8335,zc619978453084,UPDATE,2011-07-27 04:36:59,2015-07-07 11:19:50
dzfgz4891,au236999354587,UPDATE,2012-02-09 01:03:23,2015-08-30 12:33:31
ikrbr5279,br065277653485,CREATE,2015-01-13 02:13:59,2015-07-02 01:35:42
zcrox4116,oe619519769935,UPDATE,2011-01-26 04:17:25,2016-05-01 06:39:25
oeesd2187,er276905194862,CREATE,2013-09-29 01:01:13,2016-01-03 01:49:26
nqdqr1806,ve586045266828,UPDATE,2010-03-25 01:48:38,2013-11-03 02:25:42
orrxu3837,uk445559980723,UPDATE,2010-04-10 11:10:29,2012-11-22 10:20:47
lfntm8226,rg746667482172,UPDATE,2014-02-15 11:24:05,2013-09-06 11:49:22
iyild6835,ud347318919402,CREATE,2013-04-29 09:51:20,2017-04-12 08:05:46
dfbax8301,gs687154363878,CREATE,2012-06-21 07:37:23,2016-08-28 02:28:51
sllgh4367,fm322562581132,UPDATE,2011-06-09 08:48:12,2017-04-15 03:22:43
wvvfe9754,bz248710176830,UPDATE,2012-02-20 04:37:05,2015-03-03 03:23:21
kftmm0712,qt901013348194,UPDATE,2013-08-17 12:12:50,2016-02-04 04:18:00
vxlnf3908,bf094697791197,CREATE,2010-07-06 11:30:18,2013-07-24 03:55:49
nuqyj6764,av123665174879,UPDATE,2011-06-25 08:00:58,2015-09-01 03:42:48
dggzq0405,zf927636589871,CREATE,2012-12-09 02:55:25,2015-12-03 12:30:06
qbjwn3410,eq076172853069,UPDATE,2013-10-18 05:37:22,2014-03-02 03:02:21
endvy4920,lt118100206050,CREATE,2011-03-20 05:34:38,2014-01-26 10:14:31
toueb9474,ss044834158675,UPDATE,2013-12-14 11:20:31,2016-01-12 04:20:34
rrumv9933,pi366343307052,UPDATE,2015-03-31 12:51:12,2017-04-30 01:13:47
dvkoj6130,uu848292912429,UPDATE,2013-05-23 04:32:40,2014-06-06 07:03:46
yptqo3089,ig427603028530,UPDATE,2010-11-04 10:52:21,2014-05-06 05:31:51
htkxp4722,vc821337646585,CREATE,2012-10-02 10:30:57,2012-02-19 05:47:03
lyssm6842,vk900730469087,CREATE,2010-05-02 06:48:11,2013-10-03 11:02:18
fzljb4612,ua157826318520,UPDATE,2014-08-02 09:40:02,2015-07-12 07:48:35
gfpsd5804,ab356709362377,CREATE,2012-09-19 10:32:17,2016-08-30 05:23:52
bjejr8488,yv872739916614,UPDATE,2010-05-11 11:41:09,2014-03-12 10:12:22
fijtb7691,kt616849886481,UPDATE,2010-03-28 06:45:33,2013-01-08 08:00:38
zpbhe2340,bs690478813841,UPDATE,2013-03-12 04:27:54,2015-04-04 08:56:19
igssq2212,cj634264029986,UPDATE,2010-12-19 05:18:06,2013-12-12 01:18:21
plezz5971,st495349217022,UPDATE,2012-08-11 12:47:32,2014-07-26 09:16:44
hyebt4420,nd013331787968,CREATE,2013-07-15 02:35:02,2013-09-30 08:18:07
bdrza1029,eu143507758708,UPDATE,2012-05-08 07:38:45,2013-12-13 09:03:35
hjeba9467,rm182530285172,CREATE,2011-02-15 05:46:20,2013-05-02 11:51:24
dyrjc6879,hp761664749845,CREATE,2010-03-02 11:05:01,2017-04-27 07:06:21
raflt0375,vk319883227392,CREATE,2012-02-05 04:31:53,2013-08-27 01:42:23
tzglt0557,za872960344144,UPDATE,2011-02-18 07:48:58,2013-02-01 07:10:16
vlcia2865,vw543316672896,UPDATE,2014-07-26 10:53:54,2015-01-13 07:08:22
jzkld8206,zo902918904057,UPDATE,2010-12-29 11:17:06,2012-06-15 06:52:41
ermel4335,nd302192892769,CREATE,2015-05-13 07:55:18,2013-10-30 12:00:20
rhgxg2885,dn312082632420,CREATE,2010-11-16 06:17:42,2013-04-19 12:20:58
qwjds1913,xy503460574284,CREATE,2012-05-05 04:04:43,2013-03-31 05:13:20
ncnoa3056,nu479188373262,CREATE,2014-12-03 08:37:54,2016-11-04 06:10:59
rkqqe3042,zp747162058659,CREATE,2010-12-12 02:22:37,2016-05-03 01:15:49
wgkgc9949,yy466005302101,CREATE,2010-11-18 07:34:55,2013-01-15 02:44:20
ulphb7908,wo725759535170,CREATE,2014-01-25 11:46:53,2016-09-29 01:22:14
ofyxt2736,dq088038177629,CREATE,2010-03-16 01:45:22,2014-02-10 02:10:35
qvsxq3670,kt279682115428,CREATE,2014-03-16 07:19:32,2017-02-07 10:21:19
hnrhk5270,uf434564799822,UPDATE,2012-05-29 09:44:20,2014-03-31 12:10:44
jrolp0440,zl323516706365,CREATE,2015-04-22 02:47:33,2015-04-24 12:58:13
dqdrf2831,tm442246198138,UPDATE,2012-08-04 03:42:57,2015-07-07 10:59:23
exwdf4497,nq063392318860,UPDATE,2015-03-22 03:08:28,2016-11-03 09:13:07
blfgl4272,vl124583581272,CREATE,2014-03-28 05:05:32,2012-08-16 04:06:11
baytk8764,eu062981557206,UPDATE,2014-12-30 07:04:38,2014-11-27 05:40:08
nvnhh8090,om054312992733,CREATE,2014-12-31 03:44:21,2012-07-26 02:48:46
guatm7273,hi157943742200,CREATE,2010-06-30 10:11:49,2014-06-01 07:51:52
wrstu9910,jt441498746215,CREATE,2015-01-01 11:39:03,2016-06-17 04:57:59
vjqic2091,vx370051082025,CREATE,2013-01-13 07:57:21,2016-09-19 01:58:45
sksrz1953,tw418238959446,UPDATE,2015-02-01 06:00:40,2013-02-22 04:55:11
uqrft1506,jt335447425623,CREATE,2011-11-28 02:26:14,2014-07-01 12:22:26
ltidr9415,dn278752776820,UPDATE,2013-02-24 11:42:04,2013-01-29 02:51:05
