CollateralID,ChargeHolderID,ChargeOrderID,ChargeTypeID,ChargeTypeValue
97796116,3,2,1,05625.92
56845049,10,3,1,08719.92
60392499,6,3,2,02854.85
70348756,8,1,2,14112.72
05174737,8,3,2,08718.97
90324645,3,1,2,11203.38
32556393,9,2,1,09095.35
19228173,10,3,1,01939.96
90564773,10,1,1,01754.47
75763354,10,1,1,12191.62
14699912,10,3,1,00017.24
73300990,5,1,1,17809.35
44590238,8,2,2,04488.08
16446473,3,3,2,18948.42
02128676,8,3,2,17161.77
61960307,6,2,2,16534.55
16935838,1,1,1,16057.13
23393697,3,2,2,03317.26
75143091,1,3,2,18162.97
72593225,10,1,2,11017.15
44032610,1,1,2,04700.91
83966009,8,3,2,03510.88
57769775,7,3,2,01804.08
95413529,9,2,1,11494.28
88031390,1,3,2,19927.98
83740627,7,2,2,10442.95
31777460,7,3,2,10086.13
66048834,1,1,1,13496.46
11568515,10,2,2,14872.97
76719602,8,1,1,02671.91
01627302,2,3,1,06655.97
74301687,4,2,2,01509.12
99297687,4,2,2,01024.00
15807311,8,1,1,15685.43
49137258,5,1,1,13884.85
70433028,5,3,1,19282.35
98376445,3,2,2,04429.63
10385346,4,2,1,02484.71
96638025,1,3,2,15945.60
88789755,6,2,2,03927.76
10815001,5,1,1,15141.18
26697620,3,2,1,16137.84
85738395,4,2,2,10779.42
35410447,4,1,2,08759.86
33775917,2,1,1,04231.81
70151038,7,3,1,04009.46
35253183,4,1,1,11186.77
57034524,2,1,2,13493.59
56408711,5,2,1,10214.46
36729947,1,1,2,00284.61
13884612,2,3,1,06041.57
90888379,9,1,1,13419.62
39652790,10,3,1,02675.74
67437642,7,1,1,09140.50
27813607,8,1,1,03901.73
66099784,7,2,1,19031.80
39706029,6,3,1,03323.21
64870399,2,1,2,02577.70
26650086,4,2,2,19574.47
27178709,2,2,1,00660.99
68968505,4,2,2,00895.55
80428387,9,1,1,00780.54
69595650,2,1,1,19291.15
23258269,8,1,1,02105.32
57105627,7,2,2,06733.38
08491503,2,2,1,09191.76
39416854,8,3,1,12726.72
54063943,8,1,1,10366.05
62737647,3,1,1,04959.37
90498361,9,3,2,18790.66
09089979,5,3,2,17293.67
54306854,1,2,1,12152.55
01340804,4,2,2,14848.61
92495650,2,2,1,05805.52
83555600,3,1,1,15005.27
76680063,3,1,2,07837.36
44133727,7,1,1,09030.58
22054179,6,1,2,15386.76
70673611,8,1,2,16040.29
24851514,4,1,2,10368.04
14591908,2,1,1,02618.41
33465259,5,1,2,09473.76
49661651,5,2,1,02739.04
15366900,5,3,2,17095.51
62477580,10,3,2,01568.97
55934040,3,2,1,00406.40
06650195,4,3,2,18192.46
52458060,5,2,2,12273.50
91410440,9,3,1,13329.37
95250235,6,3,1,10571.84
42151733,4,2,2,02977.98
43271215,2,3,1,12002.81
72420425,8,3,2,13357.57
23317567,3,3,1,07213.05
86909364,7,2,2,02017.50
71278551,1,1,2,00607.60
75876172,5,1,1,15527.55
66975006,6,1,1,13350.39
78466859,9,3,2,16657.33
57354273,10,2,1,18032.99
55963337,8,3,1,15852.61
44373722,3,1,2,07668.51
83999268,1,3,1,18001.54
21764040,1,1,1,09156.16
27629375,3,2,2,16330.93
71043762,6,2,1,07162.60
73059622,4,1,2,07688.19
50313332,10,3,1,09163.91
53677049,3,1,1,12184.88
43161558,2,3,1,07748.07
04485507,1,2,2,06946.26
17297851,10,3,2,00876.92
70032263,6,1,2,04254.56
26801106,7,3,1,15761.17
70354699,2,2,1,06519.71
17579091,8,1,2,05399.49
63067406,7,3,2,04176.79
31365883,4,2,1,10441.47
21126080,4,1,2,10208.34
69336218,1,3,2,17126.88
99725933,1,2,2,02867.86
80046985,1,3,1,02149.48
33500514,3,3,2,09046.04
45641656,8,3,2,04724.54
53062853,10,3,1,02528.50
27858938,9,1,2,12337.02
31227079,1,2,1,09036.38
02857312,9,2,2,14669.72
39001913,4,3,1,10776.79
33585374,7,2,1,13936.77
68303896,1,3,2,15893.57
11648468,7,3,2,01673.13
26321987,5,1,1,10961.69
60820165,4,3,2,19663.13
76719772,2,2,1,18031.01
23801201,7,1,2,12097.84
23491392,3,3,2,19396.86
82081630,2,3,1,02914.16
30424683,9,3,2,03433.71
14261048,3,3,1,05003.72
66065017,6,2,1,11608.23
41502529,3,2,1,07879.43
85737270,6,1,2,01217.13
91594877,4,3,2,19526.51
78548647,9,3,2,01980.04
43631378,10,2,1,09556.30
12157012,3,2,1,09353.51
77067331,10,3,2,10326.30
58667496,3,3,1,12564.61
54886244,5,2,1,04440.84
39390576,9,3,2,07675.76
92531053,1,3,1,19563.00
35418795,2,2,2,17890.06
23282913,1,1,1,05404.15
65844330,3,2,1,09942.10
42134965,1,3,1,13278.57
44691597,9,1,1,04289.50
13147731,1,3,1,00583.93
79497105,4,1,1,04180.27
75911770,10,3,1,04187.55
57748004,4,3,2,03726.57
86121688,6,3,2,17654.68
16268038,3,2,1,10061.53
17237993,10,1,1,08832.36
55341203,3,1,1,05555.21
49165436,10,1,1,12262.50
35107246,6,1,1,16061.25
70007061,1,2,1,05123.16
47322729,2,3,1,12684.13
53693992,7,2,2,19993.77
42125482,1,2,2,04674.63
13692177,6,1,2,16230.88
15466513,5,3,1,19102.04
79819728,10,3,2,04237.97
27994326,6,2,2,07891.96
08174679,9,3,2,02448.88
56457918,8,2,2,13830.08
32891856,4,2,2,01743.17
49297075,8,2,2,01208.90
10196584,3,1,1,08943.98
27802351,1,3,1,01348.46
44539313,7,3,2,13215.73
34456046,4,1,1,17813.93
82993193,9,1,2,01731.04
79157066,8,1,1,06001.05
77816282,1,2,2,10593.23
29827151,3,1,1,11912.73
56420237,7,2,1,06948.24
93033509,9,2,2,02236.46
77822592,10,1,1,06841.87
00686641,5,3,1,12847.45
09392109,6,3,2,03748.53
39074021,8,3,2,02852.90
29595112,3,1,1,14778.85
79435013,10,3,1,19242.22
94103895,4,3,2,08326.65
48904418,10,2,1,08589.01
75230815,6,3,1,13155.90
57292557,6,3,2,16064.98
85044582,10,2,1,14255.44
01073642,3,3,2,03794.78
98875221,10,2,1,02228.28
13042466,8,1,1,14343.81
25966198,7,3,1,05754.79
42446605,1,1,1,05618.16
33156029,10,1,1,05952.94
58206618,10,2,1,09273.54
19515626,1,1,1,14599.99
14544711,7,2,2,14222.95
08281586,9,3,2,10822.89
39264053,3,1,2,09586.94
98964276,1,1,2,01272.47
70642325,4,2,2,16206.63
62812914,8,1,2,05928.26
08069501,5,1,2,07598.35
77670360,6,3,1,18087.35
57243221,1,3,1,02439.26
28934796,1,1,2,17257.20
54702192,10,1,1,12616.99
74035964,6,3,1,13880.60
20091488,2,2,2,09238.46
77415255,7,2,2,17002.42
68376998,6,3,2,00864.19
14970403,5,1,2,06228.08
99949512,8,1,1,15801.66
76791768,8,3,2,17420.67
23959490,1,1,2,03782.65
94098780,4,3,1,15713.24
39168176,7,1,1,16803.80
35061270,3,1,1,05963.04
66274241,2,3,1,03129.13
33140378,7,2,1,03273.10
65106468,3,3,1,02465.09
49755073,9,1,1,14504.45
19836427,7,2,1,17719.87
87035006,1,3,2,00155.17
56260650,4,1,2,01172.01
89281260,1,3,1,16381.65
37650501,2,2,2,17991.79
47455766,5,2,2,10246.48
30469404,8,2,1,05001.88
87443494,8,3,2,16360.97
79907856,6,3,1,02669.56
84451153,5,3,2,01823.53
24046807,5,3,2,08982.77
44769511,5,2,1,10100.12
45875471,1,3,2,00698.47
74856528,8,1,2,06911.02
93792190,10,2,1,11295.90
41520632,9,3,1,11369.97
82939330,8,2,2,16663.27
11949582,9,2,2,07537.04
13891454,5,1,2,19186.67
83150414,5,2,2,16956.88
03576822,5,2,1,19410.06
59071845,4,3,2,11097.16
01210772,2,3,2,07204.62
09349820,1,1,2,07002.22
26318634,5,3,1,04066.71
42820556,9,3,1,19040.37
16970126,6,3,1,00585.98
05784672,10,3,1,02266.77
08144993,1,2,1,03399.02
48181578,2,1,2,04108.78
85460937,1,1,2,07373.48
92145723,2,3,1,05510.46
21953080,10,1,2,00205.72
08243793,3,2,2,14602.86
13628998,6,1,2,02581.69
47184808,4,1,1,03657.65
73588073,9,2,1,03136.37
18898707,9,3,1,06529.26
60999407,1,1,2,09902.02
12597264,7,3,1,16363.33
46686653,1,2,1,18404.53
25529844,8,1,2,07607.49
35894875,1,1,2,15072.85
10240114,3,2,1,09691.72
84763121,1,2,1,13235.24
06433105,4,3,2,02737.60
37225579,3,2,2,09070.68
90908468,4,2,1,08270.72
23658937,8,3,1,13586.79
75652815,3,2,1,03392.12
62074756,8,2,1,10702.74
09423423,9,2,1,03136.77
52888594,8,1,1,01335.65
27275890,8,2,2,09135.98
88121677,1,2,2,04199.58
08429956,10,3,2,16784.04
36633477,7,1,2,19809.82
67779459,7,1,2,10737.62
23990028,10,3,2,19893.97
01297693,8,1,1,15159.23
37592848,7,3,2,00224.18
55501333,8,2,1,10527.35
49597978,1,3,1,06445.92
30585413,2,3,2,16816.27
86714466,1,2,1,19888.80
46770937,1,1,2,05691.52
06637320,9,3,1,00001.91
29957095,5,3,1,17556.34
62143743,1,1,2,13460.09
23494799,1,3,1,14553.68
27664118,3,3,1,10302.82
29135936,10,1,2,14260.94
48854293,4,2,2,13708.48
01358894,3,1,1,06983.23
64075505,3,1,1,08839.88
16293079,7,1,1,09970.08
70389278,10,2,2,11805.89
91513221,10,3,2,01404.94
99373484,1,1,1,12583.30
45772914,10,1,1,16475.43
59932356,10,2,1,16561.43
93828500,10,3,1,05140.75
17824124,6,2,2,03346.93
20902026,10,2,1,06215.23
78053641,5,2,2,04010.56
16810650,10,3,2,02069.12
66807644,5,3,1,05481.01
34223280,4,2,2,04546.59
00280694,6,2,2,01175.97
05645761,8,1,1,00187.47
36571256,2,2,2,01816.20
61154766,10,1,2,15176.96
30448592,3,3,1,13677.57
89060687,1,1,2,06889.27
15046845,1,3,2,02327.43
81517919,6,2,1,01781.69
10445081,2,3,2,15102.75
09862248,3,3,2,19818.16
55097008,5,2,1,19787.74
52288512,8,1,2,02205.98
48955416,1,3,2,12391.87
59113414,9,1,2,03029.53
21237712,9,3,1,09550.57
86145432,3,1,2,16785.24
18573232,7,2,1,08037.46
01602577,7,3,1,10883.28
51695761,10,3,1,09889.58
94194244,9,2,2,06766.65
15496546,1,3,2,14131.90
08350611,10,1,1,14156.69
85716222,9,2,2,07777.24
22512260,6,3,2,09360.59
33305554,4,3,2,17454.63
74375464,6,2,1,08567.45
66224812,4,2,1,19819.20
54099941,6,2,2,05100.06
57779139,6,3,2,09466.27
81950517,3,1,2,05239.74
24796829,10,1,1,13787.50
87459632,9,1,1,03188.13
89124030,2,3,1,04397.99
48456932,6,2,1,02739.82
45531138,6,2,1,09993.63
13421727,7,1,2,17607.95
94421882,3,2,1,10484.80
98808248,8,1,1,02775.91
94935046,7,2,1,07932.33
46915109,3,1,2,00323.74
29205084,8,2,2,17464.76
03657190,2,1,1,14877.53
86039814,1,1,1,04424.90
36563311,8,2,1,08248.74
19843140,6,3,2,10093.74
32930034,6,3,2,14091.48
81588401,3,2,1,09806.60
37507146,6,3,1,09369.72
41396473,7,2,1,01153.44
88515685,2,1,2,03367.14
06673274,5,1,2,08882.93
41667003,1,2,2,15450.01
02844636,2,1,2,00496.90
34352038,5,2,2,04190.75
62485743,10,3,2,06519.28
57314990,6,1,1,16730.39
88088133,10,1,1,10945.28
16829659,4,1,2,08931.79
42004252,8,1,1,11552.47
10372908,8,1,1,01725.06
65963327,8,1,2,18736.39
91311519,1,2,1,13984.26
62649352,9,3,1,19472.21
80215742,8,3,2,08621.52
93023079,8,1,1,00544.20
04964077,4,2,2,18206.61
77777143,10,3,2,10218.84
54084704,6,1,2,04154.22
65475199,3,1,2,09711.04
57201860,2,2,2,09844.60
74833153,9,1,1,02804.26
13163859,6,3,1,11187.73
45540260,8,3,1,14187.13
63507639,2,1,2,10683.43
55416392,6,3,2,18884.41
52452778,9,2,1,05593.07
32449834,3,2,1,01067.82
27516446,8,2,1,03671.14
21408820,2,1,1,17817.24
81137616,8,2,2,08149.96
07257477,5,2,1,06418.53
82967190,6,2,1,05474.11
09067952,5,3,1,10718.00
07154866,2,3,1,01346.32
04300425,8,3,1,07814.46
05799656,5,2,1,02836.87
08972196,2,2,1,00678.30
59286074,3,1,2,04754.46
36461712,8,2,2,02165.60
26018365,8,3,2,15736.77
39481521,10,3,1,14047.44
40383967,5,2,2,03907.70
86339858,1,1,1,06908.34
04991504,8,1,2,18093.01
20330733,9,2,2,14065.75
37241800,2,1,2,13695.48
81258250,3,2,1,08882.06
64896103,7,2,2,19664.08
68401255,10,1,1,16879.29
94193301,9,2,2,02677.15
25349289,7,3,2,00968.32
83343594,5,1,2,08972.17
56308395,5,3,2,10717.40
62865707,7,1,2,10198.35
93463069,3,2,1,01313.20
58832044,4,2,1,12390.88
68270381,8,2,1,15590.88
04171517,7,3,2,17167.80
38114549,9,2,1,05394.75
99977821,1,2,1,13679.13
83395147,9,3,2,11398.88
06913028,2,1,2,14565.24
12807498,1,1,2,12944.98
28058188,10,1,2,14916.25
90700380,1,2,2,15854.73
17455587,6,3,2,02454.99
61992717,7,3,2,04922.43
78695565,2,3,2,06591.46
26000075,4,2,1,13507.80
40240860,10,1,1,01485.79
35559370,9,3,2,13641.41
87100286,2,1,2,02330.33
66211925,5,3,2,05311.46
48444756,6,1,2,04779.29
35290908,3,1,2,03060.81
74434144,4,2,1,18305.55
06844225,10,1,2,04652.14
38541312,2,1,1,14172.15
44757092,8,1,1,17864.73
65239254,2,2,1,11876.45
93444473,10,3,1,03226.31
22872480,8,2,2,15597.30
08743937,5,1,1,12897.50
34106573,10,2,1,09753.72
92495206,5,1,1,05542.19
07899277,4,3,2,03490.02
24832806,7,1,2,01739.08
16692176,4,3,2,19576.52
55802267,8,1,1,09475.99
88844926,8,2,1,11547.46
69904217,9,3,2,09195.78
48015741,4,1,1,05391.18
05284978,5,3,1,04116.30
79697992,3,3,1,14080.41
90182019,1,1,1,11828.00
95766043,2,2,2,19369.64
21748860,7,2,1,12835.25
97324721,5,1,2,11658.98
55183229,1,2,1,07244.15
04496583,3,2,1,13550.02
60541620,5,3,1,09966.35
13858914,6,3,2,16663.74
03376717,1,2,2,11965.35
67437212,7,1,1,07984.07
75631055,6,1,1,04741.22
04339034,4,1,1,11713.81
37620014,3,3,1,19950.74
09498686,3,1,2,02434.77
68501228,5,2,1,10880.97
69751363,5,1,1,08500.56
36112497,2,3,2,11000.41
15141242,6,1,1,03932.66
64066741,9,3,2,12806.54
66145211,10,3,2,13055.41
73618208,10,1,2,07990.64
49928355,2,1,2,01434.24
72922449,1,3,1,12094.52
16613079,4,3,1,07893.19
68372428,9,3,1,06617.26
16323285,4,2,1,10162.61
22884497,1,2,2,17757.63
48461285,5,1,2,14253.78
02498141,6,3,2,18772.31
30898102,4,1,1,02551.28
89976233,10,1,1,00006.74
38486295,9,2,2,07910.42
84869037,8,1,1,01826.89
39993376,5,3,1,05971.79
92366054,3,3,1,05953.59
11965134,8,3,1,09558.38
30223712,5,2,1,14195.82
85058525,9,2,1,17256.68
62432725,8,3,2,01376.44
92876844,1,2,2,18011.41
49471772,3,2,1,12494.78
06885125,10,2,1,07371.92
66617037,3,1,1,08318.05
72480019,2,3,1,00274.83
70370147,9,2,2,09311.91
80015297,2,2,2,16885.76
22470793,6,3,2,11573.15
35170013,9,3,2,15554.74
17670052,7,1,2,06649.33
59052727,5,2,2,01219.68
79006385,4,1,2,00691.89
62422898,1,2,1,19087.40
55808500,9,3,2,08628.87
97029178,4,1,2,05822.37
96412968,7,2,1,00611.02
62049349,6,1,2,16528.32
99135861,3,2,1,02273.75
19475361,5,2,1,12452.75
86301505,8,3,2,12584.61
95712060,7,1,2,04970.61
34876606,8,1,2,13256.34
83212956,3,1,2,07506.73
49263001,10,3,1,00411.62
27082101,1,2,2,07469.70
13232850,4,3,1,05396.65
18283182,6,2,2,13782.06
24580978,4,3,2,06617.48
85416173,8,3,2,08631.13
17831806,1,1,2,17135.22
57193550,2,1,1,15442.35
24129759,6,3,2,18627.32
41862538,4,2,2,10941.67
74996714,6,1,1,18794.92
80350016,9,3,1,01644.36
35152343,5,3,2,01711.11
97507078,1,1,1,00724.60
80304495,7,1,2,13638.08
12791419,7,1,2,04866.37
90329752,5,3,1,15028.81
98524583,9,1,2,05949.72
49845448,10,3,1,09648.41
56048298,3,2,1,16408.16
32443271,4,2,2,03450.17
16953811,7,3,2,16241.12
66594454,8,1,2,09172.14
28443666,5,3,2,14714.68
50839571,3,1,2,06019.34
69845217,9,2,1,01518.74
99880024,4,1,2,00809.69
93844158,1,1,2,18530.68
91709101,5,1,1,01899.19
71233807,6,3,1,10270.93
11668318,10,1,1,01871.80
98977332,7,1,2,06112.36
75960166,4,2,1,06791.37
54610591,2,3,1,05205.37
33552485,10,3,1,12290.36
36374483,5,3,1,07685.36
53377981,2,2,2,17473.66
87359718,5,2,2,16556.07
63765198,3,1,1,12769.26
60335256,10,2,2,08733.21
66837398,6,1,2,07556.43
54880516,2,1,2,14515.49
06528179,2,3,2,04766.05
26864776,9,3,1,10861.01
40530227,1,3,1,09326.58
71130811,2,3,2,18780.99
61207983,4,2,1,07070.90
25398754,6,2,2,10337.07
50971855,8,3,2,09377.33
07962421,5,3,2,10296.09
77948841,10,2,2,05631.01
52337386,1,1,2,15040.22
69675634,9,2,1,11333.58
31382938,10,1,1,17792.49
04112187,10,2,1,14656.82
50620425,1,2,2,11169.79
14162296,9,3,1,14867.40
58745906,5,1,1,12180.12
49447868,8,1,1,16131.18
79398420,7,2,2,13884.05
04961039,5,2,2,02013.85
65908006,3,2,2,08614.93
71377444,9,2,2,09514.09
62517277,10,3,1,13655.64
72897539,5,1,2,14134.06
35070489,9,2,2,03071.38
80359685,7,1,1,06970.83
10342171,8,3,1,00097.15
42797011,4,3,1,02470.51
04846271,10,1,1,17666.33
20158609,3,1,1,13447.75
91302055,8,2,2,12225.22
08166401,2,2,1,01247.49
97150665,8,2,1,01304.11
04201558,8,1,1,03599.75
67897903,7,2,2,07651.11
37766232,9,1,2,05029.61
07631424,2,2,1,14142.40
78211212,10,1,1,12625.83
10932326,10,2,1,01892.16
51206406,6,1,1,10803.66
74354957,7,3,2,08853.07
92423082,1,1,1,01652.60
16461763,1,2,2,03136.15
18699720,2,1,2,05558.43
01625353,5,3,1,06920.87
07721435,8,1,1,07728.01
57552641,10,2,2,06856.58
84090800,3,1,2,15481.51
21199658,2,1,2,04460.85
16724201,6,3,1,09508.22
58241589,1,2,1,08153.91
53997432,2,2,1,01308.05
47807191,8,2,2,07685.11
00335597,8,2,1,12544.21
45338009,7,2,1,18768.37
34983818,8,3,2,12563.53
61348311,5,2,1,00173.26
70876080,2,3,1,13504.06
99695060,2,1,1,04654.72
93937817,9,1,1,06600.46
78541074,6,2,1,16767.52
72892995,10,2,2,10389.62
67040407,8,3,2,09353.58
36085668,7,3,2,04738.55
83992991,4,1,2,19441.29
91086976,5,3,2,03455.33
61729899,8,3,1,03725.27
80987912,7,1,2,18047.76
43986527,9,1,1,03656.22
34001308,2,1,1,03269.37
26031501,9,1,2,19201.20
55169582,4,3,1,06428.28
57898961,3,2,2,00434.82
20835408,1,2,2,11206.89
17490213,10,2,1,05521.35
87413144,4,3,1,18312.15
27390944,8,2,2,11101.98
98679109,5,1,1,16725.04
28597433,8,1,2,14307.05
26367789,5,3,2,03898.73
48395664,10,1,2,08730.79
14822628,7,2,2,16621.70
84691738,7,3,1,12761.41
28196946,3,1,1,09604.52
67334119,1,2,1,10668.42
81827421,4,1,1,14516.91
92818408,4,2,2,02031.26
36892847,3,2,1,10851.40
36568875,5,2,2,03968.04
52809665,7,1,1,18854.81
57183263,6,1,2,19399.17
24179963,2,1,1,10984.38
96936827,9,3,2,10185.83
95486029,4,2,2,05848.21
92061708,10,3,2,11336.29
39370349,1,1,2,01117.91
30504223,5,2,1,06680.91
27515535,8,2,2,02505.79
19074356,2,3,2,15202.09
45121566,9,1,1,08402.64
45643104,6,1,2,16444.88
17927694,1,1,2,09328.43
33699363,10,1,2,12340.33
37430119,1,1,2,16674.24
46058057,2,2,2,15861.09
09310007,4,3,1,05469.45
77766302,7,1,2,17343.10
53298010,10,3,1,17139.82
63876522,2,1,1,11914.66
36011472,8,2,2,07937.14
14171398,5,1,1,09820.82
09278590,1,3,1,14561.60
39743584,5,3,2,07038.86
68631086,5,1,2,15225.87
64186408,5,2,1,15699.46
19372742,3,3,2,13671.76
17302516,6,3,1,05651.30
91455593,10,3,1,09569.11
26897340,7,2,2,06629.25
58709724,4,1,1,19658.96
33530609,6,1,2,16860.47
07321623,7,3,2,14095.94
75936977,8,2,2,08752.14
05156147,10,1,2,10507.11
90851428,10,3,2,03255.05
38430172,3,1,1,19641.21
45201102,4,1,2,19655.41
33046338,7,3,2,04898.51
15146259,8,2,2,00036.57
66373370,7,1,2,10756.79
30626661,3,2,1,10727.70
11529010,1,3,1,19664.84
19334363,8,1,2,07633.97
43318705,8,2,2,09128.87
48816681,10,2,1,16982.72
11920238,10,3,2,10553.17
57648909,5,2,2,14373.22
19799248,7,2,1,07065.04
03675988,9,1,2,01083.84
84012450,10,1,1,07667.18
75585165,3,3,2,04838.93
81783346,7,1,1,18458.84
29074118,10,1,2,09159.43
41179899,9,1,2,00140.72
58185252,10,3,2,11366.08
83970415,7,1,1,04347.77
07230745,9,1,2,14806.79
66790854,3,1,2,15426.02
99889159,9,3,1,17942.07
56748444,4,3,1,19184.34
15671755,5,3,2,05999.33
74264196,2,2,1,02701.28
80594913,10,2,2,15976.41
29220608,8,1,1,07526.59
02224840,4,3,1,05846.64
52766877,9,2,1,00956.15
62328723,9,3,2,05064.99
26532848,7,3,2,17374.42
87366926,3,2,1,12974.53
33935830,9,1,1,07709.26
04156563,4,3,1,10543.20
18678366,5,2,1,07054.75
98714833,7,2,1,04707.24
84367036,3,2,1,18675.60
51833322,1,1,1,10644.97
84046031,8,3,1,15614.81
44190434,9,2,2,00895.96
39877685,4,3,1,15247.81
75066201,1,2,2,14337.82
29058226,7,3,1,05179.95
08609057,5,2,1,16536.22
31224580,6,2,1,03563.46
33846268,2,3,2,19383.27
01932676,1,2,2,13497.53
78230363,3,2,1,00440.49
63421622,6,1,1,02323.49
88539920,8,2,1,09158.89
95159474,8,1,1,17306.32
25247053,4,1,2,16184.61
37750654,6,1,2,10772.60
54574032,4,1,1,04240.04
76942390,10,3,2,06647.96
42914919,5,2,1,12121.03
12598219,5,2,1,14545.22
95504247,1,3,1,18205.00
72693061,4,1,2,11217.72
06531338,3,3,2,14790.79
27386258,5,1,1,03995.78
24435388,6,2,1,16519.61
85543172,9,1,2,08936.30
58363915,2,3,2,05968.56
71046001,8,1,1,05436.17
27798625,1,2,1,09376.75
38179383,3,3,1,09746.61
32081156,3,3,2,13306.26
51756982,9,1,1,08532.17
22624453,3,3,2,06015.49
05076729,10,2,1,09398.99
91375254,8,2,1,12749.72
75746342,9,2,2,03470.47
24094073,2,1,2,18253.20
66260689,9,1,2,03251.45
64770560,5,3,1,13983.63
04800677,8,3,2,07092.95
37613881,5,1,1,04382.83
60194167,5,3,2,15142.60
08877469,10,3,1,15096.33
45758383,5,2,2,05204.07
71659592,9,1,2,19346.74
62689274,4,3,2,12344.30
88573482,6,3,1,16492.88
80389526,9,3,1,09129.26
46251601,6,3,2,07243.39
43710644,3,2,1,18160.14
36948199,4,1,1,09383.93
72383298,8,3,2,14250.87
94528395,10,1,2,14680.27
24316049,8,2,1,14176.46
08529795,5,1,1,05481.00
92748786,2,1,2,04264.56
12754783,1,3,2,15593.65
57877863,3,3,1,01718.92
85909271,9,2,2,14298.20
11065126,8,1,2,04155.21
90654995,3,3,1,04827.14
21328988,5,2,1,16576.01
79497660,6,3,1,05152.90
26930141,2,2,1,07565.83
82587098,5,3,2,19123.33
51390076,10,1,1,06552.40
20147839,2,1,1,19462.79
97840313,2,3,2,16934.76
01832741,8,1,1,13806.44
16585268,9,2,1,17608.34
69480074,9,1,1,11128.49
81207897,2,1,1,06779.85
62536870,5,1,2,16191.13
59284495,10,1,2,16843.46
11999881,9,2,1,13887.47
45209959,4,2,1,05564.47
10265044,9,1,1,08994.38
80042293,1,3,1,05273.36
86880949,4,2,1,13504.49
43707977,10,1,1,06045.54
08166482,2,2,2,14773.57
22628319,9,1,2,17426.34
41981850,3,3,1,06946.93
94690281,9,3,1,11271.05
85816891,10,3,1,08269.83
86771622,9,3,1,18742.04
87012229,4,1,1,15894.28
85927368,2,1,1,12039.08
19689598,4,3,2,08074.34
54225303,3,2,1,05029.80
53844474,10,2,2,02944.01
95359397,2,1,1,07367.18
03666849,8,3,2,18675.07
37446742,7,2,1,18800.92
39394433,9,3,2,12714.65
71152059,1,2,1,14632.96
20296639,2,3,2,09354.95
56904170,3,3,1,10552.23
52602767,10,3,1,10328.42
41977871,1,1,2,12093.22
54368055,9,2,1,04890.99
07684284,10,3,1,00364.34
01693437,7,3,2,17317.93
36489521,7,3,1,11287.02
62681093,6,3,2,15685.23
97278361,4,1,2,10327.40
96190602,2,1,1,17862.58
25738494,6,3,2,17329.86
01221766,2,3,1,09560.18
98907852,8,3,2,10676.27
22290073,9,2,1,15881.76
57347079,2,1,1,00309.83
02943069,2,3,2,08743.34
88025469,4,1,1,07500.00
26661424,5,3,2,12819.31
22703960,2,3,1,12088.56
89418029,10,1,1,04708.94
73469821,7,1,1,19040.78
27794776,4,3,1,14231.94
13081818,8,1,1,05021.78
39882898,8,2,2,18524.01
57729255,9,3,1,17874.71
02222266,4,3,1,14012.61
71448210,5,1,2,14661.89
27480235,2,1,2,19815.95
96485349,6,3,1,19318.10
57286787,8,2,2,01358.75
48392439,6,1,1,16148.69
18521693,1,2,2,01891.80
88719882,5,1,2,16199.80
43022301,5,1,1,19269.90
49048660,9,3,1,05097.67
87960147,3,1,1,03946.98
49031627,4,2,2,12085.23
09127947,7,1,1,05354.08
07795749,10,2,2,14044.13
24124356,4,2,1,12608.33
50181854,6,2,2,02121.47
60534094,9,1,1,00019.09
89276695,7,1,1,04372.18
76639836,5,1,1,02084.65
25402634,3,3,2,11192.59
39721980,2,3,2,00486.28
42167643,1,1,1,10136.75
16216886,2,2,1,07165.50
97555935,8,3,2,14383.55
98620869,2,2,1,05909.30
43227393,9,3,1,11485.50
72478338,9,1,2,14914.69
33704661,10,3,2,13752.82
87165439,3,1,1,08419.63
28279814,6,2,2,10996.61
41797851,1,3,2,16573.14
21516900,5,3,1,08903.93
15885428,2,1,2,16068.58
93795829,10,3,1,05002.66
72272509,7,2,2,06869.15
88358928,4,3,1,19424.71
06457802,6,1,2,17765.48
79957709,8,3,1,07055.10
56062394,6,1,1,15650.04
69051171,4,3,2,05546.21
92649724,2,2,2,17520.78
04117369,6,1,2,17656.06
60538188,8,1,1,12736.32
79153242,6,2,1,07728.24
06452296,8,3,2,13870.52
18317851,7,3,2,02834.31
98875537,7,2,2,09794.22
80905784,7,3,2,16570.97
11837191,3,3,1,10537.36
17701544,4,1,1,10835.86
75297204,10,3,1,03647.27
27054831,7,3,2,16991.47
39477958,8,3,1,01771.78
55550347,4,3,1,19888.84
92779381,9,3,1,04319.65
99705620,2,3,2,16988.38
05624241,1,3,2,15695.99
45158293,10,1,1,02729.54
85886424,6,1,2,11673.13
08545646,1,2,1,19115.94
82499043,3,1,2,13669.50
35034528,1,2,1,12098.69
47652836,3,2,1,11069.27
00344470,9,2,1,17834.74
03323547,1,3,2,06072.45
05043585,2,1,2,11948.62
85614669,3,1,2,17824.66
42519928,5,2,2,10352.76
44729937,1,3,2,09168.87
44321765,1,1,2,01025.49
30799109,10,1,2,06164.86
82807649,2,2,2,09892.38
88981630,3,1,1,02337.08
80289984,4,1,1,17524.05
13536854,6,2,1,01989.74
56556644,2,3,2,01116.07
82348314,5,2,2,01884.04
63756232,5,3,1,03442.91
90820978,1,3,1,16691.34
07813814,5,2,2,01482.17
04257779,6,1,1,10919.87
79218307,3,1,1,10981.96
80619990,9,2,2,09495.04
38151670,6,2,2,07908.91
53840895,3,1,2,16142.82
44772311,7,2,2,05689.80
08404790,4,2,1,12209.92
04109138,3,1,2,14463.44
55141979,8,1,2,07200.45
05649206,8,1,2,15389.56
60002776,9,1,2,01600.32
34004889,3,3,1,00761.20
94184316,4,2,1,06034.20
36630517,3,1,2,17637.18
45303835,4,3,1,16524.66
26862306,9,2,1,13438.90
42946571,9,3,1,10492.72
25164534,4,2,2,08597.90
82948171,4,3,1,16872.58
97674163,3,2,1,18447.14
42494569,6,3,2,08521.66
43423499,3,3,2,10041.99
06332508,9,3,2,06507.28
90353971,2,3,1,17544.13
01944673,9,2,1,03505.62
46364897,1,2,1,16742.89
63742988,3,1,1,10730.17
62847821,9,1,2,02165.61
36733763,7,2,2,00658.13
14990146,4,2,1,03534.17
88369149,1,3,2,06366.35
14825381,1,3,2,10348.70
52278746,3,3,1,05922.45
34725978,6,3,1,19407.33
30343061,4,1,2,01180.74
36354230,8,2,2,07917.52
52714523,9,2,1,02085.25
95838013,10,1,1,09085.38
41763355,7,2,1,11928.15
27696262,1,1,2,18698.31
44109550,3,3,1,10221.83
83534527,4,2,2,09449.89
77256558,10,1,1,13096.46
54232421,8,3,2,02921.24
74270078,3,1,2,10973.68
41276893,4,3,2,14460.07
73084480,2,1,2,16986.98
33496497,7,3,1,19770.55
11546912,3,1,1,07546.04
00477691,4,1,2,06601.06
93540926,3,2,2,06898.15
27984142,1,3,2,13304.74
01228242,2,2,1,18492.76
51089068,2,2,2,13135.41
47487561,6,1,2,10403.83
11940842,9,1,1,13561.35
75144855,8,2,2,12851.88
22391457,2,1,1,17707.35
28822258,4,2,2,00391.17
19786866,7,3,2,15053.38
95465470,6,1,2,09992.98
42170920,2,2,1,03420.50
24016264,5,3,2,03843.85
98009439,2,1,1,18687.99
81292706,9,1,2,14834.15
94135670,9,1,2,15333.25
33725549,7,2,1,04211.55
28223657,9,3,2,01028.52
54625014,8,3,1,14476.57
60437706,1,2,1,09221.96
05276936,1,3,1,19523.82
65224957,9,2,1,18694.10
97742310,2,1,1,15733.47
45242918,10,3,1,12596.87
24336882,8,2,1,06782.13
01355028,4,2,1,16570.89
19807647,2,1,2,18856.88
50252807,8,3,1,01585.70
59779547,4,1,2,17862.14
38983765,6,2,2,13623.77
83601834,5,2,1,09770.77
26902654,8,2,1,19027.96
88758832,3,3,1,14719.44
60527342,8,1,1,16831.93
63573938,3,3,2,00993.73
68048708,6,1,1,05871.07
27920922,10,2,1,04125.87
88886538,4,3,2,17929.91
42309058,4,3,2,11063.73
84686346,4,2,1,16952.33
13288902,5,2,2,01698.15
93924484,6,3,1,14564.81
17372136,8,2,1,16871.14
59944412,4,3,2,08235.75
67377629,7,1,1,10749.20
37732703,2,2,1,19636.08
71599466,6,2,1,18489.28
50072825,1,3,2,02358.02
64137611,2,2,2,14369.54
55661470,10,3,1,07875.81
58011095,6,3,1,06802.18
57693902,8,1,2,17297.09
97847857,10,1,1,18773.82
92178083,9,2,1,04982.85
41222763,6,2,2,09784.12
23521615,3,1,2,08094.67
89788510,2,1,1,15387.84
81314061,6,2,1,05883.57
71915576,3,3,1,11673.81
45629523,10,3,2,14891.22
52976126,3,3,2,07221.92
68797059,1,2,1,18529.66
74829095,7,3,2,03469.03
04438709,7,1,2,13400.42
85316120,3,1,1,01987.10
94648943,8,1,2,03012.92
88287283,5,1,1,07500.39
17868570,3,3,1,18092.69
35053489,8,3,1,05383.11
06450260,8,3,2,12522.89
91020344,6,2,2,04154.31
64132389,1,3,1,02334.95
04058500,6,3,2,14685.95
49827643,1,2,2,01178.55
77900045,5,1,1,00196.93
42507068,9,1,1,04174.85
55088461,9,3,2,11543.24
00720474,2,2,2,09557.83
04997217,6,3,1,15604.98
12983560,5,2,1,06957.50
81117203,3,1,2,18098.79
39102872,9,1,2,08167.88
19506983,4,1,1,15283.61
66803296,9,1,1,06900.63
19140271,4,1,1,13119.48
34794595,6,2,1,14907.33
86863085,4,3,2,09392.05
67478838,1,3,1,16268.75
51542068,3,1,2,03634.74
78627623,4,3,1,03634.96
76467866,2,1,1,19214.95
18065733,5,1,2,09837.90
88063149,8,3,2,02279.51
43673980,5,1,2,05344.74
86808829,2,2,1,10477.49
80345966,5,1,1,18382.49
95504446,9,3,2,01366.79
20485320,3,2,1,01740.00
66454802,10,2,2,10007.37
64814470,9,2,1,10169.60
95190474,3,2,2,17873.44
83006393,3,1,2,06313.46
81204942,4,3,2,05024.83
86853872,4,2,2,16391.57
41816832,7,1,2,07842.92
62290866,3,2,1,03967.15
90633899,4,3,2,06718.83
29161180,4,3,2,17464.02
71503442,3,1,1,08005.40
88430780,3,3,2,07725.11
01758491,6,3,1,01042.91
92030175,2,2,1,00029.61
56187373,4,3,2,14948.93
08057015,9,2,1,08762.93
13890472,7,1,2,12360.29
09441834,9,3,1,19119.11
17279800,2,3,2,12364.14
87601888,2,3,2,18107.05
99029200,8,1,1,00475.47
57344326,7,3,1,17214.55
62154292,7,2,2,12926.14
00729042,5,2,1,05192.67
74636983,3,2,1,06433.90
49867077,2,2,2,12441.41
20562582,4,3,2,03646.06
61225216,3,2,2,17788.91
73326887,3,1,1,05452.71
44402496,9,1,2,01097.64
92962812,1,1,1,10436.87
25997384,6,2,1,05587.99
90366710,4,2,2,14667.47
93272064,10,2,2,13813.45
45363215,9,3,1,03362.40
17785841,2,3,2,14555.85
72483581,5,2,2,09393.33
94960059,5,3,1,15399.37
72240142,1,3,1,12486.86
58599006,10,1,2,04504.18
90741944,4,3,1,07846.32
18349751,6,1,2,13400.52
97772815,1,2,2,12118.20
91836492,1,2,2,01728.09
99258496,1,2,1,05898.19
36782254,3,2,2,06050.42
67827485,6,2,2,13863.87
04654030,4,2,1,17489.12
47423674,8,2,1,03316.55
55648182,5,3,1,11276.42
89734245,10,3,1,13023.51
42417500,1,3,2,03418.86
43548242,5,1,2,15389.13
55011347,1,3,1,00786.13
01518112,5,2,1,12247.90
02908027,2,2,2,15695.74
36324133,10,2,1,16980.49
55229646,2,2,2,12744.54
54499417,10,3,2,10797.75
98050322,8,2,1,04547.35
44767924,7,1,1,15228.28
48131035,9,3,1,10792.07
21006584,10,2,2,00330.10
91356389,2,3,2,02707.01
51039609,7,1,2,00181.09
46657960,10,1,2,05885.94
23224256,10,2,2,03194.71
92159755,5,1,1,11842.42
09585515,10,1,2,19523.20
74655300,5,3,1,09081.90
15066232,2,1,1,12652.48
89978227,10,1,1,12532.32
10394267,6,3,1,05307.25
65328293,4,1,1,19154.24
21897350,9,1,1,17607.27
31507755,9,2,2,06409.71
68235392,8,3,2,11433.58
56835059,6,1,2,18757.84
22473569,8,3,2,12342.28
10750818,3,2,1,16500.95
40911125,7,3,1,00684.59
06028198,2,1,2,00711.05
47087682,2,2,2,10589.83
64019014,2,1,1,05896.41
52924196,4,2,1,18127.35
13774498,10,3,1,17592.12
96164828,4,2,1,15514.18
73221821,5,2,1,10007.57
49453062,6,1,2,14239.03
08660588,1,1,1,06387.52
16122038,3,2,2,00368.47
17156879,2,3,1,05512.25
98901316,8,3,2,02284.77
18241564,6,2,2,19558.05
38238832,4,3,1,15479.99
70637742,10,2,1,12181.85
73403375,4,2,2,08246.17
31271117,2,3,1,18310.17
29131179,7,3,2,03473.04
21841868,8,2,2,07179.21
29182498,6,1,2,18526.63
57725962,9,3,2,07892.63
65356020,9,2,1,12671.76
63624076,5,2,1,13553.45
67606859,7,3,2,14892.79
94530681,10,2,2,06777.89
23960337,4,3,1,01153.59
58933421,7,1,2,16421.95
15099180,1,2,1,00301.72
42570163,9,2,2,15369.63
18853997,2,3,1,12444.64
81135819,1,3,2,11677.61
88040698,8,1,1,00131.85
17848893,6,1,1,11445.64
62328743,7,1,2,14640.61
39103885,10,3,2,03774.90
29707313,3,1,2,08276.68
72585859,9,1,2,19192.44
55442718,8,3,1,11769.61
27650872,5,2,2,14506.04
45427708,5,1,1,15815.44
51670896,8,3,2,10339.43
34301437,10,2,1,15355.89
01906789,5,2,1,10807.97
17828951,5,2,1,15361.88
16092901,7,3,1,04221.97
37214562,1,2,1,17725.34
86546922,8,2,2,00083.22
51152572,1,3,2,19589.04
24435437,6,3,1,01720.04
10628152,8,3,2,02708.62
89203178,3,1,1,00773.54
74348434,7,1,2,06741.83
77892549,9,3,1,14950.68
14390908,7,3,2,11276.89
55323692,8,1,1,10529.49
67103340,1,3,1,15816.70
69314949,2,1,2,05554.79
89449710,6,1,1,03689.99
25955435,6,1,2,03850.11
43352723,10,2,2,02221.41
06224366,10,1,1,07977.55
47029045,3,1,1,04843.09
23444616,7,1,1,11736.25
20542542,6,1,2,13252.03
00474209,1,3,2,13978.50
70317724,3,2,1,10866.53
53395711,8,2,2,12926.80
15645791,9,2,1,05501.17
98851922,10,3,2,03311.64
06446884,6,2,1,11533.05
86950059,6,3,1,19321.26
89976891,3,2,1,14888.39
90238466,1,2,1,02904.23
48658819,1,1,1,08957.17
20276213,8,3,1,16977.54
46606757,7,3,1,15674.32
98785670,5,1,2,00836.33
88442426,6,1,2,00298.96
30706943,10,3,2,15854.74
34002662,3,3,2,16073.66
49825689,1,2,1,01915.98
56763760,4,3,2,18016.93
06796848,6,1,1,01521.94
83643202,2,3,2,02984.81
73539470,8,2,2,09592.76
37106058,9,1,1,05392.03
14102253,1,3,1,12301.95
44735682,1,3,1,12567.50
54392537,4,1,2,19912.81
56174935,8,1,1,02772.49
85665906,3,1,2,07704.74
10512009,9,3,2,07807.59
28711033,4,2,2,10742.91
88023357,10,1,2,08936.38
98125836,7,3,2,17377.10
67955585,7,1,1,06313.35
95277127,7,1,1,02857.11
78254911,10,2,1,16282.55
10242225,8,2,2,09585.26
62406766,2,2,2,09121.79
30520109,8,2,2,07240.02
11412215,10,3,2,13864.07
98719033,8,3,2,16398.64
66448244,5,3,1,05849.96
81052906,1,2,1,00511.17
47739056,4,1,1,11654.15
20673568,10,3,1,04944.16
12427464,4,3,2,02399.61
71622039,5,3,2,17466.92
55408434,5,2,1,10077.05
99827760,4,1,2,18484.45
50579959,4,1,1,05488.04
78642989,6,3,2,18310.13
96252581,8,3,2,05576.18
96528797,3,3,1,15553.27
93803125,5,2,2,10247.75
77648251,10,1,1,14197.01
86728369,8,3,1,01239.01
42643678,8,1,2,06831.82
62604115,5,3,1,15732.49
06433693,3,3,2,19567.61
90435084,3,2,1,16074.73
72038830,1,1,1,13013.47
29575638,8,1,1,19995.91
83280872,6,1,1,08302.26
91253081,4,2,2,01673.05
94744691,10,2,1,06571.18
69027815,9,3,2,08186.07
44613993,10,1,1,01858.58
66305138,3,3,2,00268.44
49844150,9,3,1,16519.28
31284020,9,1,2,13889.83
56095895,8,1,2,18832.08
19050711,8,3,2,05683.09
50626230,6,3,2,15559.85
24017368,5,1,1,01166.47
18571978,9,1,1,07877.32
67684749,8,3,2,10153.45
51363690,3,3,2,08211.69
63147846,4,1,2,00552.77
59552759,10,3,2,13704.65
15898380,3,3,1,18178.89
05068302,3,3,2,01065.35
76369990,7,3,2,11500.12
44206371,8,2,2,06807.39
80697004,6,3,1,10321.60
13576445,4,1,2,02654.56
80006161,8,2,1,17627.45
77738328,7,3,1,00364.43
53750579,8,2,1,03196.08
79477172,1,3,1,10644.04
44954503,9,3,2,07376.34
31697606,9,2,1,03462.98
62608427,3,2,1,08822.35
50784128,4,3,1,17168.02
29473232,9,2,2,01563.79
01385927,8,2,2,02791.36
68377827,2,2,1,06107.14
48056054,3,3,1,06913.21
82516546,5,2,1,13609.32
33435411,1,3,2,09213.66
02440697,5,2,1,04656.61
49910222,5,2,2,17607.83
35349640,1,2,1,19764.66
72378676,8,3,1,04617.99
68262409,4,1,1,16340.61
87721997,10,1,2,06652.50
86769439,5,2,2,12755.36
41367297,9,3,2,16690.33
93563580,5,3,2,18008.90
52335142,6,2,2,19829.67
30912024,8,2,1,14234.17
17067702,5,2,2,14257.31
20354458,4,2,2,05976.68
28351753,3,1,2,07406.99
15252488,7,1,1,05274.10
97260843,2,3,2,14797.51
82344009,2,1,2,15349.81
90612971,7,3,1,16394.56
71904560,7,2,1,08725.82
57441903,8,2,2,01549.76
96974683,1,1,1,02218.92
59374137,4,1,2,06860.66
65163048,8,2,1,10082.18
04249128,3,1,2,05527.37
60751242,3,3,2,07235.18
51780631,3,3,2,06398.13
96260257,7,2,2,18345.24
07817546,8,1,2,06360.59
61793193,1,1,2,02524.50
77671868,8,1,1,01269.58
74980880,8,2,2,18711.01
82635009,1,2,1,15468.63
08915898,2,3,1,15855.60
52900334,9,3,1,18564.23
28321099,1,1,1,18131.49
38848369,2,1,1,17722.00
51564779,6,3,2,01406.31
15525339,5,2,2,04617.20
23472229,6,2,2,12125.22
12525083,5,2,1,17753.10
53658385,2,2,1,06139.23
56149055,5,1,1,10834.58
88952003,1,3,1,17464.71
97176429,1,3,2,14056.76
15506123,1,2,1,08018.53
54293516,5,3,1,08432.97
63368797,10,3,1,10220.79
66255468,3,2,2,10601.23
04429082,2,3,2,18996.43
84425482,7,3,2,05379.49
09307596,10,3,2,05918.85
39910017,7,3,2,01440.30
65686163,10,2,2,04065.79
49393598,3,2,1,11967.65
83477173,10,2,1,04181.88
47661174,5,2,2,09306.69
80012401,1,1,2,18787.87
42232941,7,3,1,14912.28
67462365,7,3,2,10321.01
69104832,1,3,2,06854.31
90541624,10,1,1,15346.44
75572407,8,3,1,04362.52
12432019,8,2,2,18189.33
67922104,3,2,2,02200.57
12518037,3,2,1,00956.81
54987469,9,3,1,18865.30
10528259,4,3,1,19650.87
84551362,4,2,2,05998.78
30390527,9,1,2,10046.85
76060798,4,3,1,02510.27
69820370,1,1,2,01957.55
81963785,9,2,2,05180.85
17417328,3,1,2,18224.67
03247761,8,1,2,01386.25
99091739,6,3,2,11891.07
33295074,3,3,1,19639.35
50784785,2,2,2,03919.87
60234150,5,1,1,03572.35
29593631,8,1,2,05612.43
13357750,6,2,2,10874.42
54190093,1,2,1,12110.85
49957394,9,2,2,02537.72
38383473,1,2,2,07332.21
45238098,9,2,1,17867.05
71084615,7,1,1,04978.79
50082752,1,2,1,15686.68
99904605,8,1,1,03144.46
32466446,2,1,1,09554.45
38903902,2,1,2,18807.38
00849871,10,3,1,06492.86
31509367,7,2,1,09365.55
85399875,6,3,1,18761.13
96543118,8,1,1,10241.68
48393668,6,2,1,11355.84
97563362,9,2,2,16992.60
52982996,7,3,1,02622.84
99223244,9,2,2,01197.31
37673313,9,1,2,11953.87
43082196,10,3,1,09648.70
06824485,4,3,2,18958.96
27190059,2,1,2,04745.55
24097933,8,3,2,02826.32
91791435,5,2,2,04353.16
98988739,5,2,1,12949.56
41900827,3,3,1,05931.18
09458015,10,2,1,16571.22
94871576,2,1,1,13595.90
33343053,7,3,1,01685.63
69970679,4,3,2,12087.76
05101519,3,3,1,14492.54
48421248,4,1,1,08346.19
82391096,7,2,1,05494.30
91211656,5,1,2,15861.57
73737606,10,3,1,07389.75
36400473,3,1,2,19279.13
01807569,9,1,1,00179.20
94600585,8,1,1,08698.22
18384513,7,3,1,15577.45
76516056,9,1,1,15120.50
21062680,1,3,2,17593.72
18662750,6,3,2,16290.37
09661540,3,3,1,05347.08
80500506,1,3,2,06024.41
61882314,7,1,1,00176.29
01159202,6,3,2,18887.90
96241800,8,1,2,14335.51
19793082,9,1,1,03400.55
24940648,6,1,1,03934.65
35736520,2,1,2,19997.13
06047447,5,1,2,09856.79
94669594,9,2,2,15542.34
00935670,1,2,2,01944.74
16100993,7,1,1,05809.54
20912153,5,2,2,06377.20
74267347,9,1,1,04756.61
60926871,6,2,2,02172.03
85405452,1,3,2,17019.78
52526954,4,2,1,02459.54
42294510,7,1,2,02582.37
89890502,7,1,2,16580.86
66750927,4,3,1,11563.19
53782574,6,3,1,09591.60
60334752,6,3,2,05785.70
59731880,9,1,1,04229.38
23926953,4,1,2,18482.34
50881727,5,2,2,19769.39
41880267,7,3,1,10427.11
67976548,6,2,2,01602.80
67816191,3,3,2,14170.60
04941914,6,2,1,19290.05
58681774,7,3,2,09388.04
14806356,1,2,1,10782.21
77517119,10,2,2,12773.67
77377418,8,2,1,08696.98
77524126,9,1,2,08898.86
79924321,2,3,2,06111.18
98591682,9,3,1,11845.89
34386221,8,1,1,13887.14
53460611,6,1,2,13537.75
53580020,6,3,2,07826.57
43871725,4,1,1,02288.65
22701152,5,2,1,02953.55
60427561,3,3,2,12523.79
21259538,1,3,2,04614.49
37742043,3,1,1,10691.64
55379914,5,3,1,10160.41
72214976,1,2,1,13878.31
75770029,4,3,2,09974.94
34158851,9,1,1,15789.64
11586244,9,1,1,15081.60
15398004,5,2,2,16107.09
29167388,6,3,1,14462.96
77692699,5,1,1,17731.68
96240954,3,2,1,06180.51
63364225,10,1,1,10474.31
24912746,4,3,2,05275.66
25323576,6,2,2,10070.08
39815859,2,1,1,00912.46
18445086,7,3,2,16810.82
88629693,7,3,2,02739.57
86052601,4,2,2,07994.97
67892734,2,2,2,10930.55
92779263,8,2,2,19969.86
67632917,6,2,1,00731.73
25794194,8,3,2,19817.84
92781940,3,1,1,01117.36
49623211,6,3,2,12180.08
59831244,6,3,1,13184.81
37007514,5,3,2,12727.35
23541264,9,1,2,13396.14
34190705,6,3,1,19817.03
06387338,10,3,2,06247.39
01760924,3,2,2,01364.34
39798286,6,3,1,16838.31
93144645,9,3,1,08317.99
45920985,6,3,1,19721.21
67576015,4,1,2,07484.81
65487171,3,1,2,10058.64
75184874,7,1,1,08177.09
78599552,1,2,1,12505.56
90807216,9,2,1,07419.85
59236794,8,1,2,12537.69
87399201,10,2,2,11909.40
21474813,10,3,2,10167.93
43428221,4,3,2,02358.91
28889559,3,1,1,10567.03
45835168,5,3,1,05157.57
45726154,6,3,1,10609.19
25230797,7,3,1,08477.38
69880505,7,3,1,19612.15
88155768,4,2,1,04066.82
04551616,3,2,1,09749.60
53902309,6,3,1,08746.80
39097333,2,3,2,15716.58
71184634,8,2,1,02331.66
52071869,8,2,2,16161.27
23681731,10,1,1,15433.13
67646010,4,1,2,11436.12
02661233,9,2,2,04032.97
31960833,1,3,1,03154.25
06689606,7,3,2,15949.51
09832848,5,2,1,04924.27
94389658,5,3,1,01255.93
11993136,4,2,2,01859.01
47461563,1,1,2,15900.93
94862596,5,2,2,19344.89
54996269,10,1,2,07518.06
65475286,5,3,1,03451.41
80090305,8,1,2,13797.13
63366357,1,3,2,14457.37
57471769,3,2,2,03824.26
23171754,7,2,1,02806.64
16320539,10,3,2,16336.23
48421607,9,1,1,01408.90
10791427,10,1,1,10989.13
67974816,7,3,2,17043.42
64842963,4,3,1,06110.13
90952774,9,1,1,09783.04
87365710,4,1,2,14509.60
52300035,4,2,2,12200.76
35971546,8,1,2,05952.66
44764233,5,3,2,09441.52
79914537,2,3,2,07612.93
28814572,2,1,2,17706.36
46502895,6,1,2,02762.29
40157518,2,2,1,05197.93
99030972,9,1,1,01669.13
83231209,5,2,1,01009.12
01562652,6,2,1,06026.37
49030703,1,3,1,02095.74
58864017,5,2,1,17033.57
90679517,3,3,2,06489.51
97411750,8,2,2,13360.58
54696229,8,2,1,02907.38
20455933,2,3,2,19641.51
40553281,9,3,1,10701.40
95212116,1,2,2,06507.93
92850427,4,2,1,00018.43
00535050,10,3,2,17864.26
89706039,3,2,2,15309.56
91438851,2,2,1,18394.36
54141112,6,3,1,12581.49
37815419,3,2,2,06941.58
34935622,3,1,2,09164.50
68351536,6,3,2,02512.23
47871971,5,2,1,13530.27
45332094,10,1,1,15475.31
28001381,3,3,2,15712.83
13618473,6,3,1,16331.55
75251192,5,2,2,06116.87
70924447,3,2,2,18288.66
40782865,1,2,1,08080.04
71482087,5,1,2,07830.02
78358588,3,3,1,09432.61
86996191,1,2,2,09498.13
22729181,9,3,1,16209.49
07734441,7,1,1,19378.84
48138510,4,1,2,15565.72
77327445,8,3,2,12186.95
75093153,8,1,1,17057.47
59675085,6,2,2,01233.71
60742099,4,2,2,17840.58
61184562,7,1,2,00315.22
58981562,2,1,1,11815.54
74655146,4,1,1,18632.32
84395000,8,3,1,01624.36
07940789,2,1,2,03729.29
31355201,2,2,2,16080.53
33715293,4,1,1,01057.02
87838179,8,2,2,04594.52
71131254,10,2,2,19738.82
63654650,5,3,1,14746.70
66426333,2,1,1,13854.93
22256593,2,1,1,02394.70
12902418,3,2,1,18841.10
87751464,5,1,1,15184.50
42634183,10,1,1,01345.45
53775409,10,3,2,09481.30
37634918,6,3,1,12092.41
26110100,9,1,2,09969.37
06416909,8,2,1,06152.82
89858999,3,1,2,18315.77
94094109,5,3,1,18808.15
35163391,2,1,1,02585.75
11759241,3,1,2,16240.75
37440832,4,1,2,06501.47
74617557,10,2,1,13772.49
60858602,1,2,1,12959.05
55530775,10,3,2,12420.82
30825917,1,1,2,10424.47
86315737,3,1,2,08556.30
24259873,1,2,1,02280.47
17792000,9,1,2,03584.08
14930761,4,3,1,03404.40
52503744,8,3,2,10560.42
10462021,9,1,1,14800.37
84883848,9,3,1,14452.84
06360242,2,3,1,05041.62
09718078,10,3,1,01010.09
00394357,1,2,2,10579.94
84622232,7,3,2,11960.71
69705247,8,3,1,07406.16
66452113,5,2,2,06783.25
61257921,3,3,1,00301.00
61484220,4,3,2,14022.25
05254137,3,2,1,03916.19
24276781,5,3,1,14196.30
56942952,5,3,2,11553.69
24525565,3,3,2,19230.72
96781938,10,2,2,04334.37
90833355,9,1,2,12252.42
46504049,1,2,2,08573.01
45088017,10,1,2,17924.33
94120512,5,3,1,04056.71
70163398,8,1,2,05175.99
64369995,4,3,1,19520.47
42396682,8,3,1,01292.42
52261168,4,3,2,15156.98
11653234,7,1,1,19977.21
06380035,10,2,1,01634.95
82162440,1,2,1,15975.22
39302596,6,1,2,15786.28
08020752,4,2,2,00907.09
45020647,1,2,1,07255.32
41989601,10,3,2,15139.82
19114478,10,3,1,08118.14
62307381,5,3,2,04952.30
50359650,10,2,1,04851.66
53387958,7,2,1,05848.67
95289685,6,1,2,12202.09
27027912,1,1,1,12323.28
07756339,1,1,1,12151.77
62565413,4,3,2,06833.30
30359716,1,1,2,19075.43
98036767,7,2,1,13773.30
97940509,1,2,1,19080.51
32030694,1,3,2,04124.50
55313114,3,3,2,12778.48
88621695,10,3,2,19252.47
09384394,3,1,1,18761.16
30484540,2,2,2,03070.84
12212002,6,3,1,15538.99
89011515,5,1,2,07502.37
26877253,1,3,1,03509.05
52368269,5,2,1,14727.07
74909932,9,1,2,03996.74
31597407,10,3,2,11218.55
79977801,4,1,1,09866.09
68043249,10,1,1,18991.16
48415615,10,3,2,11774.59
46692826,8,1,1,03750.86
16675370,5,1,1,06256.39
03348968,9,1,2,05637.19
63702916,6,2,2,05583.44
62756244,2,2,1,04390.21
16440998,3,3,2,02112.50
26678744,8,2,2,15474.99
06827922,1,3,1,07082.53
99662799,7,2,1,03585.26
52422779,8,3,2,10932.08
74767844,2,1,2,00747.15
35381444,8,3,2,02318.02
08355441,5,3,1,08115.09
56588209,8,3,1,03929.62
86030810,1,2,2,14124.74
11699804,10,1,2,01060.16
07257166,7,2,2,18828.87
75099884,8,1,1,11078.53
87670700,1,2,2,03210.89
55136339,3,2,1,00120.05
49537316,9,1,2,11400.99
30466687,4,3,2,13042.51
79597249,2,3,1,16761.78
81632398,1,3,2,13554.57
51770749,5,3,2,07026.69
80914754,3,3,2,09548.38
09934583,6,1,2,16546.14
24208415,2,1,2,07436.31
79648769,1,1,1,13840.71
84753287,6,1,1,13269.01
44148598,9,3,1,19644.00
29181309,5,3,1,14518.53
34710885,8,2,2,12387.19
12174925,5,2,1,13298.50
16270052,3,3,1,16972.73
32477777,8,2,2,16575.61
61342511,1,2,1,06780.80
01764958,8,3,1,03757.43
66379141,9,3,1,12102.59
48213492,2,1,2,02844.57
84200874,8,3,2,04604.62
98574702,1,1,1,14051.95
87173270,2,1,1,06335.43
49144560,5,1,1,09512.19
04584233,6,3,1,16545.67
40901081,5,1,1,18633.05
10979525,4,1,2,01429.98
71667398,4,1,1,07669.81
54752304,8,2,1,15385.86
33183473,3,1,2,16631.47
25940230,3,1,2,06303.14
08065719,9,3,1,16482.41
83822904,2,2,2,04019.79
48042449,8,2,2,06119.41
95638084,9,1,1,06126.35
44200247,6,1,2,11997.21
80352644,2,1,1,10993.90
78845307,6,1,1,18302.05
87714256,8,1,1,02818.53
25871292,9,1,2,00948.16
37198638,8,2,1,03053.24
99152110,8,2,2,06014.41
30879979,1,1,1,10961.59
41105237,2,1,1,00383.52
85959505,3,1,1,15506.28
32223069,1,2,1,17007.68
87070668,7,3,2,09998.27
96098930,9,1,1,02351.72
29211240,7,3,2,01357.82
38906866,6,1,1,12046.04
18408750,5,1,1,15762.48
45173591,1,1,2,19495.51
08665812,2,3,2,02891.28
44401042,1,3,1,16896.57
80195987,10,2,2,18533.64
52075901,4,2,2,06792.19
89050992,6,3,2,09963.02
79389130,4,1,2,12287.21
70908502,9,3,2,07922.29
84376079,4,1,2,14758.28
52954010,10,2,1,17785.51
93610336,7,3,2,01726.17
74308134,3,2,2,08530.54
32567330,10,2,2,08624.32
03830293,8,3,2,08547.76
31821353,2,2,2,07619.79
07643075,7,2,2,15389.14
74912135,10,3,1,12338.83
73713488,4,1,1,05367.90
18513624,6,3,2,16638.53
70320160,1,2,2,02709.99
75171070,4,3,2,18475.15
10927242,4,2,2,04351.12
66990758,8,1,2,12717.53
30196952,5,1,1,09833.45
76852944,9,1,2,12518.90
52319130,2,2,2,17470.34
53397872,5,2,1,07001.77
00452336,8,2,2,11399.93
00193590,6,1,1,12206.88
84545842,9,2,1,05432.78
69593204,9,1,1,19801.50
10105731,4,3,1,11096.51
91749485,1,2,2,19088.12
95961634,8,1,2,00235.35
44542689,2,1,2,01957.88
79527203,4,1,2,12358.57
30810182,6,1,1,16721.91
63369267,7,3,2,07543.74
88567464,10,3,1,11013.68
50615769,10,2,1,00987.23
08724767,6,2,1,01190.28
85557855,2,2,1,19396.34
34739765,4,1,2,13981.24
01316506,10,3,1,12496.87
19322549,9,1,1,04983.47
02765107,7,3,1,08122.16
38233311,7,1,1,11625.41
47726430,6,1,1,17702.30
97735027,1,2,1,19993.91
87637471,2,3,1,12956.19
76662637,10,1,2,07505.27
59768110,1,2,2,02760.85
81436891,7,3,2,11571.08
62877571,8,3,1,16329.94
63612866,1,3,1,09639.53
86485759,3,3,2,08697.98
37628298,10,2,1,19822.27
68018952,9,1,1,19841.11
71800779,1,1,1,09468.32
59806048,6,1,1,16464.32
73730729,6,2,2,09558.73
06594577,10,2,2,18218.41
10371374,1,1,1,15036.87
98238013,10,3,2,00183.25
76834337,6,1,2,19850.24
44966267,4,1,1,19291.81
84219056,9,2,1,01951.66
46705771,3,1,1,12439.59
87558180,8,1,2,04183.02
91555653,3,2,2,14298.36
31035240,1,1,1,01525.17
82570563,2,2,2,07380.82
25720033,3,3,1,07080.98
50077259,8,2,1,06674.68
96081064,5,3,2,03291.34
62950818,9,1,2,19411.01
25499303,9,2,2,00637.19
00099384,4,3,2,02101.03
67259263,1,2,2,04767.68
91639911,3,1,1,17339.15
11629156,2,1,1,04269.54
52276551,2,1,2,15467.13
32559370,10,2,1,13672.07
20936242,4,3,1,09884.09
04677678,1,1,1,05903.17
66306279,3,2,2,07860.11
90408022,7,3,1,02254.76
04062594,6,2,1,14914.76
05916744,10,3,2,05446.25
37250934,2,3,1,08117.85
93235392,3,3,2,11032.71
99240900,5,2,2,03460.91
99064504,3,2,1,04571.64
86444065,9,3,2,03609.36
09973558,9,1,1,13722.98
42259856,1,1,2,00566.30
19684064,2,3,1,09408.56
32544303,3,3,2,15076.02
88849579,2,1,2,06600.29
80639241,10,2,2,04828.59
19161927,3,2,2,17296.11
34664126,3,1,1,05516.83
00652998,4,1,2,15518.38
69847682,5,1,1,10837.30
36416524,2,3,2,12662.51
62236090,8,3,2,07516.14
14152698,2,1,1,16748.07
99304768,4,1,2,01706.70
69032926,5,2,2,13084.87
10288073,7,3,1,07629.64
58217877,9,1,2,06157.61
79388596,9,2,1,01898.01
00637642,4,1,2,01864.58
23870155,7,3,2,16002.25
77694708,2,1,2,10239.80
51632126,8,1,2,08358.11
34966632,5,2,2,07493.07
49994502,6,2,1,01221.00
61483398,7,2,1,14078.61
67955261,10,2,2,09579.03
80710877,5,1,1,14182.40
31851885,4,3,2,10708.15
91334849,1,3,2,09306.52
66890718,4,2,1,03855.95
84101124,6,3,1,05026.44
17311984,1,2,1,15315.31
57970805,1,2,2,16960.92
08348273,1,1,1,19941.65
41866776,10,1,2,06663.60
01267324,4,1,1,07341.73
87136702,8,1,2,06377.03
35079239,1,3,1,08341.62
75824566,3,2,1,10659.57
58798462,9,2,1,04423.55
13296598,8,3,2,18301.76
81948617,6,2,2,11561.42
18848414,3,1,2,00709.35
77612362,7,1,1,14776.78
14467979,1,1,1,11223.96
18402098,4,2,1,14709.73
16936965,3,3,2,10943.82
97310169,1,2,1,00654.78
89494536,3,1,2,06927.34
16801713,8,3,1,08168.26
65787994,3,1,1,18308.63
41919940,7,1,1,12013.60
59720849,4,2,2,10959.36
10672232,4,3,1,06070.14
19104699,3,3,2,01207.11
87869791,8,1,1,09558.38
37009944,7,3,2,13544.30
17478884,9,2,2,01040.43
40985961,7,2,1,01732.14
40939603,1,1,2,08797.96
19008822,2,2,2,19791.77
55772280,7,1,2,04299.84
48946965,10,1,2,03577.68
99787937,8,3,1,12611.14
26530409,6,2,2,04268.74
49241848,2,1,2,12452.29
86158042,2,1,1,15796.44
12423936,1,1,2,17496.22
43407843,4,3,2,05976.06
48041521,3,3,2,12896.91
22561742,4,1,2,10733.08
98569379,4,2,2,08014.00
26492841,6,1,1,12868.45
53677850,1,1,1,09494.76
87963328,3,1,1,04335.34
83731300,5,3,1,05318.76
70318102,8,3,2,17213.99
69652994,5,1,2,03894.86
02537383,6,2,1,11988.09
75269868,7,2,2,07553.28
94230922,3,1,2,01980.76
88410384,4,3,2,07223.59
85344221,9,3,1,10914.97
36935526,9,1,1,07034.62
91891846,5,3,1,11814.72
67048040,5,1,2,10425.74
21443278,2,3,2,12687.64
65971659,9,2,1,00518.05
68409443,10,2,2,05299.94
33965285,5,3,2,02496.84
73071013,9,1,1,15756.48
95154844,4,1,2,19473.45
85317974,1,2,1,09462.08
94964314,2,1,2,01364.33
54471126,6,3,2,00502.16
75602609,8,3,1,13450.68
43982979,9,3,1,17921.05
99596227,2,3,2,00043.07
74909751,4,3,2,16629.73
66848554,5,2,2,16362.61
67321839,6,3,2,18463.83
27069201,7,1,2,01557.49
64508115,2,1,1,08088.77
99425306,3,3,1,18963.35
61050243,1,2,1,18147.15
59098493,1,3,2,08215.73
07171259,1,3,2,19634.24
56593385,3,1,1,19004.18
60274467,2,2,2,04029.95
37612368,10,1,2,05311.78
41426746,10,2,1,14529.24
14473270,10,1,2,15892.17
23420482,1,3,1,06993.18
26931887,3,2,1,03787.06
36952977,8,2,1,18031.07
05974083,4,1,1,14272.61
15988913,10,3,2,18253.59
51420994,8,2,1,07515.59
33096002,10,3,2,06962.44
64522500,3,3,2,10970.52
93649093,4,1,2,10264.02
99612040,1,1,1,11785.78
38497706,3,1,1,19042.33
23934044,10,3,2,12466.94
85404959,8,1,2,17094.54
01726422,9,3,1,02996.01
85833984,3,3,2,15205.10
58514922,6,3,1,17704.14
56306577,3,2,2,16924.06
33493348,3,3,1,05187.91
95829629,9,1,1,09037.83
33148653,4,2,2,13967.65
69294952,5,1,2,06023.14
34675779,1,1,2,00688.03
57232330,9,3,1,09917.45
35332684,6,3,2,06784.68
38809999,3,2,1,07820.22
43581894,10,2,1,00409.48
42245329,6,3,1,07249.92
45374457,2,3,1,15986.22
